날짜,월,채널,결제금액_KRW,결제금액_USD,상품수
2025-01-01,2025-01,국내자사몰,47730.0,,1
2025-01-01,2025-01,국내자사몰,65190.0,,1
2025-01-01,2025-01,국내자사몰,97320.0,,2
2025-01-01,2025-01,국내자사몰,91830.0,,1
2025-01-01,2025-01,국내자사몰,148530.0,,1
2025-01-01,2025-01,국내자사몰,91830.0,,1
2025-01-01,2025-01,국내자사몰,173730.0,,1
2025-01-01,2025-01,국내자사몰,163820.0,,1
2025-01-01,2025-01,국내자사몰,82110.0,,3
2025-01-01,2025-01,국내자사몰,48535.0,,1
2025-01-01,2025-01,국내자사몰,51020.0,,1
2025-01-01,2025-01,국내자사몰,140445.0,,1
2025-01-01,2025-01,국내자사몰,91830.0,,1
2025-01-01,2025-01,국내자사몰,65190.0,,1
2025-01-01,2025-01,국내자사몰,68190.0,,1
2025-01-01,2025-01,국내자사몰,207420.0,,2
2025-01-01,2025-01,국내자사몰,47730.0,,1
2025-01-01,2025-01,국내자사몰,191370.0,,1
2025-01-01,2025-01,국내자사몰,65190.0,,1
2025-01-01,2025-01,국내자사몰,159330.0,,2
2025-01-01,2025-01,국내자사몰,71670.0,,1
2025-01-01,2025-01,국내자사몰,191370.0,,1
2025-01-02,2025-01,국내자사몰,93300.0,,1
2025-01-02,2025-01,국내자사몰,173730.0,,1
2025-01-02,2025-01,국내자사몰,117750.0,,1
2025-01-02,2025-01,국내자사몰,124500.0,,1
2025-01-02,2025-01,국내자사몰,205810.0,,2
2025-01-02,2025-01,국내자사몰,65190.0,,1
2025-01-02,2025-01,국내자사몰,153000.0,,2
2025-01-02,2025-01,국내자사몰,47730.0,,1
2025-01-02,2025-01,국내자사몰,164550.0,,1
2025-01-02,2025-01,국내자사몰,65190.0,,1
2025-01-02,2025-01,국내자사몰,47730.0,,1
2025-01-02,2025-01,국내자사몰,90300.0,,3
2025-01-02,2025-01,국내자사몰,65190.0,,1
2025-01-02,2025-01,국내자사몰,47730.0,,1
2025-01-02,2025-01,국내자사몰,25950.0,,1
2025-01-02,2025-01,국내자사몰,124500.0,,1
2025-01-02,2025-01,국내자사몰,91830.0,,1
2025-01-02,2025-01,국내자사몰,47730.0,,1
2025-01-02,2025-01,국내자사몰,91830.0,,1
2025-01-02,2025-01,국내자사몰,173730.0,,1
2025-01-02,2025-01,국내자사몰,164245.0,,1
2025-01-02,2025-01,국내자사몰,47730.0,,1
2025-01-02,2025-01,국내자사몰,65190.0,,1
2025-01-02,2025-01,국내자사몰,191370.0,,1
2025-01-02,2025-01,국내자사몰,65190.0,,1
2025-01-02,2025-01,국내자사몰,173730.0,,1
2025-01-03,2025-01,국내자사몰,72100.0,,1
2025-01-03,2025-01,국내자사몰,38700.0,,1
2025-01-03,2025-01,국내자사몰,146100.0,,1
2025-01-03,2025-01,국내자사몰,146100.0,,1
2025-01-03,2025-01,국내자사몰,134750.0,,1
2025-01-03,2025-01,국내자사몰,146100.0,,1
2025-01-03,2025-01,국내자사몰,110325.0,,1
2025-01-03,2025-01,국내자사몰,91830.0,,1
2025-01-03,2025-01,국내자사몰,173730.0,,1
2025-01-03,2025-01,국내자사몰,52700.0,,1
2025-01-03,2025-01,국내자사몰,65190.0,,1
2025-01-03,2025-01,국내자사몰,91830.0,,1
2025-01-03,2025-01,국내자사몰,191370.0,,1
2025-01-03,2025-01,국내자사몰,124500.0,,1
2025-01-03,2025-01,국내자사몰,162975.0,,2
2025-01-03,2025-01,국내자사몰,148530.0,,1
2025-01-03,2025-01,국내자사몰,53235.0,,1
2025-01-03,2025-01,국내자사몰,100200.0,,1
2025-01-03,2025-01,국내자사몰,91830.0,,1
2025-01-03,2025-01,국내자사몰,173730.0,,1
2025-01-03,2025-01,국내자사몰,35130.0,,1
2025-01-03,2025-01,국내자사몰,140445.0,,1
2025-01-03,2025-01,국내자사몰,101370.0,,2
2025-01-03,2025-01,국내자사몰,56190.0,,1
2025-01-03,2025-01,국내자사몰,173730.0,,1
2025-01-03,2025-01,국내자사몰,101700.0,,1
2025-01-04,2025-01,국내자사몰,212300.0,,1
2025-01-04,2025-01,국내자사몰,191370.0,,1
2025-01-04,2025-01,국내자사몰,47730.0,,1
2025-01-04,2025-01,국내자사몰,56190.0,,1
2025-01-04,2025-01,국내자사몰,86895.0,,1
2025-01-04,2025-01,국내자사몰,146100.0,,1
2025-01-04,2025-01,국내자사몰,91830.0,,1
2025-01-04,2025-01,국내자사몰,164700.0,,1
2025-01-04,2025-01,국내자사몰,91830.0,,1
2025-01-04,2025-01,국내자사몰,146100.0,,1
2025-01-04,2025-01,국내자사몰,257660.0,,2
2025-01-04,2025-01,국내자사몰,65190.0,,1
2025-01-04,2025-01,국내자사몰,76750.0,,2
2025-01-04,2025-01,국내자사몰,131790.0,,3
2025-01-04,2025-01,국내자사몰,65190.0,,1
2025-01-04,2025-01,국내자사몰,65190.0,,1
2025-01-04,2025-01,국내자사몰,32700.0,,1
2025-01-04,2025-01,국내자사몰,124500.0,,1
2025-01-04,2025-01,국내자사몰,65190.0,,1
2025-01-04,2025-01,국내자사몰,192700.0,,1
2025-01-04,2025-01,국내자사몰,204905.0,,1
2025-01-04,2025-01,국내자사몰,142500.0,,1
2025-01-04,2025-01,국내자사몰,62100.0,,1
2025-01-04,2025-01,국내자사몰,65190.0,,1
2025-01-04,2025-01,국내자사몰,62100.0,,1
2025-01-04,2025-01,국내자사몰,56190.0,,1
2025-01-05,2025-01,국내자사몰,173730.0,,1
2025-01-05,2025-01,국내자사몰,223500.0,,2
2025-01-05,2025-01,국내자사몰,142230.0,,1
2025-01-05,2025-01,국내자사몰,65190.0,,1
2025-01-05,2025-01,국내자사몰,255000.0,,2
2025-01-05,2025-01,국내자사몰,162000.0,,1
2025-01-05,2025-01,국내자사몰,62100.0,,1
2025-01-05,2025-01,국내자사몰,173730.0,,1
2025-01-05,2025-01,국내자사몰,52700.0,,1
2025-01-05,2025-01,국내자사몰,173730.0,,1
2025-01-05,2025-01,국내자사몰,47730.0,,1
2025-01-05,2025-01,국내자사몰,124500.0,,1
2025-01-05,2025-01,국내자사몰,72100.0,,1
2025-01-05,2025-01,국내자사몰,65190.0,,1
2025-01-05,2025-01,국내자사몰,192700.0,,1
2025-01-05,2025-01,국내자사몰,72100.0,,1
2025-01-05,2025-01,국내자사몰,146460.0,,2
2025-01-05,2025-01,국내자사몰,142500.0,,1
2025-01-05,2025-01,국내자사몰,101700.0,,1
2025-01-05,2025-01,국내자사몰,211170.0,,4
2025-01-05,2025-01,국내자사몰,47730.0,,1
2025-01-05,2025-01,국내자사몰,73210.0,,2
2025-01-05,2025-01,국내자사몰,146100.0,,1
2025-01-05,2025-01,국내자사몰,56190.0,,1
2025-01-05,2025-01,국내자사몰,195690.0,,2
2025-01-06,2025-01,국내자사몰,180905.0,,1
2025-01-06,2025-01,국내자사몰,86895.0,,1
2025-01-06,2025-01,국내자사몰,35130.0,,1
2025-01-06,2025-01,국내자사몰,47730.0,,1
2025-01-06,2025-01,국내자사몰,142500.0,,1
2025-01-06,2025-01,국내자사몰,35130.0,,1
2025-01-06,2025-01,국내자사몰,47730.0,,1
2025-01-06,2025-01,국내자사몰,62075.0,,1
2025-01-06,2025-01,국내자사몰,65190.0,,1
2025-01-06,2025-01,국내자사몰,91830.0,,1
2025-01-06,2025-01,국내자사몰,192700.0,,1
2025-01-06,2025-01,국내자사몰,72100.0,,1
2025-01-06,2025-01,국내자사몰,146100.0,,1
2025-01-06,2025-01,국내자사몰,45245.0,,1
2025-01-06,2025-01,국내자사몰,128550.0,,1
2025-01-06,2025-01,국내자사몰,45245.0,,1
2025-01-06,2025-01,국내자사몰,91830.0,,1
2025-01-06,2025-01,국내자사몰,65190.0,,1
2025-01-06,2025-01,국내자사몰,58971.0,,1
2025-01-07,2025-01,국내자사몰,91830.0,,1
2025-01-07,2025-01,국내자사몰,91830.0,,1
2025-01-07,2025-01,국내자사몰,447150.0,,5
2025-01-07,2025-01,국내자사몰,142500.0,,1
2025-01-07,2025-01,국내자사몰,386347.0,,4
2025-01-07,2025-01,국내자사몰,101700.0,,1
2025-01-07,2025-01,국내자사몰,173730.0,,1
2025-01-07,2025-01,국내자사몰,47730.0,,1
2025-01-07,2025-01,국내자사몰,117750.0,,1
2025-01-07,2025-01,국내자사몰,124500.0,,1
2025-01-07,2025-01,국내자사몰,148530.0,,1
2025-01-07,2025-01,국내자사몰,191370.0,,1
2025-01-07,2025-01,국내자사몰,173730.0,,1
2025-01-07,2025-01,국내자사몰,47730.0,,1
2025-01-07,2025-01,국내자사몰,65775.0,,2
2025-01-07,2025-01,국내자사몰,160500.0,,1
2025-01-07,2025-01,국내자사몰,178000.0,,1
2025-01-07,2025-01,국내자사몰,148530.0,,1
2025-01-07,2025-01,국내자사몰,91830.0,,1
2025-01-07,2025-01,국내자사몰,10000.0,,1
2025-01-07,2025-01,국내자사몰,65190.0,,1
2025-01-07,2025-01,국내자사몰,94830.0,,1
2025-01-07,2025-01,국내자사몰,201731.0,,3
2025-01-07,2025-01,국내자사몰,56190.0,,1
2025-01-07,2025-01,국내자사몰,248250.0,,2
2025-01-07,2025-01,국내자사몰,142500.0,,1
2025-01-08,2025-01,국내자사몰,53235.0,,1
2025-01-08,2025-01,국내자사몰,191370.0,,1
2025-01-08,2025-01,국내자사몰,72300.0,,1
2025-01-08,2025-01,국내자사몰,191370.0,,1
2025-01-08,2025-01,국내자사몰,65190.0,,1
2025-01-08,2025-01,국내자사몰,173730.0,,1
2025-01-08,2025-01,국내자사몰,110325.0,,1
2025-01-08,2025-01,국내자사몰,82210.0,,1
2025-01-08,2025-01,국내자사몰,111000.0,,1
2025-01-08,2025-01,국내자사몰,173730.0,,1
2025-01-08,2025-01,국내자사몰,195690.0,,2
2025-01-08,2025-01,국내자사몰,359859.0,,3
2025-01-08,2025-01,국내자사몰,217100.0,,2
2025-01-08,2025-01,국내자사몰,65190.0,,1
2025-01-08,2025-01,국내자사몰,25500.0,,1
2025-01-08,2025-01,국내자사몰,91830.0,,1
2025-01-08,2025-01,국내자사몰,38700.0,,1
2025-01-08,2025-01,국내자사몰,115950.0,,2
2025-01-08,2025-01,국내자사몰,180905.0,,1
2025-01-08,2025-01,국내자사몰,72100.0,,1
2025-01-08,2025-01,국내자사몰,284400.0,,3
2025-01-08,2025-01,국내자사몰,65190.0,,1
2025-01-08,2025-01,국내자사몰,65190.0,,1
2025-01-08,2025-01,국내자사몰,101700.0,,1
2025-01-08,2025-01,국내자사몰,201180.0,,2
2025-01-08,2025-01,국내자사몰,148530.0,,1
2025-01-08,2025-01,국내자사몰,65190.0,,1
2025-01-08,2025-01,국내자사몰,178000.0,,1
2025-01-08,2025-01,국내자사몰,61735.0,,1
2025-01-09,2025-01,국내자사몰,56190.0,,1
2025-01-09,2025-01,국내자사몰,188400.0,,3
2025-01-09,2025-01,국내자사몰,143670.0,,2
2025-01-09,2025-01,국내자사몰,173730.0,,1
2025-01-09,2025-01,국내자사몰,47730.0,,1
2025-01-09,2025-01,국내자사몰,72100.0,,1
2025-01-09,2025-01,국내자사몰,72100.0,,1
2025-01-09,2025-01,국내자사몰,62100.0,,1
2025-01-09,2025-01,국내자사몰,36345.0,,1
2025-01-09,2025-01,국내자사몰,101700.0,,1
2025-01-09,2025-01,국내자사몰,65190.0,,1
2025-01-09,2025-01,국내자사몰,56190.0,,1
2025-01-09,2025-01,국내자사몰,62100.0,,1
2025-01-09,2025-01,국내자사몰,56190.0,,1
2025-01-09,2025-01,국내자사몰,65550.0,,1
2025-01-09,2025-01,국내자사몰,91830.0,,1
2025-01-09,2025-01,국내자사몰,178000.0,,1
2025-01-09,2025-01,국내자사몰,191370.0,,1
2025-01-09,2025-01,국내자사몰,142500.0,,1
2025-01-09,2025-01,국내자사몰,35130.0,,1
2025-01-09,2025-01,국내자사몰,47730.0,,1
2025-01-10,2025-01,국내자사몰,65190.0,,1
2025-01-10,2025-01,국내자사몰,178140.0,,2
2025-01-10,2025-01,국내자사몰,365550.0,,5
2025-01-10,2025-01,국내자사몰,61735.0,,1
2025-01-10,2025-01,국내자사몰,147900.0,,1
2025-01-10,2025-01,국내자사몰,91200.0,,2
2025-01-10,2025-01,국내자사몰,40825.0,,2
2025-01-10,2025-01,국내자사몰,184300.0,,2
2025-01-10,2025-01,국내자사몰,84270.0,,1
2025-01-10,2025-01,국내자사몰,65190.0,,1
2025-01-10,2025-01,국내자사몰,65190.0,,1
2025-01-10,2025-01,국내자사몰,35130.0,,1
2025-01-10,2025-01,국내자사몰,79815.0,,2
2025-01-10,2025-01,국내자사몰,91830.0,,1
2025-01-10,2025-01,국내자사몰,65190.0,,1
2025-01-10,2025-01,국내자사몰,47730.0,,1
2025-01-11,2025-01,국내자사몰,194370.0,,1
2025-01-11,2025-01,국내자사몰,65190.0,,1
2025-01-11,2025-01,국내자사몰,173730.0,,1
2025-01-11,2025-01,국내자사몰,65190.0,,1
2025-01-11,2025-01,국내자사몰,173730.0,,1
2025-01-11,2025-01,국내자사몰,65190.0,,1
2025-01-11,2025-01,국내자사몰,142230.0,,1
2025-01-11,2025-01,국내자사몰,192700.0,,1
2025-01-11,2025-01,국내자사몰,136560.0,,2
2025-01-11,2025-01,국내자사몰,47730.0,,1
2025-01-11,2025-01,국내자사몰,104380.0,,2
2025-01-11,2025-01,국내자사몰,65190.0,,1
2025-01-12,2025-01,국내자사몰,74400.0,,2
2025-01-12,2025-01,국내자사몰,128550.0,,1
2025-01-12,2025-01,국내자사몰,97752.0,,1
2025-01-12,2025-01,국내자사몰,65190.0,,1
2025-01-12,2025-01,국내자사몰,62100.0,,1
2025-01-12,2025-01,국내자사몰,56190.0,,1
2025-01-12,2025-01,국내자사몰,138999.0,,1
2025-01-12,2025-01,국내자사몰,56190.0,,1
2025-01-12,2025-01,국내자사몰,47730.0,,1
2025-01-12,2025-01,국내자사몰,173730.0,,1
2025-01-12,2025-01,국내자사몰,62100.0,,1
2025-01-12,2025-01,국내자사몰,65190.0,,1
2025-01-12,2025-01,국내자사몰,65190.0,,1
2025-01-12,2025-01,국내자사몰,192000.0,,2
2025-01-12,2025-01,국내자사몰,47730.0,,1
2025-01-12,2025-01,국내자사몰,146100.0,,1
2025-01-12,2025-01,국내자사몰,47730.0,,1
2025-01-12,2025-01,국내자사몰,56190.0,,1
2025-01-12,2025-01,국내자사몰,65550.0,,1
2025-01-12,2025-01,국내자사몰,52700.0,,1
2025-01-12,2025-01,국내자사몰,67530.0,,2
2025-01-12,2025-01,국내자사몰,56190.0,,1
2025-01-12,2025-01,국내자사몰,172200.0,,2
2025-01-12,2025-01,국내자사몰,100920.0,,2
2025-01-12,2025-01,국내자사몰,154020.0,,2
2025-01-12,2025-01,국내자사몰,97000.0,,1
2025-01-12,2025-01,국내자사몰,142500.0,,1
2025-01-12,2025-01,국내자사몰,194900.0,,2
2025-01-12,2025-01,국내자사몰,197600.0,,2
2025-01-12,2025-01,해외자사몰,180960.0,124.8,3
2025-01-12,2025-01,해외자사몰,202565.0,139.7,1
2025-01-13,2025-01,국내자사몰,120450.0,,3
2025-01-13,2025-01,국내자사몰,103800.0,,2
2025-01-13,2025-01,국내자사몰,115500.0,,2
2025-01-13,2025-01,국내자사몰,72100.0,,1
2025-01-13,2025-01,국내자사몰,97000.0,,1
2025-01-13,2025-01,국내자사몰,65190.0,,1
2025-01-13,2025-01,국내자사몰,56190.0,,1
2025-01-13,2025-01,국내자사몰,65433.0,,1
2025-01-13,2025-01,국내자사몰,38700.0,,1
2025-01-13,2025-01,국내자사몰,184440.0,,1
2025-01-13,2025-01,국내자사몰,65190.0,,1
2025-01-13,2025-01,국내자사몰,147900.0,,1
2025-01-13,2025-01,국내자사몰,52700.0,,1
2025-01-13,2025-01,국내자사몰,38700.0,,1
2025-01-13,2025-01,국내자사몰,65190.0,,1
2025-01-13,2025-01,국내자사몰,118200.0,,2
2025-01-13,2025-01,국내자사몰,154110.0,,1
2025-01-13,2025-01,국내자사몰,146100.0,,1
2025-01-13,2025-01,국내자사몰,65190.0,,1
2025-01-13,2025-01,국내자사몰,28500.0,,1
2025-01-13,2025-01,국내자사몰,52700.0,,1
2025-01-13,2025-01,국내자사몰,65190.0,,1
2025-01-14,2025-01,국내자사몰,101700.0,,1
2025-01-14,2025-01,국내자사몰,154020.0,,2
2025-01-14,2025-01,국내자사몰,52700.0,,1
2025-01-14,2025-01,국내자사몰,142500.0,,1
2025-01-14,2025-01,국내자사몰,68190.0,,1
2025-01-14,2025-01,국내자사몰,62776.0,,1
2025-01-14,2025-01,국내자사몰,65190.0,,1
2025-01-14,2025-01,국내자사몰,91830.0,,1
2025-01-14,2025-01,국내자사몰,143238.0,,1
2025-01-14,2025-01,국내자사몰,244380.0,,5
2025-01-14,2025-01,국내자사몰,88400.0,,2
2025-01-14,2025-01,국내자사몰,47730.0,,1
2025-01-14,2025-01,국내자사몰,65190.0,,1
2025-01-14,2025-01,국내자사몰,162000.0,,1
2025-01-14,2025-01,국내자사몰,91830.0,,1
2025-01-14,2025-01,국내자사몰,52700.0,,1
2025-01-14,2025-01,국내자사몰,52700.0,,1
2025-01-14,2025-01,국내자사몰,107895.0,,2
2025-01-14,2025-01,국내자사몰,183900.0,,2
2025-01-14,2025-01,국내자사몰,62100.0,,1
2025-01-14,2025-01,국내자사몰,146100.0,,1
2025-01-14,2025-01,국내자사몰,134220.0,,4
2025-01-14,2025-01,해외자사몰,207640.0,143.2,1
2025-01-14,2025-01,해외자사몰,178930.0,123.4,1
2025-01-15,2025-01,국내자사몰,55275.0,,1
2025-01-15,2025-01,국내자사몰,129650.0,,1
2025-01-15,2025-01,국내자사몰,58350.0,,1
2025-01-15,2025-01,국내자사몰,55650.0,,1
2025-01-15,2025-01,국내자사몰,122850.0,,1
2025-01-15,2025-01,국내자사몰,91830.0,,1
2025-01-15,2025-01,국내자사몰,56190.0,,1
2025-01-15,2025-01,국내자사몰,62100.0,,1
2025-01-15,2025-01,국내자사몰,58350.0,,1
2025-01-15,2025-01,국내자사몰,47730.0,,1
2025-01-15,2025-01,국내자사몰,128816.0,,1
2025-01-15,2025-01,국내자사몰,101700.0,,1
2025-01-15,2025-01,국내자사몰,24250.0,,1
2025-01-15,2025-01,국내자사몰,164100.0,,1
2025-01-15,2025-01,국내자사몰,448750.0,,5
2025-01-15,2025-01,국내자사몰,56190.0,,1
2025-01-15,2025-01,국내자사몰,164100.0,,1
2025-01-15,2025-01,국내자사몰,56190.0,,1
2025-01-15,2025-01,국내자사몰,58350.0,,1
2025-01-15,2025-01,국내자사몰,97000.0,,1
2025-01-15,2025-01,국내자사몰,216660.0,,3
2025-01-15,2025-01,국내자사몰,91830.0,,1
2025-01-15,2025-01,국내자사몰,195420.0,,2
2025-01-15,2025-01,국내자사몰,282277.0,,2
2025-01-15,2025-01,국내자사몰,52700.0,,1
2025-01-15,2025-01,국내자사몰,145230.0,,1
2025-01-15,2025-01,국내자사몰,72100.0,,1
2025-01-15,2025-01,국내자사몰,109920.0,,2
2025-01-15,2025-01,국내자사몰,303510.0,,4
2025-01-15,2025-01,국내자사몰,21105.0,,1
2025-01-15,2025-01,국내자사몰,91830.0,,1
2025-01-15,2025-01,국내자사몰,146640.0,,2
2025-01-15,2025-01,국내자사몰,65190.0,,1
2025-01-15,2025-01,국내자사몰,31512.0,,1
2025-01-15,2025-01,국내자사몰,208470.0,,4
2025-01-15,2025-01,국내자사몰,47730.0,,1
2025-01-15,2025-01,국내자사몰,91830.0,,1
2025-01-15,2025-01,국내자사몰,147900.0,,1
2025-01-15,2025-01,국내자사몰,30900.0,,1
2025-01-15,2025-01,국내자사몰,87600.0,,1
2025-01-15,2025-01,국내자사몰,162000.0,,1
2025-01-15,2025-01,해외자사몰,207640.0,143.2,1
2025-01-16,2025-01,국내자사몰,127525.0,,2
2025-01-16,2025-01,국내자사몰,91830.0,,1
2025-01-16,2025-01,국내자사몰,164100.0,,1
2025-01-16,2025-01,국내자사몰,164100.0,,1
2025-01-16,2025-01,국내자사몰,368755.0,,3
2025-01-16,2025-01,국내자사몰,216700.0,,3
2025-01-16,2025-01,국내자사몰,56190.0,,1
2025-01-16,2025-01,국내자사몰,217290.0,,2
2025-01-16,2025-01,국내자사몰,139850.0,,1
2025-01-16,2025-01,국내자사몰,91830.0,,1
2025-01-16,2025-01,국내자사몰,58350.0,,1
2025-01-16,2025-01,국내자사몰,129900.0,,1
2025-01-16,2025-01,국내자사몰,144000.0,,1
2025-01-16,2025-01,국내자사몰,55275.0,,1
2025-01-16,2025-01,국내자사몰,56190.0,,1
2025-01-16,2025-01,국내자사몰,47730.0,,1
2025-01-16,2025-01,국내자사몰,47730.0,,1
2025-01-16,2025-01,국내자사몰,225000.0,,2
2025-01-16,2025-01,국내자사몰,56190.0,,1
2025-01-16,2025-01,국내자사몰,91830.0,,1
2025-01-16,2025-01,국내자사몰,155150.0,,1
2025-01-16,2025-01,국내자사몰,64500.0,,1
2025-01-16,2025-01,국내자사몰,155150.0,,1
2025-01-16,2025-01,국내자사몰,101700.0,,1
2025-01-16,2025-01,국내자사몰,91830.0,,1
2025-01-16,2025-01,국내자사몰,58350.0,,1
2025-01-16,2025-01,국내자사몰,56190.0,,1
2025-01-16,2025-01,국내자사몰,129900.0,,1
2025-01-16,2025-01,국내자사몰,45245.0,,1
2025-01-16,2025-01,국내자사몰,164245.0,,1
2025-01-16,2025-01,국내자사몰,56190.0,,1
2025-01-16,2025-01,국내자사몰,122850.0,,1
2025-01-16,2025-01,해외자사몰,71050.0,49.0,1
2025-01-16,2025-01,해외자사몰,216485.00000000003,149.3,1
2025-01-16,2025-01,해외자사몰,207640.0,143.2,1
2025-01-16,2025-01,해외자사몰,207640.0,143.2,1
2025-01-16,2025-01,해외자사몰,207640.0,143.2,1
2025-01-16,2025-01,해외자사몰,230985.00000000003,159.3,3
2025-01-16,2025-01,해외자사몰,148770.0,102.6,2
2025-01-17,2025-01,국내자사몰,154380.0,,2
2025-01-17,2025-01,국내자사몰,129900.0,,1
2025-01-17,2025-01,국내자사몰,64500.0,,1
2025-01-17,2025-01,국내자사몰,298200.0,,2
2025-01-17,2025-01,국내자사몰,47730.0,,1
2025-01-17,2025-01,국내자사몰,84855.0,,2
2025-01-17,2025-01,국내자사몰,144000.0,,1
2025-01-17,2025-01,국내자사몰,58350.0,,1
2025-01-17,2025-01,국내자사몰,52700.0,,1
2025-01-17,2025-01,국내자사몰,129900.0,,1
2025-01-17,2025-01,국내자사몰,217380.0,,2
2025-01-17,2025-01,국내자사몰,62100.0,,1
2025-01-17,2025-01,국내자사몰,270500.0,,4
2025-01-17,2025-01,국내자사몰,182000.0,,1
2025-01-17,2025-01,국내자사몰,58350.0,,1
2025-01-17,2025-01,국내자사몰,128550.0,,1
2025-01-17,2025-01,국내자사몰,164100.0,,1
2025-01-17,2025-01,국내자사몰,164100.0,,1
2025-01-17,2025-01,국내자사몰,128550.0,,1
2025-01-17,2025-01,해외자사몰,152395.0,105.1,3
2025-01-17,2025-01,해외자사몰,210830.0,145.4,4
2025-01-17,2025-01,해외자사몰,149930.0,103.4,1
2025-01-17,2025-01,해외자사몰,160080.0,110.4,1
2025-01-18,2025-01,국내자사몰,130075.0,,2
2025-01-18,2025-01,국내자사몰,35130.0,,1
2025-01-18,2025-01,국내자사몰,86895.0,,1
2025-01-18,2025-01,국내자사몰,163200.0,,2
2025-01-18,2025-01,국내자사몰,182000.0,,1
2025-01-18,2025-01,국내자사몰,129900.0,,1
2025-01-18,2025-01,국내자사몰,91830.0,,1
2025-01-18,2025-01,국내자사몰,72300.0,,1
2025-01-18,2025-01,국내자사몰,142500.0,,1
2025-01-18,2025-01,국내자사몰,144000.0,,1
2025-01-18,2025-01,국내자사몰,58350.0,,1
2025-01-18,2025-01,국내자사몰,137100.0,,1
2025-01-18,2025-01,국내자사몰,58350.0,,1
2025-01-18,2025-01,국내자사몰,58350.0,,1
2025-01-18,2025-01,국내자사몰,64500.0,,1
2025-01-18,2025-01,국내자사몰,56190.0,,1
2025-01-18,2025-01,국내자사몰,64500.0,,1
2025-01-18,2025-01,국내자사몰,58350.0,,1
2025-01-18,2025-01,국내자사몰,58350.0,,1
2025-01-18,2025-01,국내자사몰,129900.0,,1
2025-01-18,2025-01,국내자사몰,72500.0,,1
2025-01-18,2025-01,국내자사몰,299100.0,,3
2025-01-18,2025-01,국내자사몰,58350.0,,1
2025-01-18,2025-01,국내자사몰,113700.0,,2
2025-01-18,2025-01,국내자사몰,129650.0,,1
2025-01-18,2025-01,국내자사몰,72300.0,,1
2025-01-18,2025-01,국내자사몰,58350.0,,1
2025-01-18,2025-01,국내자사몰,64500.0,,1
2025-01-18,2025-01,국내자사몰,225930.0,,2
2025-01-18,2025-01,국내자사몰,56190.0,,1
2025-01-18,2025-01,국내자사몰,147900.0,,1
2025-01-18,2025-01,국내자사몰,94830.0,,1
2025-01-18,2025-01,국내자사몰,55275.0,,1
2025-01-18,2025-01,해외자사몰,71050.0,49.0,1
2025-01-18,2025-01,해외자사몰,207640.0,143.2,1
2025-01-18,2025-01,해외자사몰,202565.0,139.7,1
2025-01-19,2025-01,국내자사몰,62100.0,,1
2025-01-19,2025-01,국내자사몰,147900.0,,1
2025-01-19,2025-01,국내자사몰,147900.0,,1
2025-01-19,2025-01,국내자사몰,164100.0,,1
2025-01-19,2025-01,국내자사몰,52700.0,,1
2025-01-19,2025-01,국내자사몰,91830.0,,1
2025-01-19,2025-01,국내자사몰,58350.0,,1
2025-01-19,2025-01,국내자사몰,142500.0,,1
2025-01-19,2025-01,국내자사몰,58350.0,,1
2025-01-19,2025-01,국내자사몰,47730.0,,1
2025-01-19,2025-01,국내자사몰,147180.0,,2
2025-01-19,2025-01,국내자사몰,182730.0,,2
2025-01-19,2025-01,국내자사몰,61350.0,,1
2025-01-19,2025-01,국내자사몰,62100.0,,1
2025-01-19,2025-01,국내자사몰,64500.0,,1
2025-01-19,2025-01,국내자사몰,281000.0,,3
2025-01-19,2025-01,국내자사몰,58350.0,,1
2025-01-19,2025-01,국내자사몰,104250.0,,2
2025-01-19,2025-01,국내자사몰,139850.0,,1
2025-01-19,2025-01,국내자사몰,65550.0,,1
2025-01-19,2025-01,국내자사몰,139850.0,,1
2025-01-19,2025-01,국내자사몰,139850.0,,1
2025-01-19,2025-01,국내자사몰,173730.0,,1
2025-01-19,2025-01,국내자사몰,56190.0,,1
2025-01-19,2025-01,국내자사몰,58350.0,,1
2025-01-19,2025-01,국내자사몰,101700.0,,1
2025-01-19,2025-01,국내자사몰,91830.0,,1
2025-01-19,2025-01,국내자사몰,56190.0,,1
2025-01-19,2025-01,국내자사몰,58350.0,,1
2025-01-19,2025-01,국내자사몰,58350.0,,1
2025-01-19,2025-01,국내자사몰,137100.0,,1
2025-01-19,2025-01,국내자사몰,101700.0,,1
2025-01-19,2025-01,국내자사몰,58350.0,,1
2025-01-19,2025-01,국내자사몰,53235.0,,1
2025-01-19,2025-01,국내자사몰,117030.0,,2
2025-01-19,2025-01,국내자사몰,28000.0,,1
2025-01-20,2025-01,국내자사몰,181200.0,,2
2025-01-20,2025-01,국내자사몰,242300.0,,2
2025-01-20,2025-01,국내자사몰,58350.0,,1
2025-01-20,2025-01,국내자사몰,56190.0,,1
2025-01-20,2025-01,국내자사몰,164100.0,,1
2025-01-20,2025-01,국내자사몰,129900.0,,1
2025-01-20,2025-01,국내자사몰,47730.0,,1
2025-01-20,2025-01,국내자사몰,185250.0,,2
2025-01-20,2025-01,국내자사몰,56190.0,,1
2025-01-20,2025-01,국내자사몰,101700.0,,1
2025-01-20,2025-01,국내자사몰,58350.0,,1
2025-01-20,2025-01,국내자사몰,52636.0,,2
2025-01-20,2025-01,국내자사몰,362910.0,,6
2025-01-20,2025-01,국내자사몰,91830.0,,1
2025-01-20,2025-01,국내자사몰,129900.0,,1
2025-01-20,2025-01,국내자사몰,101700.0,,1
2025-01-20,2025-01,국내자사몰,129900.0,,1
2025-01-20,2025-01,국내자사몰,44300.0,,1
2025-01-20,2025-01,국내자사몰,91830.0,,1
2025-01-20,2025-01,국내자사몰,56190.0,,1
2025-01-20,2025-01,국내자사몰,186230.0,,2
2025-01-20,2025-01,국내자사몰,58350.0,,1
2025-01-20,2025-01,국내자사몰,150180.0,,2
2025-01-20,2025-01,국내자사몰,164100.0,,1
2025-01-20,2025-01,국내자사몰,56190.0,,1
2025-01-20,2025-01,국내자사몰,58350.0,,1
2025-01-20,2025-01,국내자사몰,155150.0,,1
2025-01-20,2025-01,국내자사몰,248979.0,,4
2025-01-20,2025-01,국내자사몰,234300.0,,2
2025-01-20,2025-01,국내자사몰,164000.0,,1
2025-01-20,2025-01,해외자사몰,247515.0,170.7,2
2025-01-21,2025-01,국내자사몰,129900.0,,1
2025-01-21,2025-01,국내자사몰,122850.0,,1
2025-01-21,2025-01,국내자사몰,129900.0,,1
2025-01-21,2025-01,국내자사몰,55275.0,,1
2025-01-21,2025-01,국내자사몰,164000.0,,1
2025-01-21,2025-01,국내자사몰,209730.0,,3
2025-01-21,2025-01,국내자사몰,91830.0,,1
2025-01-21,2025-01,국내자사몰,91830.0,,1
2025-01-21,2025-01,국내자사몰,79755.0,,1
2025-01-21,2025-01,국내자사몰,129900.0,,1
2025-01-21,2025-01,국내자사몰,129900.0,,1
2025-01-21,2025-01,국내자사몰,58350.0,,1
2025-01-21,2025-01,국내자사몰,58350.0,,1
2025-01-21,2025-01,국내자사몰,58350.0,,1
2025-01-21,2025-01,국내자사몰,58350.0,,1
2025-01-21,2025-01,국내자사몰,58350.0,,1
2025-01-21,2025-01,국내자사몰,58350.0,,1
2025-01-21,2025-01,국내자사몰,58350.0,,1
2025-01-21,2025-01,국내자사몰,147900.0,,1
2025-01-21,2025-01,국내자사몰,61350.0,,1
2025-01-21,2025-01,국내자사몰,128550.0,,1
2025-01-21,2025-01,국내자사몰,58350.0,,1
2025-01-21,2025-01,국내자사몰,60630.0,,2
2025-01-21,2025-01,국내자사몰,64500.0,,1
2025-01-21,2025-01,국내자사몰,64500.0,,1
2025-01-21,2025-01,국내자사몰,74820.0,,2
2025-01-21,2025-01,국내자사몰,32700.0,,1
2025-01-21,2025-01,국내자사몰,47730.0,,1
2025-01-21,2025-01,국내자사몰,273900.0,,4
2025-01-21,2025-01,국내자사몰,47730.0,,1
2025-01-21,2025-01,국내자사몰,147900.0,,1
2025-01-21,2025-01,해외자사몰,226345.0,156.1,2
2025-01-21,2025-01,해외자사몰,334805.0,230.9,3
2025-01-22,2025-01,국내자사몰,57825.0,,1
2025-01-22,2025-01,국내자사몰,61050.0,,1
2025-01-22,2025-01,국내자사몰,131700.0,,1
2025-01-22,2025-01,국내자사몰,114330.0,,2
2025-01-22,2025-01,국내자사몰,116943.0,,3
2025-01-22,2025-01,국내자사몰,45930.0,,1
2025-01-22,2025-01,국내자사몰,85530.0,,1
2025-01-22,2025-01,국내자사몰,165900.0,,1
2025-01-22,2025-01,국내자사몰,61050.0,,1
2025-01-22,2025-01,국내자사몰,107235.0,,1
2025-01-22,2025-01,국내자사몰,58350.0,,1
2025-01-22,2025-01,국내자사몰,58350.0,,1
2025-01-22,2025-01,국내자사몰,91830.0,,1
2025-01-22,2025-01,국내자사몰,72300.0,,1
2025-01-22,2025-01,국내자사몰,56190.0,,1
2025-01-22,2025-01,국내자사몰,91830.0,,1
2025-01-22,2025-01,국내자사몰,64500.0,,1
2025-01-22,2025-01,국내자사몰,137100.0,,1
2025-01-22,2025-01,국내자사몰,137100.0,,1
2025-01-22,2025-01,국내자사몰,122070.0,,2
2025-01-22,2025-01,국내자사몰,56190.0,,1
2025-01-22,2025-01,국내자사몰,164100.0,,1
2025-01-22,2025-01,해외자사몰,294640.0,203.2,2
2025-01-23,2025-01,국내자사몰,85530.0,,1
2025-01-23,2025-01,국내자사몰,55290.0,,1
2025-01-23,2025-01,국내자사몰,61050.0,,1
2025-01-23,2025-01,국내자사몰,35130.0,,1
2025-01-23,2025-01,국내자사몰,55650.0,,1
2025-01-23,2025-01,국내자사몰,156850.0,,1
2025-01-23,2025-01,국내자사몰,147900.0,,1
2025-01-23,2025-01,국내자사몰,84270.0,,1
2025-01-23,2025-01,국내자사몰,132600.0,,1
2025-01-23,2025-01,국내자사몰,166170.0,,2
2025-01-23,2025-01,국내자사몰,210630.0,,2
2025-01-23,2025-01,국내자사몰,61050.0,,1
2025-01-23,2025-01,국내자사몰,186510.0,,3
2025-01-23,2025-01,국내자사몰,126030.0,,2
2025-01-23,2025-01,국내자사몰,65550.0,,1
2025-01-23,2025-01,국내자사몰,132600.0,,1
2025-01-23,2025-01,국내자사몰,136650.0,,1
2025-01-23,2025-01,국내자사몰,102900.0,,1
2025-01-23,2025-01,국내자사몰,61050.0,,1
2025-01-23,2025-01,국내자사몰,293105.0,,3
2025-01-23,2025-01,국내자사몰,85530.0,,1
2025-01-23,2025-01,국내자사몰,94700.0,,1
2025-01-23,2025-01,국내자사몰,52385.0,,1
2025-01-23,2025-01,국내자사몰,52385.0,,1
2025-01-23,2025-01,국내자사몰,52385.0,,1
2025-01-23,2025-01,국내자사몰,55290.0,,1
2025-01-23,2025-01,국내자사몰,132600.0,,1
2025-01-23,2025-01,국내자사몰,133950.0,,2
2025-01-23,2025-01,국내자사몰,42800.0,,1
2025-01-23,2025-01,국내자사몰,61050.0,,1
2025-01-23,2025-01,국내자사몰,61050.0,,1
2025-01-23,2025-01,국내자사몰,61050.0,,1
2025-01-23,2025-01,해외자사몰,71050.0,49.0,1
2025-01-24,2025-01,국내자사몰,55290.0,,1
2025-01-24,2025-01,국내자사몰,55245.0,,1
2025-01-24,2025-01,국내자사몰,55290.0,,1
2025-01-24,2025-01,국내자사몰,136650.0,,1
2025-01-24,2025-01,국내자사몰,50700.0,,1
2025-01-24,2025-01,국내자사몰,45930.0,,1
2025-01-24,2025-01,국내자사몰,170400.0,,2
2025-01-24,2025-01,국내자사몰,61050.0,,1
2025-01-24,2025-01,국내자사몰,45930.0,,1
2025-01-24,2025-01,국내자사몰,61050.0,,1
2025-01-24,2025-01,국내자사몰,61050.0,,1
2025-01-24,2025-01,국내자사몰,164000.0,,1
2025-01-24,2025-01,국내자사몰,45930.0,,1
2025-01-24,2025-01,국내자사몰,103300.0,,2
2025-01-24,2025-01,국내자사몰,61050.0,,1
2025-01-24,2025-01,국내자사몰,131700.0,,1
2025-01-25,2025-01,국내자사몰,122425.0,,2
2025-01-25,2025-01,국내자사몰,323175.0,,6
2025-01-25,2025-01,국내자사몰,190650.0,,2
2025-01-25,2025-01,국내자사몰,136650.0,,1
2025-01-25,2025-01,국내자사몰,147000.0,,1
2025-01-25,2025-01,국내자사몰,85530.0,,1
2025-01-25,2025-01,국내자사몰,136650.0,,1
2025-01-25,2025-01,국내자사몰,61972.0,,1
2025-01-25,2025-01,국내자사몰,55290.0,,1
2025-01-25,2025-01,국내자사몰,85530.0,,1
2025-01-25,2025-01,국내자사몰,45930.0,,1
2025-01-25,2025-01,국내자사몰,61050.0,,1
2025-01-25,2025-01,국내자사몰,67500.0,,1
2025-01-25,2025-01,국내자사몰,94700.0,,1
2025-01-25,2025-01,국내자사몰,136650.0,,1
2025-01-25,2025-01,국내자사몰,94700.0,,1
2025-01-25,2025-01,국내자사몰,45930.0,,1
2025-01-25,2025-01,국내자사몰,50700.0,,1
2025-01-25,2025-01,국내자사몰,143580.0,,2
2025-01-25,2025-01,국내자사몰,61050.0,,1
2025-01-25,2025-01,국내자사몰,85530.0,,1
2025-01-25,2025-01,국내자사몰,111000.0,,1
2025-01-25,2025-01,국내자사몰,61050.0,,1
2025-01-25,2025-01,국내자사몰,61050.0,,1
2025-01-25,2025-01,국내자사몰,61050.0,,1
2025-01-25,2025-01,해외자사몰,202565.0,139.7,1
2025-01-26,2025-01,국내자사몰,156850.0,,1
2025-01-26,2025-01,국내자사몰,233605.0,,2
2025-01-26,2025-01,국내자사몰,114860.0,,2
2025-01-26,2025-01,국내자사몰,190650.0,,2
2025-01-26,2025-01,국내자사몰,165900.0,,1
2025-01-26,2025-01,국내자사몰,175530.0,,2
2025-01-26,2025-01,국내자사몰,61050.0,,1
2025-01-26,2025-01,국내자사몰,46247.0,,1
2025-01-26,2025-01,국내자사몰,147900.0,,1
2025-01-26,2025-01,국내자사몰,143607.0,,1
2025-01-26,2025-01,국내자사몰,61050.0,,1
2025-01-26,2025-01,국내자사몰,85530.0,,1
2025-01-26,2025-01,국내자사몰,132600.0,,1
2025-01-26,2025-01,국내자사몰,61050.0,,1
2025-01-26,2025-01,국내자사몰,61050.0,,1
2025-01-26,2025-01,국내자사몰,25500.0,,1
2025-01-26,2025-01,국내자사몰,61050.0,,1
2025-01-26,2025-01,국내자사몰,61050.0,,1
2025-01-26,2025-01,국내자사몰,85530.0,,1
2025-01-26,2025-01,국내자사몰,122205.0,,3
2025-01-26,2025-01,국내자사몰,67500.0,,1
2025-01-26,2025-01,국내자사몰,237540.0,,3
2025-01-26,2025-01,국내자사몰,55290.0,,1
2025-01-26,2025-01,국내자사몰,132600.0,,1
2025-01-26,2025-01,국내자사몰,160770.0,,2
2025-01-26,2025-01,국내자사몰,147900.0,,1
2025-01-26,2025-01,국내자사몰,147900.0,,1
2025-01-26,2025-01,국내자사몰,67500.0,,1
2025-01-27,2025-01,국내자사몰,237900.0,,3
2025-01-27,2025-01,국내자사몰,103980.0,,2
2025-01-27,2025-01,국내자사몰,45930.0,,1
2025-01-27,2025-01,국내자사몰,171030.0,,2
2025-01-27,2025-01,국내자사몰,186150.0,,2
2025-01-27,2025-01,국내자사몰,61050.0,,1
2025-01-27,2025-01,국내자사몰,165900.0,,1
2025-01-27,2025-01,국내자사몰,61050.0,,1
2025-01-27,2025-01,국내자사몰,55290.0,,1
2025-01-27,2025-01,국내자사몰,165900.0,,1
2025-01-27,2025-01,국내자사몰,72500.0,,1
2025-01-27,2025-01,국내자사몰,165900.0,,1
2025-01-27,2025-01,국내자사몰,85530.0,,1
2025-01-27,2025-01,국내자사몰,45930.0,,1
2025-01-27,2025-01,국내자사몰,156850.0,,1
2025-01-27,2025-01,국내자사몰,165900.0,,1
2025-01-27,2025-01,국내자사몰,125400.0,,1
2025-01-27,2025-01,국내자사몰,147000.0,,1
2025-01-27,2025-01,국내자사몰,268027.0,,2
2025-01-27,2025-01,국내자사몰,61050.0,,1
2025-01-27,2025-01,국내자사몰,67500.0,,1
2025-01-27,2025-01,국내자사몰,72500.0,,1
2025-01-27,2025-01,국내자사몰,58550.0,,1
2025-01-27,2025-01,국내자사몰,52331.0,,1
2025-01-27,2025-01,국내자사몰,223950.0,,2
2025-01-27,2025-01,국내자사몰,55290.0,,1
2025-01-27,2025-01,국내자사몰,128100.0,,1
2025-01-27,2025-01,국내자사몰,45930.0,,1
2025-01-27,2025-01,국내자사몰,165900.0,,1
2025-01-27,2025-01,국내자사몰,125400.0,,1
2025-01-27,2025-01,국내자사몰,132600.0,,1
2025-01-27,2025-01,국내자사몰,94700.0,,1
2025-01-27,2025-01,국내자사몰,170400.0,,2
2025-01-27,2025-01,국내자사몰,61050.0,,1
2025-01-27,2025-01,국내자사몰,45930.0,,1
2025-01-27,2025-01,국내자사몰,61050.0,,1
2025-01-27,2025-01,국내자사몰,55290.0,,1
2025-01-27,2025-01,해외자사몰,64380.0,44.4,1
2025-01-27,2025-01,해외자사몰,178930.0,123.4,1
2025-01-27,2025-01,해외자사몰,114985.0,79.3,1
2025-01-28,2025-01,국내자사몰,482700.0,,4
2025-01-28,2025-01,국내자사몰,43500.0,,2
2025-01-28,2025-01,국내자사몰,61050.0,,1
2025-01-28,2025-01,국내자사몰,61050.0,,1
2025-01-28,2025-01,국내자사몰,128100.0,,1
2025-01-28,2025-01,국내자사몰,165900.0,,1
2025-01-28,2025-01,국내자사몰,61050.0,,1
2025-01-28,2025-01,국내자사몰,240960.0,,3
2025-01-28,2025-01,국내자사몰,85530.0,,1
2025-01-28,2025-01,국내자사몰,159915.0,,3
2025-01-28,2025-01,국내자사몰,57639.0,,1
2025-01-28,2025-01,국내자사몰,50700.0,,1
2025-01-28,2025-01,국내자사몰,132600.0,,1
2025-01-28,2025-01,국내자사몰,85530.0,,1
2025-01-28,2025-01,국내자사몰,61050.0,,1
2025-01-28,2025-01,국내자사몰,45930.0,,1
2025-01-28,2025-01,국내자사몰,35130.0,,1
2025-01-28,2025-01,국내자사몰,55290.0,,1
2025-01-28,2025-01,국내자사몰,128100.0,,1
2025-01-28,2025-01,국내자사몰,136650.0,,1
2025-01-28,2025-01,국내자사몰,85530.0,,1
2025-01-28,2025-01,국내자사몰,129225.0,,1
2025-01-28,2025-01,국내자사몰,136650.0,,1
2025-01-28,2025-01,국내자사몰,165900.0,,1
2025-01-28,2025-01,국내자사몰,85530.0,,1
2025-01-28,2025-01,국내자사몰,156850.0,,1
2025-01-28,2025-01,국내자사몰,644200.0,,7
2025-01-28,2025-01,국내자사몰,128100.0,,1
2025-01-28,2025-01,국내자사몰,380820.0,,3
2025-01-28,2025-01,국내자사몰,237900.0,,3
2025-01-28,2025-01,국내자사몰,61050.0,,1
2025-01-28,2025-01,국내자사몰,164000.0,,1
2025-01-28,2025-01,국내자사몰,132600.0,,1
2025-01-28,2025-01,국내자사몰,179580.0,,2
2025-01-28,2025-01,국내자사몰,85530.0,,1
2025-01-28,2025-01,국내자사몰,142000.0,,1
2025-01-28,2025-01,국내자사몰,45930.0,,1
2025-01-28,2025-01,국내자사몰,132600.0,,1
2025-01-28,2025-01,국내자사몰,57825.0,,1
2025-01-28,2025-01,국내자사몰,85530.0,,1
2025-01-28,2025-01,국내자사몰,61050.0,,1
2025-01-28,2025-01,국내자사몰,67500.0,,1
2025-01-28,2025-01,국내자사몰,55290.0,,1
2025-01-28,2025-01,국내자사몰,80945.0,,1
2025-01-28,2025-01,국내자사몰,136650.0,,1
2025-01-28,2025-01,국내자사몰,165900.0,,1
2025-01-28,2025-01,국내자사몰,61050.0,,1
2025-01-28,2025-01,국내자사몰,62075.0,,1
2025-01-28,2025-01,해외자사몰,188210.00000000003,129.8,1
2025-01-28,2025-01,해외자사몰,410640.0,283.2,3
2025-01-29,2025-01,국내자사몰,55290.0,,1
2025-01-29,2025-01,국내자사몰,45930.0,,1
2025-01-29,2025-01,국내자사몰,80945.0,,1
2025-01-29,2025-01,국내자사몰,85530.0,,1
2025-01-29,2025-01,국내자사몰,173100.0,,1
2025-01-29,2025-01,국내자사몰,136650.0,,1
2025-01-29,2025-01,국내자사몰,142000.0,,1
2025-01-29,2025-01,국내자사몰,61050.0,,1
2025-01-29,2025-01,국내자사몰,50700.0,,1
2025-01-29,2025-01,국내자사몰,151500.0,,1
2025-01-29,2025-01,국내자사몰,67500.0,,1
2025-01-29,2025-01,국내자사몰,65550.0,,1
2025-01-29,2025-01,국내자사몰,45930.0,,1
2025-01-29,2025-01,국내자사몰,136650.0,,1
2025-01-29,2025-01,국내자사몰,128100.0,,1
2025-01-29,2025-01,국내자사몰,50700.0,,1
2025-01-29,2025-01,국내자사몰,61050.0,,1
2025-01-29,2025-01,국내자사몰,184000.0,,1
2025-01-29,2025-01,국내자사몰,55650.0,,1
2025-01-29,2025-01,국내자사몰,102900.0,,1
2025-01-29,2025-01,국내자사몰,61050.0,,1
2025-01-29,2025-01,국내자사몰,210630.0,,2
2025-01-29,2025-01,국내자사몰,119100.0,,1
2025-01-29,2025-01,국내자사몰,61050.0,,1
2025-01-29,2025-01,국내자사몰,45930.0,,1
2025-01-29,2025-01,국내자사몰,136650.0,,1
2025-01-29,2025-01,국내자사몰,329340.0,,4
2025-01-29,2025-01,국내자사몰,85530.0,,1
2025-01-29,2025-01,국내자사몰,85530.0,,1
2025-01-29,2025-01,국내자사몰,55290.0,,1
2025-01-29,2025-01,국내자사몰,93050.0,,2
2025-01-29,2025-01,국내자사몰,55290.0,,1
2025-01-29,2025-01,국내자사몰,83100.0,,1
2025-01-29,2025-01,국내자사몰,26000.0,,1
2025-01-29,2025-01,국내자사몰,55290.0,,1
2025-01-29,2025-01,국내자사몰,70500.0,,1
2025-01-29,2025-01,국내자사몰,25500.0,,1
2025-01-29,2025-01,국내자사몰,28000.0,,1
2025-01-29,2025-01,국내자사몰,25500.0,,1
2025-01-29,2025-01,국내자사몰,199200.0,,2
2025-01-29,2025-01,국내자사몰,61050.0,,1
2025-01-29,2025-01,국내자사몰,121150.0,,1
2025-01-29,2025-01,국내자사몰,190830.0,,2
2025-01-29,2025-01,국내자사몰,148080.0,,2
2025-01-29,2025-01,국내자사몰,165900.0,,1
2025-01-29,2025-01,국내자사몰,61050.0,,1
2025-01-29,2025-01,국내자사몰,156850.0,,1
2025-01-30,2025-01,국내자사몰,45930.0,,1
2025-01-30,2025-01,국내자사몰,128100.0,,1
2025-01-30,2025-01,국내자사몰,335550.0,,3
2025-01-30,2025-01,국내자사몰,61050.0,,1
2025-01-30,2025-01,국내자사몰,61050.0,,1
2025-01-30,2025-01,국내자사몰,168900.0,,1
2025-01-30,2025-01,국내자사몰,52385.0,,1
2025-01-30,2025-01,국내자사몰,136650.0,,1
2025-01-30,2025-01,국내자사몰,35612.0,,1
2025-01-30,2025-01,국내자사몰,45930.0,,1
2025-01-30,2025-01,국내자사몰,186510.0,,3
2025-01-30,2025-01,국내자사몰,165900.0,,1
2025-01-30,2025-01,국내자사몰,85530.0,,1
2025-01-30,2025-01,국내자사몰,136650.0,,1
2025-01-30,2025-01,국내자사몰,130330.0,,2
2025-01-30,2025-01,국내자사몰,171030.0,,2
2025-01-30,2025-01,국내자사몰,22170.0,,1
2025-01-30,2025-01,국내자사몰,45930.0,,1
2025-01-30,2025-01,국내자사몰,55290.0,,1
2025-01-30,2025-01,국내자사몰,45930.0,,1
2025-01-30,2025-01,국내자사몰,128460.0,,2
2025-01-30,2025-01,국내자사몰,94700.0,,1
2025-01-30,2025-01,국내자사몰,61050.0,,1
2025-01-30,2025-01,국내자사몰,61050.0,,1
2025-01-30,2025-01,국내자사몰,151500.0,,1
2025-01-30,2025-01,국내자사몰,52385.0,,1
2025-01-30,2025-01,국내자사몰,83100.0,,1
2025-01-30,2025-01,국내자사몰,165900.0,,1
2025-01-30,2025-01,국내자사몰,50700.0,,1
2025-01-30,2025-01,국내자사몰,149985.0,,2
2025-01-30,2025-01,국내자사몰,61050.0,,1
2025-01-30,2025-01,국내자사몰,156630.0,,2
2025-01-30,2025-01,국내자사몰,61050.0,,1
2025-01-30,2025-01,국내자사몰,149820.0,,2
2025-01-30,2025-01,국내자사몰,165800.0,,2
2025-01-30,2025-01,국내자사몰,206320.0,,3
2025-01-30,2025-01,국내자사몰,68550.0,,1
2025-01-30,2025-01,국내자사몰,231870.0,,3
2025-01-30,2025-01,국내자사몰,65550.0,,1
2025-01-30,2025-01,국내자사몰,141000.0,,2
2025-01-30,2025-01,국내자사몰,67500.0,,1
2025-01-30,2025-01,국내자사몰,184000.0,,1
2025-01-30,2025-01,국내자사몰,158340.0,,2
2025-01-30,2025-01,국내자사몰,124550.0,,1
2025-01-30,2025-01,국내자사몰,67500.0,,1
2025-01-30,2025-01,국내자사몰,85530.0,,1
2025-01-30,2025-01,국내자사몰,52385.0,,1
2025-01-30,2025-01,국내자사몰,138900.0,,1
2025-01-30,2025-01,국내자사몰,57825.0,,1
2025-01-30,2025-01,국내자사몰,80945.0,,1
2025-01-30,2025-01,국내자사몰,28000.0,,1
2025-01-31,2025-01,국내자사몰,261750.0,,3
2025-01-31,2025-01,국내자사몰,206000.0,,3
2025-01-31,2025-01,국내자사몰,85530.0,,1
2025-01-31,2025-01,국내자사몰,147000.0,,1
2025-01-31,2025-01,국내자사몰,45930.0,,1
2025-01-31,2025-01,국내자사몰,147900.0,,1
2025-01-31,2025-01,국내자사몰,128100.0,,1
2025-01-31,2025-01,국내자사몰,147900.0,,1
2025-01-31,2025-01,국내자사몰,121150.0,,1
2025-01-31,2025-01,국내자사몰,138900.0,,1
2025-01-31,2025-01,국내자사몰,60285.0,,1
2025-01-31,2025-01,국내자사몰,61050.0,,1
2025-01-31,2025-01,국내자사몰,85530.0,,1
2025-01-31,2025-01,국내자사몰,61050.0,,1
2025-01-31,2025-01,국내자사몰,92000.0,,1
2025-01-31,2025-01,국내자사몰,104250.0,,2
2025-01-31,2025-01,국내자사몰,79755.0,,1
2025-01-31,2025-01,국내자사몰,128100.0,,1
2025-01-31,2025-01,국내자사몰,83100.0,,1
2025-01-31,2025-01,국내자사몰,85530.0,,1
2025-01-31,2025-01,국내자사몰,61050.0,,1
2025-01-31,2025-01,국내자사몰,61050.0,,1
2025-01-31,2025-01,국내자사몰,61050.0,,1
2025-01-31,2025-01,국내자사몰,85530.0,,1
2025-01-31,2025-01,국내자사몰,83100.0,,1
2025-01-31,2025-01,국내자사몰,71400.0,,1
2025-01-31,2025-01,국내자사몰,55290.0,,1
2025-01-31,2025-01,국내자사몰,64050.0,,1
2025-01-31,2025-01,국내자사몰,61050.0,,1
2025-01-31,2025-01,국내자사몰,85530.0,,1
2025-01-31,2025-01,국내자사몰,128100.0,,1
2025-01-31,2025-01,국내자사몰,55290.0,,1
2025-01-31,2025-01,국내자사몰,121150.0,,1
2025-01-31,2025-01,국내자사몰,61100.0,,1
2025-01-31,2025-01,국내자사몰,136650.0,,1
2025-01-31,2025-01,국내자사몰,132600.0,,1
2025-01-31,2025-01,국내자사몰,61050.0,,1
2025-01-31,2025-01,국내자사몰,156850.0,,1
2025-01-31,2025-01,국내자사몰,38105.0,,1
2025-01-31,2025-01,국내자사몰,80945.0,,1
2025-01-31,2025-01,국내자사몰,55290.0,,1
2025-01-31,2025-01,국내자사몰,61050.0,,1
2025-01-31,2025-01,국내자사몰,30900.0,,1
2025-01-31,2025-01,국내자사몰,55290.0,,1
2025-02-01,2025-02,국내자사몰,37185.0,,1
2025-02-01,2025-02,국내자사몰,141150.0,,2
2025-02-01,2025-02,국내자사몰,39570.0,,1
2025-02-01,2025-02,국내자사몰,85530.0,,1
2025-02-01,2025-02,국내자사몰,181740.0,,2
2025-02-01,2025-02,국내자사몰,83100.0,,1
2025-02-01,2025-02,국내자사몰,136650.0,,1
2025-02-01,2025-02,국내자사몰,266250.0,,2
2025-02-01,2025-02,국내자사몰,55650.0,,1
2025-02-01,2025-02,국내자사몰,176700.0,,2
2025-02-01,2025-02,국내자사몰,136650.0,,1
2025-02-01,2025-02,국내자사몰,45930.0,,1
2025-02-01,2025-02,국내자사몰,138900.0,,1
2025-02-01,2025-02,국내자사몰,43545.0,,1
2025-02-01,2025-02,국내자사몰,128460.0,,2
2025-02-01,2025-02,국내자사몰,41700.0,,1
2025-02-01,2025-02,국내자사몰,270930.0,,4
2025-02-01,2025-02,국내자사몰,165900.0,,1
2025-02-01,2025-02,국내자사몰,55290.0,,1
2025-02-01,2025-02,국내자사몰,45930.0,,1
2025-02-01,2025-02,국내자사몰,45930.0,,1
2025-02-01,2025-02,국내자사몰,80850.0,,2
2025-02-01,2025-02,국내자사몰,61050.0,,1
2025-02-01,2025-02,국내자사몰,55290.0,,1
2025-02-01,2025-02,국내자사몰,154000.0,,1
2025-02-01,2025-02,국내자사몰,156850.0,,1
2025-02-01,2025-02,국내자사몰,55290.0,,1
2025-02-01,2025-02,국내자사몰,165900.0,,1
2025-02-01,2025-02,국내자사몰,40800.0,,1
2025-02-01,2025-02,국내자사몰,42411.0,,1
2025-02-01,2025-02,국내자사몰,83100.0,,1
2025-02-01,2025-02,국내자사몰,125400.0,,1
2025-02-01,2025-02,국내자사몰,85530.0,,1
2025-02-01,2025-02,국내자사몰,85530.0,,1
2025-02-01,2025-02,국내자사몰,55290.0,,1
2025-02-01,2025-02,국내자사몰,61050.0,,1
2025-02-01,2025-02,국내자사몰,84270.0,,1
2025-02-01,2025-02,국내자사몰,86600.0,,1
2025-02-01,2025-02,국내자사몰,92500.0,,2
2025-02-01,2025-02,국내자사몰,61050.0,,1
2025-02-01,2025-02,국내자사몰,61100.0,,1
2025-02-01,2025-02,국내자사몰,165900.0,,1
2025-02-01,2025-02,국내자사몰,132600.0,,1
2025-02-01,2025-02,국내자사몰,55290.0,,1
2025-02-01,2025-02,국내자사몰,55290.0,,1
2025-02-01,2025-02,국내자사몰,61050.0,,1
2025-02-01,2025-02,국내자사몰,57825.0,,1
2025-02-01,2025-02,국내자사몰,80945.0,,1
2025-02-01,2025-02,국내자사몰,118650.0,,1
2025-02-01,2025-02,국내자사몰,94700.0,,1
2025-02-01,2025-02,국내자사몰,52385.0,,1
2025-02-01,2025-02,국내자사몰,85530.0,,1
2025-02-01,2025-02,국내자사몰,45930.0,,1
2025-02-01,2025-02,국내자사몰,120000.0,,1
2025-02-01,2025-02,국내자사몰,121150.0,,1
2025-02-01,2025-02,해외자사몰,181975.0,125.5,3
2025-02-02,2025-02,국내자사몰,165900.0,,1
2025-02-02,2025-02,국내자사몰,128100.0,,1
2025-02-02,2025-02,국내자사몰,67500.0,,1
2025-02-02,2025-02,국내자사몰,98220.0,,2
2025-02-02,2025-02,국내자사몰,67500.0,,1
2025-02-02,2025-02,국내자사몰,55290.0,,1
2025-02-02,2025-02,국내자사몰,36000.0,,1
2025-02-02,2025-02,국내자사몰,85530.0,,1
2025-02-02,2025-02,국내자사몰,57825.0,,1
2025-02-02,2025-02,국내자사몰,45930.0,,1
2025-02-02,2025-02,국내자사몰,55290.0,,1
2025-02-02,2025-02,국내자사몰,55290.0,,1
2025-02-02,2025-02,국내자사몰,132600.0,,1
2025-02-02,2025-02,국내자사몰,61050.0,,1
2025-02-02,2025-02,국내자사몰,67500.0,,1
2025-02-02,2025-02,국내자사몰,55290.0,,1
2025-02-02,2025-02,국내자사몰,61050.0,,1
2025-02-02,2025-02,국내자사몰,55290.0,,1
2025-02-02,2025-02,국내자사몰,138900.0,,1
2025-02-02,2025-02,국내자사몰,57825.0,,1
2025-02-02,2025-02,국내자사몰,26400.0,,1
2025-02-02,2025-02,국내자사몰,57825.0,,1
2025-02-02,2025-02,국내자사몰,295500.0,,2
2025-02-02,2025-02,국내자사몰,85530.0,,1
2025-02-02,2025-02,국내자사몰,156850.0,,1
2025-02-02,2025-02,국내자사몰,55290.0,,1
2025-02-02,2025-02,국내자사몰,52385.0,,1
2025-02-02,2025-02,국내자사몰,85530.0,,1
2025-02-02,2025-02,국내자사몰,61050.0,,1
2025-02-02,2025-02,국내자사몰,61050.0,,1
2025-02-02,2025-02,국내자사몰,45930.0,,1
2025-02-02,2025-02,국내자사몰,52385.0,,1
2025-02-02,2025-02,국내자사몰,129225.0,,1
2025-02-02,2025-02,국내자사몰,136650.0,,1
2025-02-02,2025-02,국내자사몰,22800.0,,1
2025-02-02,2025-02,국내자사몰,57825.0,,1
2025-02-02,2025-02,국내자사몰,136650.0,,1
2025-02-02,2025-02,국내자사몰,50700.0,,1
2025-02-02,2025-02,국내자사몰,61050.0,,1
2025-02-02,2025-02,국내자사몰,61050.0,,1
2025-02-02,2025-02,국내자사몰,50700.0,,1
2025-02-02,2025-02,국내자사몰,45930.0,,1
2025-02-02,2025-02,국내자사몰,61100.0,,1
2025-02-02,2025-02,국내자사몰,199095.0,,2
2025-02-02,2025-02,국내자사몰,225570.0,,2
2025-02-02,2025-02,국내자사몰,165900.0,,1
2025-02-02,2025-02,국내자사몰,165900.0,,1
2025-02-02,2025-02,국내자사몰,83100.0,,1
2025-02-02,2025-02,국내자사몰,136650.0,,1
2025-02-02,2025-02,국내자사몰,61050.0,,1
2025-02-02,2025-02,국내자사몰,67500.0,,1
2025-02-02,2025-02,국내자사몰,136650.0,,1
2025-02-02,2025-02,국내자사몰,85530.0,,1
2025-02-02,2025-02,국내자사몰,55290.0,,1
2025-02-02,2025-02,해외자사몰,105125.0,72.5,2
2025-02-02,2025-02,해외자사몰,136735.0,94.3,1
2025-02-02,2025-02,해외자사몰,342345.0,236.1,4
2025-02-02,2025-02,해외자사몰,148770.0,102.6,2
2025-02-03,2025-02,국내자사몰,85530.0,,1
2025-02-03,2025-02,국내자사몰,256980.0,,4
2025-02-03,2025-02,국내자사몰,128100.0,,1
2025-02-03,2025-02,국내자사몰,128100.0,,1
2025-02-03,2025-02,국내자사몰,98850.0,,2
2025-02-03,2025-02,국내자사몰,143400.0,,1
2025-02-03,2025-02,국내자사몰,54850.0,,1
2025-02-03,2025-02,국내자사몰,119100.0,,1
2025-02-03,2025-02,국내자사몰,45245.0,,1
2025-02-03,2025-02,국내자사몰,47730.0,,1
2025-02-03,2025-02,국내자사몰,61050.0,,1
2025-02-03,2025-02,국내자사몰,152600.0,,1
2025-02-03,2025-02,국내자사몰,57900.0,,1
2025-02-03,2025-02,국내자사몰,129863.0,,3
2025-02-03,2025-02,국내자사몰,61050.0,,1
2025-02-03,2025-02,국내자사몰,142000.0,,1
2025-02-03,2025-02,국내자사몰,85530.0,,1
2025-02-03,2025-02,국내자사몰,61050.0,,1
2025-02-03,2025-02,국내자사몰,143000.0,,1
2025-02-03,2025-02,국내자사몰,128100.0,,1
2025-02-03,2025-02,국내자사몰,136650.0,,1
2025-02-03,2025-02,국내자사몰,67500.0,,1
2025-02-03,2025-02,국내자사몰,40170.0,,1
2025-02-03,2025-02,국내자사몰,70500.0,,1
2025-02-03,2025-02,국내자사몰,128100.0,,1
2025-02-03,2025-02,국내자사몰,161400.0,,1
2025-02-03,2025-02,국내자사몰,132600.0,,1
2025-02-03,2025-02,국내자사몰,43545.0,,1
2025-02-03,2025-02,국내자사몰,27822.0,,1
2025-02-03,2025-02,국내자사몰,61050.0,,1
2025-02-03,2025-02,국내자사몰,61050.0,,1
2025-02-03,2025-02,국내자사몰,128100.0,,1
2025-02-03,2025-02,국내자사몰,55290.0,,1
2025-02-03,2025-02,국내자사몰,61050.0,,1
2025-02-03,2025-02,국내자사몰,46000.0,,1
2025-02-03,2025-02,국내자사몰,55290.0,,1
2025-02-03,2025-02,국내자사몰,75630.0,,2
2025-02-03,2025-02,국내자사몰,61050.0,,1
2025-02-03,2025-02,국내자사몰,84270.0,,1
2025-02-03,2025-02,국내자사몰,67500.0,,1
2025-02-03,2025-02,국내자사몰,342480.0,,3
2025-02-03,2025-02,국내자사몰,132600.0,,1
2025-02-03,2025-02,국내자사몰,61050.0,,1
2025-02-03,2025-02,국내자사몰,132600.0,,1
2025-02-03,2025-02,국내자사몰,180300.0,,2
2025-02-03,2025-02,국내자사몰,48930.0,,1
2025-02-03,2025-02,국내자사몰,136650.0,,1
2025-02-03,2025-02,국내자사몰,61050.0,,1
2025-02-03,2025-02,국내자사몰,41700.0,,1
2025-02-03,2025-02,국내자사몰,112100.0,,1
2025-02-03,2025-02,국내자사몰,250170.0,,2
2025-02-03,2025-02,국내자사몰,65550.0,,1
2025-02-03,2025-02,국내자사몰,61050.0,,1
2025-02-03,2025-02,국내자사몰,132600.0,,1
2025-02-03,2025-02,국내자사몰,57825.0,,1
2025-02-03,2025-02,해외자사몰,126440.0,87.2,1
2025-02-04,2025-02,국내자사몰,61050.0,,1
2025-02-04,2025-02,국내자사몰,60900.0,,1
2025-02-04,2025-02,국내자사몰,37650.0,,1
2025-02-04,2025-02,국내자사몰,151770.0,,2
2025-02-04,2025-02,국내자사몰,296300.0,,4
2025-02-04,2025-02,국내자사몰,57900.0,,1
2025-02-04,2025-02,국내자사몰,128100.0,,1
2025-02-04,2025-02,국내자사몰,179000.0,,1
2025-02-04,2025-02,국내자사몰,81583.0,,2
2025-02-04,2025-02,국내자사몰,119100.0,,1
2025-02-04,2025-02,국내자사몰,112650.0,,1
2025-02-04,2025-02,국내자사몰,61050.0,,1
2025-02-04,2025-02,국내자사몰,61050.0,,1
2025-02-04,2025-02,국내자사몰,128100.0,,1
2025-02-04,2025-02,국내자사몰,47730.0,,1
2025-02-04,2025-02,국내자사몰,94700.0,,1
2025-02-04,2025-02,국내자사몰,94700.0,,1
2025-02-04,2025-02,국내자사몰,128100.0,,1
2025-02-04,2025-02,국내자사몰,163650.0,,1
2025-02-04,2025-02,국내자사몰,57825.0,,1
2025-02-04,2025-02,국내자사몰,57900.0,,1
2025-02-04,2025-02,국내자사몰,129225.0,,1
2025-02-04,2025-02,국내자사몰,61050.0,,1
2025-02-04,2025-02,국내자사몰,177425.0,,1
2025-02-04,2025-02,국내자사몰,85530.0,,1
2025-02-04,2025-02,국내자사몰,128100.0,,1
2025-02-04,2025-02,국내자사몰,61050.0,,1
2025-02-04,2025-02,국내자사몰,85530.0,,1
2025-02-04,2025-02,국내자사몰,210630.0,,2
2025-02-04,2025-02,국내자사몰,128100.0,,1
2025-02-04,2025-02,해외자사몰,225765.0,155.7,3
2025-02-05,2025-02,국내자사몰,169700.0,,2
2025-02-05,2025-02,국내자사몰,136650.0,,1
2025-02-05,2025-02,국내자사몰,76950.0,,1
2025-02-05,2025-02,국내자사몰,57825.0,,1
2025-02-05,2025-02,국내자사몰,67500.0,,1
2025-02-05,2025-02,국내자사몰,61050.0,,1
2025-02-05,2025-02,국내자사몰,45245.0,,1
2025-02-05,2025-02,국내자사몰,47730.0,,1
2025-02-05,2025-02,국내자사몰,87960.0,,2
2025-02-05,2025-02,국내자사몰,67500.0,,1
2025-02-05,2025-02,국내자사몰,136650.0,,1
2025-02-05,2025-02,국내자사몰,135770.0,,2
2025-02-05,2025-02,국내자사몰,61050.0,,1
2025-02-05,2025-02,국내자사몰,128100.0,,1
2025-02-05,2025-02,국내자사몰,61050.0,,1
2025-02-05,2025-02,국내자사몰,128100.0,,1
2025-02-05,2025-02,국내자사몰,100200.0,,1
2025-02-05,2025-02,국내자사몰,131100.0,,1
2025-02-05,2025-02,국내자사몰,128100.0,,1
2025-02-05,2025-02,국내자사몰,128100.0,,1
2025-02-05,2025-02,국내자사몰,128100.0,,1
2025-02-05,2025-02,국내자사몰,54850.0,,1
2025-02-05,2025-02,국내자사몰,85530.0,,1
2025-02-05,2025-02,국내자사몰,128100.0,,1
2025-02-05,2025-02,국내자사몰,32700.0,,1
2025-02-05,2025-02,국내자사몰,136650.0,,1
2025-02-05,2025-02,국내자사몰,52700.0,,1
2025-02-05,2025-02,국내자사몰,61050.0,,1
2025-02-05,2025-02,국내자사몰,128100.0,,1
2025-02-05,2025-02,국내자사몰,163650.0,,1
2025-02-05,2025-02,국내자사몰,129225.0,,1
2025-02-05,2025-02,국내자사몰,57900.0,,1
2025-02-05,2025-02,국내자사몰,57900.0,,1
2025-02-05,2025-02,국내자사몰,64000.0,,1
2025-02-05,2025-02,국내자사몰,173100.0,,1
2025-02-05,2025-02,국내자사몰,129225.0,,1
2025-02-05,2025-02,국내자사몰,249150.0,,3
2025-02-05,2025-02,국내자사몰,61050.0,,1
2025-02-05,2025-02,국내자사몰,119100.0,,1
2025-02-05,2025-02,국내자사몰,85530.0,,1
2025-02-05,2025-02,국내자사몰,62075.0,,1
2025-02-05,2025-02,국내자사몰,129225.0,,1
2025-02-05,2025-02,국내자사몰,136650.0,,1
2025-02-05,2025-02,국내자사몰,38700.0,,1
2025-02-05,2025-02,국내자사몰,47730.0,,1
2025-02-05,2025-02,국내자사몰,161400.0,,1
2025-02-05,2025-02,국내자사몰,218730.0,,3
2025-02-05,2025-02,국내자사몰,85530.0,,1
2025-02-05,2025-02,해외자사몰,143985.0,99.3,1
2025-02-05,2025-02,해외자사몰,245485.00000000003,169.3,2
2025-02-05,2025-02,해외자사몰,167040.0,115.2,2
2025-02-05,2025-02,해외자사몰,327265.0,225.7,2
2025-02-05,2025-02,해외자사몰,259115.0,178.7,3
2025-02-05,2025-02,해외자사몰,473715.0,326.7,4
2025-02-06,2025-02,국내자사몰,85530.0,,1
2025-02-06,2025-02,국내자사몰,119100.0,,2
2025-02-06,2025-02,국내자사몰,85530.0,,1
2025-02-06,2025-02,국내자사몰,142000.0,,1
2025-02-06,2025-02,국내자사몰,61050.0,,1
2025-02-06,2025-02,국내자사몰,61050.0,,1
2025-02-06,2025-02,국내자사몰,181380.0,,2
2025-02-06,2025-02,국내자사몰,129225.0,,1
2025-02-06,2025-02,국내자사몰,47730.0,,1
2025-02-06,2025-02,국내자사몰,128100.0,,1
2025-02-06,2025-02,국내자사몰,192150.0,,1
2025-02-06,2025-02,국내자사몰,61050.0,,1
2025-02-06,2025-02,국내자사몰,78650.0,,1
2025-02-06,2025-02,국내자사몰,45245.0,,1
2025-02-06,2025-02,국내자사몰,67500.0,,1
2025-02-06,2025-02,국내자사몰,84900.0,,1
2025-02-06,2025-02,국내자사몰,143580.0,,2
2025-02-06,2025-02,국내자사몰,38105.0,,1
2025-02-06,2025-02,국내자사몰,61050.0,,1
2025-02-06,2025-02,국내자사몰,85530.0,,1
2025-02-06,2025-02,국내자사몰,65550.0,,1
2025-02-06,2025-02,국내자사몰,119100.0,,1
2025-02-06,2025-02,국내자사몰,132000.0,,1
2025-02-06,2025-02,국내자사몰,219000.0,,2
2025-02-06,2025-02,국내자사몰,64000.0,,1
2025-02-06,2025-02,국내자사몰,160250.0,,2
2025-02-06,2025-02,국내자사몰,81300.0,,1
2025-02-06,2025-02,국내자사몰,61050.0,,1
2025-02-06,2025-02,국내자사몰,61050.0,,1
2025-02-06,2025-02,국내자사몰,83100.0,,1
2025-02-06,2025-02,국내자사몰,81300.0,,1
2025-02-06,2025-02,국내자사몰,195950.0,,3
2025-02-06,2025-02,국내자사몰,124050.0,,2
2025-02-06,2025-02,국내자사몰,67500.0,,1
2025-02-06,2025-02,국내자사몰,40170.0,,1
2025-02-06,2025-02,국내자사몰,41570.0,,1
2025-02-06,2025-02,국내자사몰,78650.0,,1
2025-02-06,2025-02,국내자사몰,83100.0,,1
2025-02-06,2025-02,국내자사몰,54850.0,,1
2025-02-06,2025-02,국내자사몰,106770.0,,2
2025-02-06,2025-02,국내자사몰,61050.0,,1
2025-02-06,2025-02,해외자사몰,424415.0,292.7,4
2025-02-06,2025-02,해외자사몰,119335.0,82.3,1
2025-02-06,2025-02,해외자사몰,218515.0,150.7,2
2025-02-06,2025-02,해외자사몰,218515.0,150.7,2
2025-02-07,2025-02,국내자사몰,85530.0,,1
2025-02-07,2025-02,국내자사몰,181380.0,,2
2025-02-07,2025-02,국내자사몰,120900.0,,1
2025-02-07,2025-02,국내자사몰,52700.0,,1
2025-02-07,2025-02,국내자사몰,128100.0,,1
2025-02-07,2025-02,국내자사몰,54850.0,,1
2025-02-07,2025-02,국내자사몰,108300.0,,1
2025-02-07,2025-02,국내자사몰,228675.0,,3
2025-02-07,2025-02,국내자사몰,71400.0,,1
2025-02-07,2025-02,국내자사몰,161400.0,,1
2025-02-07,2025-02,국내자사몰,81300.0,,1
2025-02-07,2025-02,국내자사몰,143505.0,,2
2025-02-07,2025-02,국내자사몰,142000.0,,1
2025-02-07,2025-02,국내자사몰,128100.0,,1
2025-02-07,2025-02,국내자사몰,57900.0,,1
2025-02-07,2025-02,국내자사몰,103170.0,,1
2025-02-07,2025-02,국내자사몰,136650.0,,1
2025-02-07,2025-02,국내자사몰,128100.0,,1
2025-02-07,2025-02,국내자사몰,85530.0,,1
2025-02-07,2025-02,국내자사몰,47730.0,,1
2025-02-07,2025-02,국내자사몰,80945.0,,1
2025-02-07,2025-02,국내자사몰,94700.0,,1
2025-02-07,2025-02,국내자사몰,57900.0,,1
2025-02-07,2025-02,국내자사몰,142000.0,,1
2025-02-07,2025-02,국내자사몰,64000.0,,1
2025-02-07,2025-02,국내자사몰,143400.0,,1
2025-02-07,2025-02,국내자사몰,204374.0,,3
2025-02-07,2025-02,국내자사몰,61050.0,,1
2025-02-07,2025-02,국내자사몰,62075.0,,1
2025-02-07,2025-02,해외자사몰,143985.0,99.3,1
2025-02-07,2025-02,해외자사몰,160080.0,110.4,1
2025-02-07,2025-02,해외자사몰,169070.0,116.6,1
2025-02-08,2025-02,국내자사몰,47730.0,,1
2025-02-08,2025-02,국내자사몰,57045.0,,3
2025-02-08,2025-02,국내자사몰,121150.0,,1
2025-02-08,2025-02,국내자사몰,81300.0,,1
2025-02-08,2025-02,국내자사몰,111000.0,,1
2025-02-08,2025-02,국내자사몰,47730.0,,1
2025-02-08,2025-02,국내자사몰,148500.0,,1
2025-02-08,2025-02,국내자사몰,120900.0,,1
2025-02-08,2025-02,국내자사몰,134000.0,,1
2025-02-08,2025-02,국내자사몰,136650.0,,1
2025-02-08,2025-02,국내자사몰,81300.0,,1
2025-02-08,2025-02,국내자사몰,94700.0,,1
2025-02-08,2025-02,국내자사몰,199200.0,,2
2025-02-08,2025-02,국내자사몰,128100.0,,1
2025-02-08,2025-02,국내자사몰,128100.0,,1
2025-02-08,2025-02,국내자사몰,45245.0,,1
2025-02-08,2025-02,국내자사몰,47730.0,,1
2025-02-08,2025-02,국내자사몰,47730.0,,1
2025-02-08,2025-02,국내자사몰,85530.0,,1
2025-02-08,2025-02,국내자사몰,246000.0,,2
2025-02-08,2025-02,국내자사몰,128100.0,,1
2025-02-08,2025-02,국내자사몰,184050.0,,2
2025-02-08,2025-02,국내자사몰,68990.0,,1
2025-02-08,2025-02,국내자사몰,224220.0,,3
2025-02-08,2025-02,국내자사몰,142000.0,,1
2025-02-08,2025-02,국내자사몰,61050.0,,1
2025-02-08,2025-02,국내자사몰,120900.0,,1
2025-02-08,2025-02,국내자사몰,133950.0,,2
2025-02-08,2025-02,국내자사몰,136650.0,,1
2025-02-08,2025-02,국내자사몰,85530.0,,1
2025-02-08,2025-02,국내자사몰,84270.0,,1
2025-02-08,2025-02,국내자사몰,306480.0,,4
2025-02-08,2025-02,국내자사몰,57900.0,,1
2025-02-08,2025-02,국내자사몰,61050.0,,1
2025-02-08,2025-02,국내자사몰,72500.0,,1
2025-02-08,2025-02,국내자사몰,85530.0,,1
2025-02-08,2025-02,국내자사몰,143580.0,,2
2025-02-08,2025-02,국내자사몰,61050.0,,1
2025-02-08,2025-02,국내자사몰,133540.0,,1
2025-02-08,2025-02,국내자사몰,126030.0,,2
2025-02-08,2025-02,국내자사몰,181380.0,,2
2025-02-08,2025-02,해외자사몰,127165.0,87.7,1
2025-02-08,2025-02,해외자사몰,158050.0,109.0,2
2025-02-09,2025-02,국내자사몰,136650.0,,1
2025-02-09,2025-02,국내자사몰,47730.0,,1
2025-02-09,2025-02,국내자사몰,57900.0,,1
2025-02-09,2025-02,국내자사몰,85530.0,,1
2025-02-09,2025-02,국내자사몰,128100.0,,1
2025-02-09,2025-02,국내자사몰,57900.0,,1
2025-02-09,2025-02,국내자사몰,139650.0,,1
2025-02-09,2025-02,국내자사몰,210810.0,,4
2025-02-09,2025-02,국내자사몰,128100.0,,1
2025-02-09,2025-02,국내자사몰,65550.0,,1
2025-02-09,2025-02,국내자사몰,94700.0,,1
2025-02-09,2025-02,국내자사몰,94700.0,,1
2025-02-09,2025-02,국내자사몰,116645.0,,2
2025-02-09,2025-02,국내자사몰,186915.0,,5
2025-02-09,2025-02,국내자사몰,64000.0,,1
2025-02-09,2025-02,국내자사몰,128100.0,,1
2025-02-09,2025-02,국내자사몰,121150.0,,1
2025-02-09,2025-02,국내자사몰,47730.0,,1
2025-02-09,2025-02,국내자사몰,64000.0,,1
2025-02-09,2025-02,국내자사몰,41700.0,,1
2025-02-09,2025-02,국내자사몰,120900.0,,1
2025-02-09,2025-02,국내자사몰,119100.0,,1
2025-02-09,2025-02,국내자사몰,174000.0,,2
2025-02-09,2025-02,국내자사몰,79000.0,,1
2025-02-09,2025-02,국내자사몰,57900.0,,1
2025-02-09,2025-02,국내자사몰,83100.0,,1
2025-02-09,2025-02,국내자사몰,85530.0,,1
2025-02-09,2025-02,국내자사몰,52700.0,,1
2025-02-09,2025-02,국내자사몰,94700.0,,1
2025-02-09,2025-02,국내자사몰,120900.0,,1
2025-02-09,2025-02,국내자사몰,47730.0,,1
2025-02-09,2025-02,국내자사몰,136650.0,,1
2025-02-09,2025-02,국내자사몰,131100.0,,1
2025-02-09,2025-02,국내자사몰,85530.0,,1
2025-02-09,2025-02,국내자사몰,353100.0,,3
2025-02-09,2025-02,국내자사몰,121150.0,,1
2025-02-09,2025-02,국내자사몰,189300.0,,2
2025-02-09,2025-02,국내자사몰,52725.0,,1
2025-02-09,2025-02,국내자사몰,61050.0,,1
2025-02-09,2025-02,국내자사몰,268500.0,,2
2025-02-09,2025-02,국내자사몰,142000.0,,1
2025-02-09,2025-02,해외자사몰,209235.00000000003,144.3,1
2025-02-09,2025-02,해외자사몰,286230.0,197.4,3
2025-02-09,2025-02,해외자사몰,418470.00000000006,288.6,3
2025-02-09,2025-02,해외자사몰,265640.0,183.2,2
2025-02-09,2025-02,해외자사몰,206625.0,142.5,2
2025-02-09,2025-02,해외자사몰,160515.0,110.7,2
2025-02-10,2025-02,국내자사몰,94700.0,,1
2025-02-10,2025-02,국내자사몰,61050.0,,1
2025-02-10,2025-02,국내자사몰,119100.0,,1
2025-02-10,2025-02,국내자사몰,128100.0,,1
2025-02-10,2025-02,국내자사몰,65550.0,,1
2025-02-10,2025-02,국내자사몰,201200.0,,2
2025-02-10,2025-02,국내자사몰,52700.0,,1
2025-02-10,2025-02,국내자사몰,136650.0,,1
2025-02-10,2025-02,국내자사몰,38700.0,,1
2025-02-10,2025-02,국내자사몰,82317.0,,1
2025-02-10,2025-02,국내자사몰,61050.0,,1
2025-02-10,2025-02,국내자사몰,196000.0,,3
2025-02-10,2025-02,국내자사몰,594075.0,,5
2025-02-10,2025-02,국내자사몰,61050.0,,1
2025-02-10,2025-02,국내자사몰,80945.0,,1
2025-02-10,2025-02,국내자사몰,61050.0,,1
2025-02-10,2025-02,국내자사몰,195330.0,,3
2025-02-10,2025-02,국내자사몰,121150.0,,1
2025-02-10,2025-02,국내자사몰,61050.0,,1
2025-02-10,2025-02,국내자사몰,172830.0,,2
2025-02-10,2025-02,국내자사몰,130260.0,,2
2025-02-10,2025-02,국내자사몰,47730.0,,1
2025-02-10,2025-02,국내자사몰,47730.0,,1
2025-02-10,2025-02,국내자사몰,259105.0,,3
2025-02-10,2025-02,국내자사몰,136650.0,,1
2025-02-10,2025-02,국내자사몰,85530.0,,1
2025-02-10,2025-02,국내자사몰,55650.0,,1
2025-02-10,2025-02,국내자사몰,143400.0,,1
2025-02-10,2025-02,국내자사몰,185700.0,,2
2025-02-10,2025-02,해외자사몰,356990.0,246.2,5
2025-02-10,2025-02,해외자사몰,343432.5,236.85,5
2025-02-11,2025-02,국내자사몰,145110.0,,1
2025-02-11,2025-02,국내자사몰,128100.0,,1
2025-02-11,2025-02,국내자사몰,61050.0,,1
2025-02-11,2025-02,국내자사몰,61050.0,,1
2025-02-11,2025-02,국내자사몰,57900.0,,1
2025-02-11,2025-02,국내자사몰,112650.0,,1
2025-02-11,2025-02,국내자사몰,61050.0,,1
2025-02-11,2025-02,국내자사몰,61050.0,,1
2025-02-11,2025-02,국내자사몰,151500.0,,1
2025-02-11,2025-02,국내자사몰,119100.0,,1
2025-02-11,2025-02,국내자사몰,85530.0,,1
2025-02-11,2025-02,국내자사몰,61050.0,,1
2025-02-11,2025-02,국내자사몰,61500.0,,1
2025-02-11,2025-02,국내자사몰,128100.0,,1
2025-02-11,2025-02,국내자사몰,319485.0,,7
2025-02-11,2025-02,국내자사몰,61050.0,,1
2025-02-11,2025-02,국내자사몰,94700.0,,1
2025-02-11,2025-02,국내자사몰,61050.0,,1
2025-02-11,2025-02,국내자사몰,161400.0,,1
2025-02-11,2025-02,국내자사몰,119100.0,,1
2025-02-11,2025-02,국내자사몰,85530.0,,1
2025-02-11,2025-02,해외자사몰,271440.0,187.2,2
2025-02-11,2025-02,해외자사몰,176320.0,121.6,1
2025-02-11,2025-02,해외자사몰,71050.0,49.0,1
2025-02-12,2025-02,국내자사몰,199200.0,,3
2025-02-12,2025-02,국내자사몰,57900.0,,1
2025-02-12,2025-02,국내자사몰,51510.0,,1
2025-02-12,2025-02,국내자사몰,56900.0,,1
2025-02-12,2025-02,국내자사몰,61050.0,,1
2025-02-12,2025-02,국내자사몰,61050.0,,1
2025-02-12,2025-02,국내자사몰,71670.0,,1
2025-02-12,2025-02,국내자사몰,48815.0,,1
2025-02-12,2025-02,국내자사몰,110550.0,,1
2025-02-12,2025-02,국내자사몰,138900.0,,1
2025-02-12,2025-02,국내자사몰,110550.0,,1
2025-02-12,2025-02,국내자사몰,488010.0,,5
2025-02-12,2025-02,국내자사몰,131350.0,,1
2025-02-12,2025-02,국내자사몰,85530.0,,1
2025-02-12,2025-02,국내자사몰,56900.0,,1
2025-02-12,2025-02,국내자사몰,85530.0,,1
2025-02-12,2025-02,국내자사몰,138900.0,,1
2025-02-12,2025-02,국내자사몰,193740.0,,3
2025-02-12,2025-02,국내자사몰,117660.0,,2
2025-02-12,2025-02,국내자사몰,199389.0,,2
2025-02-12,2025-02,국내자사몰,257700.0,,3
2025-02-12,2025-02,국내자사몰,72500.0,,1
2025-02-12,2025-02,국내자사몰,136650.0,,1
2025-02-12,2025-02,국내자사몰,160230.0,,2
2025-02-12,2025-02,국내자사몰,151500.0,,1
2025-02-12,2025-02,국내자사몰,128100.0,,1
2025-02-12,2025-02,국내자사몰,161400.0,,1
2025-02-12,2025-02,국내자사몰,152600.0,,1
2025-02-12,2025-02,국내자사몰,74410.0,,1
2025-02-12,2025-02,국내자사몰,67500.0,,1
2025-02-12,2025-02,국내자사몰,142000.0,,1
2025-02-12,2025-02,국내자사몰,81300.0,,1
2025-02-12,2025-02,국내자사몰,61050.0,,1
2025-02-12,2025-02,국내자사몰,85530.0,,1
2025-02-12,2025-02,국내자사몰,121150.0,,1
2025-02-12,2025-02,국내자사몰,129225.0,,1
2025-02-12,2025-02,국내자사몰,40800.0,,1
2025-02-12,2025-02,국내자사몰,128100.0,,1
2025-02-12,2025-02,국내자사몰,94700.0,,1
2025-02-12,2025-02,국내자사몰,57825.0,,1
2025-02-12,2025-02,국내자사몰,85530.0,,1
2025-02-12,2025-02,국내자사몰,127830.0,,2
2025-02-12,2025-02,국내자사몰,143400.0,,1
2025-02-12,2025-02,해외자사몰,87580.0,60.4,1
2025-02-12,2025-02,해외자사몰,102370.0,70.6,2
2025-02-13,2025-02,국내자사몰,76950.0,,1
2025-02-13,2025-02,국내자사몰,124500.0,,1
2025-02-13,2025-02,국내자사몰,57900.0,,1
2025-02-13,2025-02,국내자사몰,106410.0,,2
2025-02-13,2025-02,국내자사몰,85530.0,,1
2025-02-13,2025-02,국내자사몰,48000.0,,1
2025-02-13,2025-02,국내자사몰,94700.0,,1
2025-02-13,2025-02,국내자사몰,197400.0,,2
2025-02-13,2025-02,국내자사몰,61050.0,,1
2025-02-13,2025-02,국내자사몰,85450.0,,1
2025-02-13,2025-02,국내자사몰,154000.0,,1
2025-02-13,2025-02,국내자사몰,45750.0,,1
2025-02-13,2025-02,국내자사몰,61050.0,,1
2025-02-13,2025-02,국내자사몰,51510.0,,1
2025-02-13,2025-02,국내자사몰,22350.0,,1
2025-02-13,2025-02,국내자사몰,24500.0,,1
2025-02-13,2025-02,국내자사몰,122097.0,,1
2025-02-13,2025-02,국내자사몰,51510.0,,1
2025-02-13,2025-02,국내자사몰,154000.0,,1
2025-02-13,2025-02,국내자사몰,200550.0,,2
2025-02-13,2025-02,국내자사몰,131350.0,,1
2025-02-13,2025-02,국내자사몰,76950.0,,1
2025-02-13,2025-02,국내자사몰,61050.0,,1
2025-02-13,2025-02,국내자사몰,67500.0,,1
2025-02-13,2025-02,국내자사몰,100200.0,,1
2025-02-13,2025-02,해외자사몰,97585.0,67.3,1
2025-02-14,2025-02,국내자사몰,105780.0,,2
2025-02-14,2025-02,국내자사몰,138900.0,,1
2025-02-14,2025-02,국내자사몰,126705.0,,3
2025-02-14,2025-02,국내자사몰,312600.0,,2
2025-02-14,2025-02,국내자사몰,85530.0,,1
2025-02-14,2025-02,국내자사몰,51510.0,,1
2025-02-14,2025-02,국내자사몰,49700.0,,1
2025-02-14,2025-02,국내자사몰,57900.0,,1
2025-02-14,2025-02,국내자사몰,38910.0,,1
2025-02-14,2025-02,국내자사몰,51510.0,,1
2025-02-14,2025-02,국내자사몰,110550.0,,1
2025-02-14,2025-02,국내자사몰,164100.0,,1
2025-02-14,2025-02,국내자사몰,158000.0,,1
2025-02-14,2025-02,국내자사몰,161231.0,,3
2025-02-14,2025-02,국내자사몰,110550.0,,1
2025-02-14,2025-02,국내자사몰,50700.0,,1
2025-02-14,2025-02,국내자사몰,142500.0,,1
2025-02-14,2025-02,국내자사몰,47730.0,,1
2025-02-14,2025-02,국내자사몰,51510.0,,1
2025-02-14,2025-02,국내자사몰,51510.0,,1
2025-02-14,2025-02,국내자사몰,47730.0,,1
2025-02-14,2025-02,국내자사몰,57825.0,,1
2025-02-14,2025-02,국내자사몰,47730.0,,1
2025-02-14,2025-02,국내자사몰,146550.0,,1
2025-02-14,2025-02,국내자사몰,65920.0,,1
2025-02-14,2025-02,국내자사몰,177000.0,,2
2025-02-14,2025-02,국내자사몰,138900.0,,1
2025-02-14,2025-02,국내자사몰,85530.0,,1
2025-02-14,2025-02,국내자사몰,80945.0,,1
2025-02-14,2025-02,국내자사몰,64500.0,,1
2025-02-14,2025-02,국내자사몰,51510.0,,1
2025-02-14,2025-02,국내자사몰,64000.0,,1
2025-02-14,2025-02,해외자사몰,202565.0,139.7,1
2025-02-14,2025-02,해외자사몰,188645.0,130.1,1
2025-02-15,2025-02,국내자사몰,61050.0,,1
2025-02-15,2025-02,국내자사몰,47730.0,,1
2025-02-15,2025-02,국내자사몰,80945.0,,1
2025-02-15,2025-02,국내자사몰,85530.0,,1
2025-02-15,2025-02,국내자사몰,51510.0,,1
2025-02-15,2025-02,국내자사몰,313335.0,,4
2025-02-15,2025-02,국내자사몰,136650.0,,2
2025-02-15,2025-02,국내자사몰,94700.0,,1
2025-02-15,2025-02,국내자사몰,79000.0,,1
2025-02-15,2025-02,국내자사몰,183630.0,,2
2025-02-15,2025-02,국내자사몰,94700.0,,1
2025-02-15,2025-02,국내자사몰,94700.0,,1
2025-02-15,2025-02,국내자사몰,158000.0,,1
2025-02-15,2025-02,국내자사몰,61050.0,,1
2025-02-15,2025-02,국내자사몰,102720.0,,2
2025-02-15,2025-02,국내자사몰,51510.0,,1
2025-02-15,2025-02,국내자사몰,51510.0,,1
2025-02-15,2025-02,국내자사몰,61050.0,,1
2025-02-15,2025-02,국내자사몰,51510.0,,1
2025-02-15,2025-02,국내자사몰,80945.0,,1
2025-02-15,2025-02,국내자사몰,164100.0,,1
2025-02-15,2025-02,국내자사몰,164100.0,,1
2025-02-15,2025-02,국내자사몰,65550.0,,1
2025-02-15,2025-02,국내자사몰,47730.0,,1
2025-02-15,2025-02,국내자사몰,146550.0,,1
2025-02-15,2025-02,국내자사몰,61050.0,,1
2025-02-15,2025-02,국내자사몰,134750.0,,1
2025-02-15,2025-02,국내자사몰,57900.0,,1
2025-02-15,2025-02,국내자사몰,85530.0,,1
2025-02-15,2025-02,국내자사몰,154000.0,,1
2025-02-15,2025-02,국내자사몰,142500.0,,1
2025-02-15,2025-02,국내자사몰,197395.0,,2
2025-02-15,2025-02,국내자사몰,208830.0,,2
2025-02-15,2025-02,국내자사몰,131350.0,,1
2025-02-15,2025-02,국내자사몰,138900.0,,1
2025-02-15,2025-02,국내자사몰,69690.0,,2
2025-02-15,2025-02,해외자사몰,288115.0,198.7,2
2025-02-16,2025-02,국내자사몰,48815.0,,1
2025-02-16,2025-02,국내자사몰,61050.0,,1
2025-02-16,2025-02,국내자사몰,48815.0,,1
2025-02-16,2025-02,국내자사몰,51510.0,,1
2025-02-16,2025-02,국내자사몰,138900.0,,1
2025-02-16,2025-02,국내자사몰,229080.0,,2
2025-02-16,2025-02,국내자사몰,142500.0,,1
2025-02-16,2025-02,국내자사몰,47730.0,,1
2025-02-16,2025-02,국내자사몰,134750.0,,1
2025-02-16,2025-02,국내자사몰,154000.0,,1
2025-02-16,2025-02,국내자사몰,110550.0,,1
2025-02-16,2025-02,국내자사몰,51510.0,,1
2025-02-16,2025-02,국내자사몰,164100.0,,1
2025-02-16,2025-02,국내자사몰,134750.0,,1
2025-02-16,2025-02,국내자사몰,134607.0,,1
2025-02-16,2025-02,국내자사몰,51510.0,,1
2025-02-16,2025-02,국내자사몰,94700.0,,1
2025-02-16,2025-02,국내자사몰,52700.0,,1
2025-02-16,2025-02,국내자사몰,51510.0,,1
2025-02-16,2025-02,국내자사몰,138900.0,,1
2025-02-16,2025-02,국내자사몰,81075.0,,2
2025-02-16,2025-02,국내자사몰,199000.0,,2
2025-02-16,2025-02,국내자사몰,138900.0,,1
2025-02-16,2025-02,국내자사몰,57900.0,,1
2025-02-16,2025-02,국내자사몰,40800.0,,1
2025-02-16,2025-02,국내자사몰,57900.0,,1
2025-02-16,2025-02,국내자사몰,52700.0,,1
2025-02-16,2025-02,국내자사몰,57900.0,,1
2025-02-16,2025-02,해외자사몰,116580.0,80.4,1
2025-02-17,2025-02,국내자사몰,47730.0,,1
2025-02-17,2025-02,국내자사몰,142500.0,,1
2025-02-17,2025-02,국내자사몰,50730.0,,1
2025-02-17,2025-02,국내자사몰,138900.0,,1
2025-02-17,2025-02,국내자사몰,85530.0,,1
2025-02-17,2025-02,국내자사몰,109675.0,,2
2025-02-17,2025-02,국내자사몰,90000.0,,1
2025-02-17,2025-02,국내자사몰,51510.0,,1
2025-02-17,2025-02,국내자사몰,51510.0,,1
2025-02-17,2025-02,국내자사몰,61050.0,,1
2025-02-17,2025-02,국내자사몰,117305.0,,2
2025-02-17,2025-02,국내자사몰,61050.0,,1
2025-02-17,2025-02,국내자사몰,71400.0,,1
2025-02-17,2025-02,국내자사몰,269760.0,,3
2025-02-17,2025-02,국내자사몰,138900.0,,1
2025-02-17,2025-02,국내자사몰,179995.0,,2
2025-02-17,2025-02,국내자사몰,55650.0,,1
2025-02-17,2025-02,국내자사몰,51510.0,,1
2025-02-17,2025-02,국내자사몰,223140.0,,3
2025-02-17,2025-02,국내자사몰,142500.0,,1
2025-02-17,2025-02,국내자사몰,61050.0,,1
2025-02-17,2025-02,국내자사몰,61050.0,,1
2025-02-17,2025-02,국내자사몰,61050.0,,1
2025-02-17,2025-02,국내자사몰,85530.0,,1
2025-02-17,2025-02,국내자사몰,183630.0,,2
2025-02-17,2025-02,국내자사몰,85530.0,,1
2025-02-17,2025-02,국내자사몰,146550.0,,1
2025-02-17,2025-02,국내자사몰,85530.0,,1
2025-02-17,2025-02,해외자사몰,147320.0,101.6,1
2025-02-18,2025-02,국내자사몰,55238.0,,1
2025-02-18,2025-02,국내자사몰,61050.0,,1
2025-02-18,2025-02,국내자사몰,57900.0,,1
2025-02-18,2025-02,국내자사몰,158000.0,,1
2025-02-18,2025-02,국내자사몰,92100.0,,1
2025-02-18,2025-02,국내자사몰,85530.0,,1
2025-02-18,2025-02,국내자사몰,147900.0,,1
2025-02-18,2025-02,국내자사몰,142500.0,,1
2025-02-18,2025-02,국내자사몰,61050.0,,1
2025-02-18,2025-02,국내자사몰,242038.0,,3
2025-02-18,2025-02,국내자사몰,85530.0,,1
2025-02-18,2025-02,국내자사몰,100200.0,,1
2025-02-18,2025-02,국내자사몰,35184.0,,1
2025-02-18,2025-02,국내자사몰,56900.0,,1
2025-02-18,2025-02,국내자사몰,67080.0,,2
2025-02-18,2025-02,국내자사몰,39000.0,,1
2025-02-18,2025-02,국내자사몰,164100.0,,1
2025-02-18,2025-02,국내자사몰,149455.0,,2
2025-02-18,2025-02,국내자사몰,85530.0,,1
2025-02-18,2025-02,국내자사몰,57900.0,,1
2025-02-18,2025-02,국내자사몰,80945.0,,1
2025-02-18,2025-02,국내자사몰,138900.0,,1
2025-02-18,2025-02,국내자사몰,279390.0,,3
2025-02-18,2025-02,국내자사몰,52700.0,,1
2025-02-18,2025-02,국내자사몰,51510.0,,1
2025-02-18,2025-02,해외자사몰,147320.0,101.6,1
2025-02-18,2025-02,해외자사몰,384250.0,265.0,3
2025-02-19,2025-02,국내자사몰,55200.0,,1
2025-02-19,2025-02,국내자사몰,55200.0,,1
2025-02-19,2025-02,국내자사몰,47730.0,,1
2025-02-19,2025-02,국내자사몰,110100.0,,2
2025-02-19,2025-02,국내자사몰,47730.0,,1
2025-02-19,2025-02,국내자사몰,57900.0,,1
2025-02-19,2025-02,국내자사몰,94700.0,,1
2025-02-19,2025-02,국내자사몰,29309.0,,1
2025-02-19,2025-02,국내자사몰,55650.0,,1
2025-02-19,2025-02,국내자사몰,183630.0,,2
2025-02-19,2025-02,국내자사몰,52300.0,,1
2025-02-19,2025-02,국내자사몰,61050.0,,1
2025-02-19,2025-02,국내자사몰,34365.0,,1
2025-02-19,2025-02,국내자사몰,55200.0,,1
2025-02-19,2025-02,국내자사몰,65100.0,,1
2025-02-19,2025-02,국내자사몰,71400.0,,1
2025-02-19,2025-02,국내자사몰,158000.0,,1
2025-02-19,2025-02,국내자사몰,64000.0,,1
2025-02-19,2025-02,국내자사몰,47730.0,,1
2025-02-19,2025-02,국내자사몰,146550.0,,1
2025-02-19,2025-02,국내자사몰,92100.0,,1
2025-02-19,2025-02,국내자사몰,163830.0,,2
2025-02-19,2025-02,국내자사몰,57900.0,,1
2025-02-19,2025-02,국내자사몰,55200.0,,1
2025-02-19,2025-02,국내자사몰,796395.0,,6
2025-02-19,2025-02,국내자사몰,94700.0,,1
2025-02-19,2025-02,국내자사몰,54850.0,,1
2025-02-19,2025-02,국내자사몰,57825.0,,1
2025-02-19,2025-02,국내자사몰,52300.0,,1
2025-02-19,2025-02,국내자사몰,55200.0,,1
2025-02-19,2025-02,국내자사몰,64000.0,,1
2025-02-20,2025-02,국내자사몰,57900.0,,1
2025-02-20,2025-02,국내자사몰,87235.0,,1
2025-02-20,2025-02,국내자사몰,227820.0,,2
2025-02-20,2025-02,국내자사몰,71400.0,,1
2025-02-20,2025-02,국내자사몰,148350.0,,1
2025-02-20,2025-02,국내자사몰,54850.0,,1
2025-02-20,2025-02,국내자사몰,92190.0,,1
2025-02-20,2025-02,국내자사몰,119100.0,,1
2025-02-20,2025-02,국내자사몰,39080.0,,1
2025-02-20,2025-02,국내자사몰,61050.0,,1
2025-02-20,2025-02,국내자사몰,65550.0,,1
2025-02-20,2025-02,국내자사몰,119100.0,,1
2025-02-20,2025-02,국내자사몰,97605.0,,1
2025-02-20,2025-02,국내자사몰,55200.0,,1
2025-02-20,2025-02,국내자사몰,265055.0,,3
2025-02-20,2025-02,국내자사몰,57900.0,,1
2025-02-20,2025-02,국내자사몰,64000.0,,1
2025-02-20,2025-02,국내자사몰,94700.0,,1
2025-02-20,2025-02,국내자사몰,85530.0,,1
2025-02-20,2025-02,국내자사몰,146820.0,,2
2025-02-20,2025-02,국내자사몰,71000.0,,2
2025-02-20,2025-02,국내자사몰,138900.0,,1
2025-02-20,2025-02,국내자사몰,61050.0,,1
2025-02-20,2025-02,국내자사몰,235200.0,,2
2025-02-20,2025-02,국내자사몰,47730.0,,1
2025-02-20,2025-02,국내자사몰,119100.0,,1
2025-02-20,2025-02,국내자사몰,84270.0,,1
2025-02-20,2025-02,국내자사몰,147900.0,,1
2025-02-20,2025-02,해외자사몰,94105.0,64.9,2
2025-02-20,2025-02,해외자사몰,213150.0,147.0,3
2025-02-20,2025-02,해외자사몰,200390.0,138.2,3
2025-02-21,2025-02,국내자사몰,92100.0,,1
2025-02-21,2025-02,국내자사몰,45245.0,,1
2025-02-21,2025-02,국내자사몰,47730.0,,1
2025-02-21,2025-02,국내자사몰,142500.0,,1
2025-02-21,2025-02,국내자사몰,55200.0,,1
2025-02-21,2025-02,국내자사몰,85530.0,,1
2025-02-21,2025-02,국내자사몰,52700.0,,1
2025-02-21,2025-02,국내자사몰,71400.0,,1
2025-02-21,2025-02,국내자사몰,61000.0,,1
2025-02-21,2025-02,국내자사몰,57825.0,,1
2025-02-21,2025-02,국내자사몰,47730.0,,1
2025-02-21,2025-02,국내자사몰,65550.0,,1
2025-02-21,2025-02,국내자사몰,146100.0,,1
2025-02-21,2025-02,국내자사몰,162000.0,,1
2025-02-21,2025-02,국내자사몰,57825.0,,1
2025-02-21,2025-02,국내자사몰,67500.0,,1
2025-02-21,2025-02,국내자사몰,121890.0,,2
2025-02-21,2025-02,국내자사몰,134750.0,,1
2025-02-21,2025-02,국내자사몰,51330.0,,1
2025-02-21,2025-02,국내자사몰,22800.0,,1
2025-02-21,2025-02,국내자사몰,208290.0,,2
2025-02-21,2025-02,해외자사몰,231202.5,159.45,2
2025-02-21,2025-02,해외자사몰,69020.0,47.6,1
2025-02-22,2025-02,국내자사몰,30539.0,,1
2025-02-22,2025-02,국내자사몰,55200.0,,1
2025-02-22,2025-02,국내자사몰,85530.0,,1
2025-02-22,2025-02,국내자사몰,52700.0,,1
2025-02-22,2025-02,국내자사몰,81600.0,,2
2025-02-22,2025-02,국내자사몰,43995.0,,1
2025-02-22,2025-02,국내자사몰,72500.0,,1
2025-02-22,2025-02,국내자사몰,57900.0,,1
2025-02-22,2025-02,국내자사몰,57900.0,,1
2025-02-22,2025-02,국내자사몰,87795.0,,2
2025-02-22,2025-02,국내자사몰,139850.0,,1
2025-02-22,2025-02,국내자사몰,61000.0,,1
2025-02-22,2025-02,국내자사몰,162000.0,,1
2025-02-22,2025-02,국내자사몰,67500.0,,1
2025-02-22,2025-02,국내자사몰,55200.0,,1
2025-02-22,2025-02,국내자사몰,46650.0,,1
2025-02-22,2025-02,국내자사몰,65550.0,,1
2025-02-22,2025-02,국내자사몰,66900.0,,1
2025-02-22,2025-02,국내자사몰,57900.0,,1
2025-02-22,2025-02,국내자사몰,85530.0,,1
2025-02-22,2025-02,국내자사몰,55200.0,,1
2025-02-22,2025-02,국내자사몰,50000.0,,1
2025-02-22,2025-02,해외자사몰,119625.0,82.5,1
2025-02-22,2025-02,해외자사몰,167910.0,115.8,2
2025-02-22,2025-02,해외자사몰,140070.0,96.6,1
2025-02-22,2025-02,해외자사몰,111360.0,76.8,1
2025-02-22,2025-02,해외자사몰,195895.0,135.1,1
2025-02-23,2025-02,국내자사몰,142500.0,,1
2025-02-23,2025-02,국내자사몰,45245.0,,1
2025-02-23,2025-02,국내자사몰,147900.0,,1
2025-02-23,2025-02,국내자사몰,170670.0,,5
2025-02-23,2025-02,국내자사몰,85530.0,,1
2025-02-23,2025-02,국내자사몰,52700.0,,1
2025-02-23,2025-02,국내자사몰,234966.0,,4
2025-02-23,2025-02,국내자사몰,142500.0,,1
2025-02-23,2025-02,국내자사몰,138575.0,,1
2025-02-23,2025-02,국내자사몰,57900.0,,1
2025-02-23,2025-02,국내자사몰,158000.0,,1
2025-02-23,2025-02,국내자사몰,262200.0,,3
2025-02-23,2025-02,국내자사몰,146100.0,,1
2025-02-23,2025-02,국내자사몰,147900.0,,1
2025-02-23,2025-02,국내자사몰,93810.0,,2
2025-02-23,2025-02,국내자사몰,61050.0,,1
2025-02-23,2025-02,국내자사몰,55200.0,,1
2025-02-23,2025-02,국내자사몰,147900.0,,1
2025-02-23,2025-02,국내자사몰,65100.0,,1
2025-02-23,2025-02,국내자사몰,57900.0,,1
2025-02-23,2025-02,국내자사몰,164000.0,,1
2025-02-23,2025-02,국내자사몰,47730.0,,1
2025-02-23,2025-02,국내자사몰,84900.0,,1
2025-02-23,2025-02,국내자사몰,146100.0,,1
2025-02-23,2025-02,국내자사몰,138150.0,,1
2025-02-23,2025-02,해외자사몰,141810.0,97.8,2
2025-02-23,2025-02,해외자사몰,177915.0,122.7,3
2025-02-24,2025-02,국내자사몰,55000.0,,1
2025-02-24,2025-02,국내자사몰,119100.0,,1
2025-02-24,2025-02,국내자사몰,57900.0,,1
2025-02-24,2025-02,국내자사몰,119100.0,,1
2025-02-24,2025-02,국내자사몰,85530.0,,1
2025-02-24,2025-02,국내자사몰,190595.0,,2
2025-02-24,2025-02,국내자사몰,162000.0,,1
2025-02-24,2025-02,국내자사몰,194750.0,,2
2025-02-24,2025-02,국내자사몰,61050.0,,1
2025-02-24,2025-02,국내자사몰,47730.0,,1
2025-02-24,2025-02,국내자사몰,80945.0,,1
2025-02-24,2025-02,국내자사몰,57900.0,,1
2025-02-24,2025-02,국내자사몰,55200.0,,1
2025-02-24,2025-02,국내자사몰,52700.0,,1
2025-02-24,2025-02,국내자사몰,119100.0,,1
2025-02-24,2025-02,국내자사몰,154150.0,,1
2025-02-24,2025-02,국내자사몰,61050.0,,1
2025-02-24,2025-02,국내자사몰,76950.0,,2
2025-02-24,2025-02,국내자사몰,67500.0,,1
2025-02-24,2025-02,국내자사몰,55650.0,,1
2025-02-24,2025-02,해외자사몰,331252.5,228.45,4
2025-02-24,2025-02,해외자사몰,261870.0,180.6,2
2025-02-24,2025-02,해외자사몰,257882.5,177.85,4
2025-02-25,2025-02,국내자사몰,52700.0,,1
2025-02-25,2025-02,국내자사몰,223410.0,,2
2025-02-25,2025-02,국내자사몰,61050.0,,1
2025-02-25,2025-02,국내자사몰,47730.0,,1
2025-02-25,2025-02,국내자사몰,61050.0,,1
2025-02-25,2025-02,국내자사몰,61050.0,,1
2025-02-25,2025-02,국내자사몰,123000.0,,2
2025-02-25,2025-02,국내자사몰,22350.0,,1
2025-02-25,2025-02,국내자사몰,67500.0,,1
2025-02-25,2025-02,국내자사몰,47730.0,,1
2025-02-25,2025-02,국내자사몰,158000.0,,1
2025-02-25,2025-02,국내자사몰,219810.0,,2
2025-02-25,2025-02,국내자사몰,47730.0,,1
2025-02-25,2025-02,국내자사몰,61275.0,,1
2025-02-25,2025-02,국내자사몰,61000.0,,1
2025-02-25,2025-02,국내자사몰,57900.0,,1
2025-02-25,2025-02,국내자사몰,64000.0,,1
2025-02-25,2025-02,국내자사몰,94700.0,,1
2025-02-25,2025-02,국내자사몰,132000.0,,1
2025-02-25,2025-02,국내자사몰,85800.0,,1
2025-02-25,2025-02,국내자사몰,161875.0,,2
2025-02-25,2025-02,국내자사몰,47730.0,,1
2025-02-25,2025-02,국내자사몰,57900.0,,1
2025-02-25,2025-02,국내자사몰,138150.0,,1
2025-02-25,2025-02,국내자사몰,146100.0,,1
2025-02-25,2025-02,국내자사몰,65550.0,,1
2025-02-25,2025-02,해외자사몰,160080.0,110.4,1
2025-02-25,2025-02,해외자사몰,304427.5,209.95,4
2025-02-26,2025-02,국내자사몰,134750.0,,1
2025-02-26,2025-02,국내자사몰,83910.0,,1
2025-02-26,2025-02,국내자사몰,52700.0,,1
2025-02-26,2025-02,국내자사몰,83910.0,,1
2025-02-26,2025-02,국내자사몰,110100.0,,1
2025-02-26,2025-02,국내자사몰,61050.0,,1
2025-02-26,2025-02,국내자사몰,142000.0,,2
2025-02-26,2025-02,국내자사몰,83910.0,,1
2025-02-26,2025-02,국내자사몰,175000.0,,1
2025-02-26,2025-02,국내자사몰,67500.0,,1
2025-02-26,2025-02,국내자사몰,61050.0,,1
2025-02-26,2025-02,국내자사몰,89063.0,,2
2025-02-26,2025-02,국내자사몰,131350.0,,1
2025-02-26,2025-02,국내자사몰,175000.0,,1
2025-02-26,2025-02,국내자사몰,90550.0,,2
2025-02-26,2025-02,국내자사몰,297300.0,,2
2025-02-26,2025-02,국내자사몰,74289.0,,1
2025-02-26,2025-02,국내자사몰,141960.0,,2
2025-02-26,2025-02,국내자사몰,223230.0,,3
2025-02-26,2025-02,국내자사몰,147900.0,,2
2025-02-26,2025-02,국내자사몰,57900.0,,1
2025-02-27,2025-02,국내자사몰,52700.0,,1
2025-02-27,2025-02,국내자사몰,52700.0,,1
2025-02-27,2025-02,국내자사몰,100380.0,,2
2025-02-27,2025-02,국내자사몰,84900.0,,1
2025-02-27,2025-02,국내자사몰,45245.0,,1
2025-02-27,2025-02,국내자사몰,55650.0,,1
2025-02-27,2025-02,국내자사몰,146550.0,,1
2025-02-27,2025-02,국내자사몰,142500.0,,1
2025-02-27,2025-02,국내자사몰,61050.0,,1
2025-02-27,2025-02,국내자사몰,47730.0,,1
2025-02-27,2025-02,국내자사몰,67500.0,,1
2025-02-27,2025-02,국내자사몰,52700.0,,1
2025-02-27,2025-02,국내자사몰,138900.0,,1
2025-02-27,2025-02,국내자사몰,57825.0,,1
2025-02-27,2025-02,국내자사몰,37650.0,,1
2025-02-27,2025-02,해외자사몰,78300.0,54.0,1
2025-02-27,2025-02,해외자사몰,126875.0,87.5,1
2025-02-28,2025-02,국내자사몰,195150.0,,2
2025-02-28,2025-02,국내자사몰,90900.0,,1
2025-02-28,2025-02,국내자사몰,57825.0,,1
2025-02-28,2025-02,국내자사몰,40170.0,,1
2025-02-28,2025-02,국내자사몰,142500.0,,1
2025-02-28,2025-02,국내자사몰,142500.0,,1
2025-02-28,2025-02,국내자사몰,67500.0,,1
2025-02-28,2025-02,국내자사몰,142500.0,,1
2025-02-28,2025-02,국내자사몰,61050.0,,1
2025-02-28,2025-02,국내자사몰,104150.0,,1
2025-02-28,2025-02,국내자사몰,47730.0,,1
2025-02-28,2025-02,국내자사몰,131350.0,,1
2025-02-28,2025-02,국내자사몰,61050.0,,1
2025-02-28,2025-02,국내자사몰,189570.0,,3
2025-02-28,2025-02,국내자사몰,57900.0,,1
2025-02-28,2025-02,국내자사몰,78750.0,,2
2025-02-28,2025-02,국내자사몰,138900.0,,1
2025-02-28,2025-02,국내자사몰,71400.0,,1
2025-02-28,2025-02,국내자사몰,138900.0,,1
2025-02-28,2025-02,국내자사몰,61050.0,,1
2025-02-28,2025-02,국내자사몰,187230.0,,2
2025-02-28,2025-02,국내자사몰,103170.0,,1
2025-02-28,2025-02,해외자사몰,361920.0,249.6,2
2025-02-28,2025-02,해외자사몰,153555.0,105.9,1
2025-02-28,2025-02,해외자사몰,181105.0,124.9,2
2025-03-01,2025-03,국내자사몰,47730.0,,1
2025-03-01,2025-03,국내자사몰,142500.0,,1
2025-03-01,2025-03,국내자사몰,79110.0,,1
2025-03-01,2025-03,국내자사몰,221610.0,,2
2025-03-01,2025-03,국내자사몰,142500.0,,1
2025-03-01,2025-03,국내자사몰,80400.0,,2
2025-03-01,2025-03,국내자사몰,61050.0,,1
2025-03-01,2025-03,국내자사몰,47730.0,,1
2025-03-01,2025-03,국내자사몰,158000.0,,1
2025-03-01,2025-03,국내자사몰,90520.0,,3
2025-03-01,2025-03,국내자사몰,64000.0,,1
2025-03-01,2025-03,국내자사몰,47730.0,,1
2025-03-01,2025-03,국내자사몰,138900.0,,1
2025-03-01,2025-03,국내자사몰,257970.0,,2
2025-03-01,2025-03,국내자사몰,47730.0,,1
2025-03-01,2025-03,해외자사몰,356410.0,245.8,2
2025-03-02,2025-03,국내자사몰,61050.0,,1
2025-03-02,2025-03,국내자사몰,52700.0,,1
2025-03-02,2025-03,국내자사몰,47730.0,,1
2025-03-02,2025-03,국내자사몰,316389.0,,3
2025-03-02,2025-03,국내자사몰,70500.0,,1
2025-03-02,2025-03,국내자사몰,142500.0,,1
2025-03-02,2025-03,국내자사몰,154000.0,,1
2025-03-02,2025-03,국내자사몰,61050.0,,1
2025-03-02,2025-03,국내자사몰,100272.0,,1
2025-03-02,2025-03,국내자사몰,54850.0,,1
2025-03-02,2025-03,국내자사몰,80350.0,,1
2025-03-02,2025-03,국내자사몰,142500.0,,1
2025-03-02,2025-03,국내자사몰,157800.0,,1
2025-03-02,2025-03,국내자사몰,114300.0,,1
2025-03-02,2025-03,국내자사몰,142500.0,,1
2025-03-02,2025-03,국내자사몰,61050.0,,1
2025-03-02,2025-03,국내자사몰,151600.0,,1
2025-03-02,2025-03,국내자사몰,75900.0,,2
2025-03-02,2025-03,국내자사몰,52700.0,,1
2025-03-02,2025-03,국내자사몰,82475.0,,2
2025-03-02,2025-03,국내자사몰,57825.0,,1
2025-03-02,2025-03,국내자사몰,47730.0,,1
2025-03-02,2025-03,국내자사몰,61050.0,,1
2025-03-02,2025-03,국내자사몰,158000.0,,1
2025-03-02,2025-03,국내자사몰,187230.0,,2
2025-03-02,2025-03,국내자사몰,142500.0,,1
2025-03-02,2025-03,국내자사몰,162030.0,,2
2025-03-02,2025-03,국내자사몰,162030.0,,2
2025-03-02,2025-03,국내자사몰,142500.0,,1
2025-03-02,2025-03,국내자사몰,363145.0,,4
2025-03-02,2025-03,국내자사몰,142500.0,,1
2025-03-02,2025-03,국내자사몰,64000.0,,1
2025-03-02,2025-03,국내자사몰,47730.0,,1
2025-03-02,2025-03,해외자사몰,154570.0,106.6,1
2025-03-03,2025-03,국내자사몰,41475.0,,1
2025-03-03,2025-03,국내자사몰,83925.0,,1
2025-03-03,2025-03,국내자사몰,110950.0,,1
2025-03-03,2025-03,국내자사몰,150725.0,,2
2025-03-03,2025-03,국내자사몰,47730.0,,1
2025-03-03,2025-03,국내자사몰,159150.0,,2
2025-03-03,2025-03,국내자사몰,55650.0,,1
2025-03-03,2025-03,국내자사몰,52700.0,,1
2025-03-03,2025-03,국내자사몰,67500.0,,1
2025-03-03,2025-03,국내자사몰,75219.0,,1
2025-03-03,2025-03,국내자사몰,47730.0,,1
2025-03-03,2025-03,국내자사몰,138900.0,,1
2025-03-03,2025-03,국내자사몰,67500.0,,1
2025-03-03,2025-03,국내자사몰,52700.0,,1
2025-03-03,2025-03,국내자사몰,155400.0,,2
2025-03-03,2025-03,국내자사몰,316940.0,,5
2025-03-03,2025-03,국내자사몰,138900.0,,1
2025-03-03,2025-03,국내자사몰,67500.0,,1
2025-03-03,2025-03,국내자사몰,82110.0,,1
2025-03-03,2025-03,국내자사몰,89450.0,,1
2025-03-03,2025-03,국내자사몰,138900.0,,1
2025-03-03,2025-03,해외자사몰,155150.0,107.0,2
2025-03-03,2025-03,해외자사몰,227940.0,157.2,3
2025-03-03,2025-03,해외자사몰,390267.5,269.15,6
2025-03-04,2025-03,국내자사몰,65550.0,,1
2025-03-04,2025-03,국내자사몰,52700.0,,1
2025-03-04,2025-03,국내자사몰,157800.0,,1
2025-03-04,2025-03,국내자사몰,61050.0,,1
2025-03-04,2025-03,국내자사몰,61050.0,,1
2025-03-04,2025-03,국내자사몰,82110.0,,1
2025-03-04,2025-03,국내자사몰,176500.0,,2
2025-03-04,2025-03,국내자사몰,138575.0,,1
2025-03-04,2025-03,국내자사몰,64000.0,,1
2025-03-04,2025-03,국내자사몰,142500.0,,1
2025-03-04,2025-03,국내자사몰,47730.0,,1
2025-03-04,2025-03,국내자사몰,93900.0,,1
2025-03-04,2025-03,국내자사몰,173100.0,,1
2025-03-04,2025-03,국내자사몰,134750.0,,1
2025-03-04,2025-03,국내자사몰,146550.0,,1
2025-03-04,2025-03,국내자사몰,47730.0,,1
2025-03-04,2025-03,국내자사몰,149200.0,,1
2025-03-04,2025-03,국내자사몰,234000.0,,3
2025-03-04,2025-03,국내자사몰,47730.0,,1
2025-03-04,2025-03,국내자사몰,61050.0,,1
2025-03-04,2025-03,국내자사몰,67500.0,,1
2025-03-04,2025-03,국내자사몰,52700.0,,1
2025-03-04,2025-03,국내자사몰,101100.0,,1
2025-03-04,2025-03,국내자사몰,45245.0,,1
2025-03-04,2025-03,해외자사몰,280140.0,193.2,2
2025-03-04,2025-03,해외자사몰,154570.0,106.6,1
2025-03-04,2025-03,해외자사몰,231420.0,159.6,2
2025-03-05,2025-03,국내자사몰,158000.0,,1
2025-03-05,2025-03,국내자사몰,129630.0,,2
2025-03-05,2025-03,국내자사몰,52500.0,,1
2025-03-05,2025-03,국내자사몰,224400.0,,2
2025-03-05,2025-03,국내자사몰,103170.0,,1
2025-03-05,2025-03,국내자사몰,95000.0,,1
2025-03-05,2025-03,국내자사몰,114300.0,,1
2025-03-05,2025-03,국내자사몰,61500.0,,1
2025-03-05,2025-03,국내자사몰,84900.0,,1
2025-03-05,2025-03,국내자사몰,202530.0,,2
2025-03-05,2025-03,국내자사몰,52700.0,,1
2025-03-05,2025-03,국내자사몰,120450.0,,2
2025-03-05,2025-03,국내자사몰,61050.0,,1
2025-03-05,2025-03,국내자사몰,158000.0,,1
2025-03-05,2025-03,국내자사몰,142500.0,,1
2025-03-05,2025-03,국내자사몰,70500.0,,1
2025-03-05,2025-03,국내자사몰,45245.0,,1
2025-03-05,2025-03,국내자사몰,52700.0,,1
2025-03-05,2025-03,국내자사몰,71400.0,,1
2025-03-05,2025-03,국내자사몰,154000.0,,1
2025-03-05,2025-03,국내자사몰,187230.0,,2
2025-03-05,2025-03,국내자사몰,142500.0,,1
2025-03-05,2025-03,국내자사몰,47730.0,,1
2025-03-05,2025-03,국내자사몰,77430.0,,2
2025-03-05,2025-03,국내자사몰,158000.0,,1
2025-03-05,2025-03,국내자사몰,134750.0,,1
2025-03-05,2025-03,국내자사몰,67388.0,,2
2025-03-05,2025-03,해외자사몰,154570.0,106.6,1
2025-03-06,2025-03,국내자사몰,52700.0,,1
2025-03-06,2025-03,국내자사몰,163225.0,,2
2025-03-06,2025-03,국내자사몰,40935.0,,1
2025-03-06,2025-03,국내자사몰,97605.0,,1
2025-03-06,2025-03,국내자사몰,83910.0,,1
2025-03-06,2025-03,국내자사몰,99004.0,,3
2025-03-06,2025-03,국내자사몰,97279.0,,3
2025-03-06,2025-03,국내자사몰,142500.0,,1
2025-03-06,2025-03,국내자사몰,61050.0,,1
2025-03-06,2025-03,국내자사몰,150250.0,,1
2025-03-06,2025-03,국내자사몰,142500.0,,1
2025-03-06,2025-03,국내자사몰,157800.0,,1
2025-03-06,2025-03,국내자사몰,85800.0,,1
2025-03-06,2025-03,국내자사몰,141700.0,,2
2025-03-06,2025-03,국내자사몰,142500.0,,1
2025-03-06,2025-03,국내자사몰,142500.0,,1
2025-03-06,2025-03,국내자사몰,61050.0,,1
2025-03-06,2025-03,국내자사몰,142500.0,,1
2025-03-06,2025-03,국내자사몰,134750.0,,1
2025-03-06,2025-03,해외자사몰,94830.0,65.4,1
2025-03-07,2025-03,국내자사몰,138900.0,,1
2025-03-07,2025-03,국내자사몰,61050.0,,1
2025-03-07,2025-03,국내자사몰,54390.0,,1
2025-03-07,2025-03,국내자사몰,142500.0,,1
2025-03-07,2025-03,국내자사몰,64275.0,,1
2025-03-07,2025-03,국내자사몰,61050.0,,1
2025-03-07,2025-03,국내자사몰,187230.0,,2
2025-03-07,2025-03,국내자사몰,54390.0,,1
2025-03-07,2025-03,국내자사몰,67500.0,,1
2025-03-07,2025-03,국내자사몰,51535.0,,1
2025-03-07,2025-03,국내자사몰,103170.0,,1
2025-03-07,2025-03,국내자사몰,67500.0,,1
2025-03-07,2025-03,국내자사몰,142500.0,,1
2025-03-07,2025-03,국내자사몰,65550.0,,1
2025-03-07,2025-03,국내자사몰,47730.0,,1
2025-03-07,2025-03,국내자사몰,54390.0,,1
2025-03-07,2025-03,국내자사몰,83100.0,,1
2025-03-07,2025-03,국내자사몰,73993.0,,1
2025-03-07,2025-03,국내자사몰,52700.0,,1
2025-03-07,2025-03,국내자사몰,142500.0,,1
2025-03-07,2025-03,국내자사몰,141700.0,,2
2025-03-07,2025-03,국내자사몰,38312.0,,1
2025-03-07,2025-03,국내자사몰,47730.0,,1
2025-03-07,2025-03,국내자사몰,57825.0,,1
2025-03-07,2025-03,해외자사몰,154570.0,106.6,1
2025-03-07,2025-03,해외자사몰,403970.00000000006,278.6,4
2025-03-07,2025-03,해외자사몰,154570.0,106.6,1
2025-03-08,2025-03,국내자사몰,138900.0,,1
2025-03-08,2025-03,국내자사몰,142500.0,,1
2025-03-08,2025-03,국내자사몰,142500.0,,1
2025-03-08,2025-03,국내자사몰,103170.0,,1
2025-03-08,2025-03,국내자사몰,282000.0,,2
2025-03-08,2025-03,국내자사몰,142500.0,,1
2025-03-08,2025-03,국내자사몰,294150.0,,3
2025-03-08,2025-03,국내자사몰,51535.0,,1
2025-03-08,2025-03,국내자사몰,145040.0,,1
2025-03-08,2025-03,국내자사몰,94000.0,,1
2025-03-08,2025-03,국내자사몰,223410.0,,2
2025-03-08,2025-03,국내자사몰,47730.0,,1
2025-03-08,2025-03,국내자사몰,47730.0,,1
2025-03-08,2025-03,국내자사몰,158000.0,,1
2025-03-08,2025-03,국내자사몰,47730.0,,1
2025-03-08,2025-03,국내자사몰,61050.0,,1
2025-03-08,2025-03,국내자사몰,158000.0,,1
2025-03-08,2025-03,국내자사몰,171570.0,,2
2025-03-08,2025-03,국내자사몰,47730.0,,1
2025-03-08,2025-03,국내자사몰,52700.0,,1
2025-03-08,2025-03,국내자사몰,134000.0,,1
2025-03-08,2025-03,국내자사몰,65550.0,,1
2025-03-08,2025-03,국내자사몰,118780.0,,1
2025-03-08,2025-03,국내자사몰,142500.0,,1
2025-03-08,2025-03,국내자사몰,83100.0,,1
2025-03-08,2025-03,국내자사몰,157800.0,,1
2025-03-08,2025-03,국내자사몰,142500.0,,1
2025-03-08,2025-03,국내자사몰,85800.0,,1
2025-03-08,2025-03,국내자사몰,295050.0,,3
2025-03-08,2025-03,국내자사몰,79000.0,,1
2025-03-08,2025-03,국내자사몰,54390.0,,1
2025-03-08,2025-03,국내자사몰,84900.0,,1
2025-03-08,2025-03,국내자사몰,52700.0,,1
2025-03-08,2025-03,국내자사몰,57825.0,,1
2025-03-08,2025-03,국내자사몰,61050.0,,1
2025-03-08,2025-03,해외자사몰,151960.0,104.8,2
2025-03-08,2025-03,해외자사몰,471902.5,325.45,8
2025-03-09,2025-03,국내자사몰,78650.0,,1
2025-03-09,2025-03,국내자사몰,142500.0,,1
2025-03-09,2025-03,국내자사몰,103170.0,,1
2025-03-09,2025-03,국내자사몰,142500.0,,1
2025-03-09,2025-03,국내자사몰,49280.0,,1
2025-03-09,2025-03,국내자사몰,236070.0,,3
2025-03-09,2025-03,국내자사몰,223770.0,,2
2025-03-09,2025-03,국내자사몰,47730.0,,1
2025-03-09,2025-03,국내자사몰,61050.0,,1
2025-03-09,2025-03,국내자사몰,131350.0,,1
2025-03-09,2025-03,국내자사몰,138900.0,,1
2025-03-09,2025-03,국내자사몰,47730.0,,1
2025-03-09,2025-03,국내자사몰,142500.0,,1
2025-03-09,2025-03,국내자사몰,47730.0,,1
2025-03-09,2025-03,국내자사몰,112650.0,,2
2025-03-09,2025-03,국내자사몰,119100.0,,2
2025-03-09,2025-03,국내자사몰,142500.0,,1
2025-03-09,2025-03,국내자사몰,61050.0,,1
2025-03-09,2025-03,국내자사몰,142500.0,,1
2025-03-09,2025-03,국내자사몰,47730.0,,1
2025-03-09,2025-03,국내자사몰,83100.0,,1
2025-03-09,2025-03,국내자사몰,47730.0,,1
2025-03-09,2025-03,국내자사몰,47500.0,,1
2025-03-09,2025-03,국내자사몰,158000.0,,1
2025-03-09,2025-03,국내자사몰,47730.0,,1
2025-03-09,2025-03,해외자사몰,113100.0,78.0,1
2025-03-09,2025-03,해외자사몰,154860.0,106.8,2
2025-03-10,2025-03,국내자사몰,54390.0,,1
2025-03-10,2025-03,국내자사몰,83100.0,,1
2025-03-10,2025-03,국내자사몰,142500.0,,1
2025-03-10,2025-03,국내자사몰,138900.0,,1
2025-03-10,2025-03,국내자사몰,142500.0,,1
2025-03-10,2025-03,국내자사몰,86430.0,,2
2025-03-10,2025-03,국내자사몰,142500.0,,1
2025-03-10,2025-03,국내자사몰,142500.0,,1
2025-03-10,2025-03,국내자사몰,78650.0,,1
2025-03-10,2025-03,국내자사몰,52700.0,,1
2025-03-10,2025-03,국내자사몰,119100.0,,1
2025-03-10,2025-03,국내자사몰,61050.0,,1
2025-03-10,2025-03,국내자사몰,131350.0,,1
2025-03-10,2025-03,국내자사몰,142500.0,,1
2025-03-10,2025-03,국내자사몰,142500.0,,1
2025-03-10,2025-03,국내자사몰,31220.0,,1
2025-03-10,2025-03,국내자사몰,142500.0,,1
2025-03-10,2025-03,국내자사몰,55650.0,,1
2025-03-10,2025-03,국내자사몰,61050.0,,1
2025-03-10,2025-03,국내자사몰,142500.0,,1
2025-03-10,2025-03,국내자사몰,52700.0,,1
2025-03-10,2025-03,국내자사몰,45245.0,,1
2025-03-10,2025-03,국내자사몰,147330.0,,2
2025-03-10,2025-03,해외자사몰,263320.0,181.6,2
2025-03-10,2025-03,해외자사몰,189080.0,130.4,1
2025-03-10,2025-03,해외자사몰,154570.0,106.6,1
2025-03-11,2025-03,국내자사몰,146100.0,,1
2025-03-11,2025-03,국내자사몰,71400.0,,1
2025-03-11,2025-03,국내자사몰,146100.0,,1
2025-03-11,2025-03,국내자사몰,128100.0,,1
2025-03-11,2025-03,국내자사몰,162000.0,,1
2025-03-11,2025-03,국내자사몰,146100.0,,1
2025-03-11,2025-03,국내자사몰,50790.0,,1
2025-03-11,2025-03,국내자사몰,62000.0,,1
2025-03-11,2025-03,국내자사몰,62000.0,,1
2025-03-11,2025-03,국내자사몰,158000.0,,1
2025-03-11,2025-03,국내자사몰,142500.0,,1
2025-03-11,2025-03,국내자사몰,47730.0,,1
2025-03-11,2025-03,국내자사몰,78650.0,,1
2025-03-11,2025-03,국내자사몰,45245.0,,1
2025-03-11,2025-03,국내자사몰,47730.0,,1
2025-03-11,2025-03,국내자사몰,138900.0,,1
2025-03-11,2025-03,국내자사몰,142500.0,,1
2025-03-11,2025-03,국내자사몰,84900.0,,1
2025-03-11,2025-03,국내자사몰,142500.0,,1
2025-03-11,2025-03,국내자사몰,142500.0,,1
2025-03-11,2025-03,국내자사몰,86430.0,,2
2025-03-11,2025-03,국내자사몰,84900.0,,1
2025-03-11,2025-03,국내자사몰,267860.0,,3
2025-03-11,2025-03,해외자사몰,68150.0,47.0,2
2025-03-11,2025-03,해외자사몰,118900.0,82.0,1
2025-03-12,2025-03,국내자사몰,125400.0,,1
2025-03-12,2025-03,국내자사몰,84270.0,,1
2025-03-12,2025-03,국내자사몰,56100.0,,1
2025-03-12,2025-03,국내자사몰,146100.0,,1
2025-03-12,2025-03,국내자사몰,48135.0,,1
2025-03-12,2025-03,국내자사몰,146100.0,,1
2025-03-12,2025-03,국내자사몰,125400.0,,1
2025-03-12,2025-03,국내자사몰,62000.0,,1
2025-03-12,2025-03,국내자사몰,142000.0,,1
2025-03-12,2025-03,국내자사몰,82110.0,,1
2025-03-12,2025-03,국내자사몰,90900.0,,1
2025-03-12,2025-03,국내자사몰,288600.0,,3
2025-03-12,2025-03,국내자사몰,82110.0,,1
2025-03-12,2025-03,국내자사몰,82110.0,,1
2025-03-12,2025-03,국내자사몰,56100.0,,1
2025-03-12,2025-03,국내자사몰,149100.0,,1
2025-03-12,2025-03,국내자사몰,146100.0,,1
2025-03-12,2025-03,국내자사몰,146100.0,,1
2025-03-12,2025-03,국내자사몰,146100.0,,1
2025-03-12,2025-03,국내자사몰,146100.0,,1
2025-03-12,2025-03,국내자사몰,199200.0,,2
2025-03-12,2025-03,국내자사몰,213800.0,,2
2025-03-12,2025-03,국내자사몰,226200.0,,2
2025-03-12,2025-03,국내자사몰,403950.0,,6
2025-03-12,2025-03,국내자사몰,146100.0,,1
2025-03-12,2025-03,국내자사몰,162000.0,,1
2025-03-12,2025-03,국내자사몰,82110.0,,1
2025-03-12,2025-03,국내자사몰,132600.0,,1
2025-03-12,2025-03,국내자사몰,132600.0,,1
2025-03-12,2025-03,국내자사몰,71400.0,,1
2025-03-12,2025-03,국내자사몰,48135.0,,1
2025-03-12,2025-03,국내자사몰,46043.0,,1
2025-03-12,2025-03,국내자사몰,146100.0,,1
2025-03-12,2025-03,국내자사몰,146100.0,,1
2025-03-12,2025-03,국내자사몰,56100.0,,1
2025-03-12,2025-03,해외자사몰,207350.0,143.0,1
2025-03-13,2025-03,국내자사몰,41700.0,,1
2025-03-13,2025-03,국내자사몰,48135.0,,1
2025-03-13,2025-03,국내자사몰,186600.0,,2
2025-03-13,2025-03,국내자사몰,144160.0,,1
2025-03-13,2025-03,국내자사몰,56100.0,,1
2025-03-13,2025-03,국내자사몰,56100.0,,1
2025-03-13,2025-03,국내자사몰,138150.0,,1
2025-03-13,2025-03,국내자사몰,146100.0,,1
2025-03-13,2025-03,국내자사몰,241000.0,,3
2025-03-13,2025-03,국내자사몰,160530.0,,1
2025-03-13,2025-03,국내자사몰,193890.0,,2
2025-03-13,2025-03,국내자사몰,50790.0,,1
2025-03-13,2025-03,국내자사몰,44400.0,,2
2025-03-13,2025-03,국내자사몰,77340.0,,2
2025-03-13,2025-03,국내자사몰,56100.0,,1
2025-03-13,2025-03,국내자사몰,92100.0,,1
2025-03-13,2025-03,국내자사몰,83100.0,,1
2025-03-13,2025-03,국내자사몰,119100.0,,1
2025-03-13,2025-03,국내자사몰,139800.0,,1
2025-03-13,2025-03,국내자사몰,46000.0,,1
2025-03-13,2025-03,국내자사몰,132600.0,,1
2025-03-13,2025-03,국내자사몰,95000.0,,1
2025-03-13,2025-03,국내자사몰,92100.0,,1
2025-03-13,2025-03,국내자사몰,162000.0,,1
2025-03-13,2025-03,국내자사몰,146100.0,,1
2025-03-13,2025-03,국내자사몰,56100.0,,1
2025-03-13,2025-03,국내자사몰,85800.0,,1
2025-03-13,2025-03,국내자사몰,142500.0,,1
2025-03-13,2025-03,해외자사몰,245340.0,169.2,2
2025-03-13,2025-03,해외자사몰,184077.5,126.95,2
2025-03-13,2025-03,해외자사몰,207350.0,143.0,1
2025-03-13,2025-03,해외자사몰,271730.0,187.4,2
2025-03-14,2025-03,국내자사몰,146100.0,,1
2025-03-14,2025-03,국내자사몰,146100.0,,1
2025-03-14,2025-03,국내자사몰,56100.0,,1
2025-03-14,2025-03,국내자사몰,50790.0,,1
2025-03-14,2025-03,국내자사몰,146100.0,,1
2025-03-14,2025-03,국내자사몰,112683.0,,1
2025-03-14,2025-03,국내자사몰,50790.0,,1
2025-03-14,2025-03,국내자사몰,50790.0,,1
2025-03-14,2025-03,국내자사몰,50790.0,,1
2025-03-14,2025-03,국내자사몰,146100.0,,1
2025-03-14,2025-03,국내자사몰,175890.0,,2
2025-03-14,2025-03,국내자사몰,50790.0,,1
2025-03-14,2025-03,국내자사몰,50790.0,,1
2025-03-14,2025-03,국내자사몰,56100.0,,1
2025-03-14,2025-03,국내자사몰,65550.0,,1
2025-03-14,2025-03,국내자사몰,138150.0,,1
2025-03-14,2025-03,국내자사몰,142500.0,,1
2025-03-14,2025-03,국내자사몰,90900.0,,1
2025-03-14,2025-03,국내자사몰,146100.0,,1
2025-03-14,2025-03,국내자사몰,128100.0,,1
2025-03-14,2025-03,국내자사몰,56100.0,,1
2025-03-14,2025-03,국내자사몰,146100.0,,1
2025-03-14,2025-03,국내자사몰,125625.0,,1
2025-03-14,2025-03,국내자사몰,50790.0,,1
2025-03-14,2025-03,해외자사몰,117740.0,81.2,1
2025-03-15,2025-03,국내자사몰,162000.0,,1
2025-03-15,2025-03,국내자사몰,139881.0,,1
2025-03-15,2025-03,국내자사몰,65550.0,,2
2025-03-15,2025-03,국내자사몰,162000.0,,1
2025-03-15,2025-03,국내자사몰,138150.0,,1
2025-03-15,2025-03,국내자사몰,146100.0,,1
2025-03-15,2025-03,국내자사몰,56100.0,,1
2025-03-15,2025-03,국내자사몰,56100.0,,1
2025-03-15,2025-03,국내자사몰,146100.0,,1
2025-03-15,2025-03,국내자사몰,65060.0,,1
2025-03-15,2025-03,국내자사몰,146228.0,,2
2025-03-15,2025-03,국내자사몰,56100.0,,1
2025-03-15,2025-03,국내자사몰,84270.0,,1
2025-03-15,2025-03,국내자사몰,227500.0,,2
2025-03-15,2025-03,국내자사몰,147450.0,,2
2025-03-15,2025-03,국내자사몰,146100.0,,1
2025-03-15,2025-03,국내자사몰,162000.0,,1
2025-03-15,2025-03,국내자사몰,146100.0,,1
2025-03-15,2025-03,국내자사몰,125400.0,,1
2025-03-15,2025-03,국내자사몰,56100.0,,1
2025-03-15,2025-03,국내자사몰,215100.0,,2
2025-03-15,2025-03,국내자사몰,53150.0,,1
2025-03-15,2025-03,국내자사몰,56100.0,,1
2025-03-15,2025-03,국내자사몰,146100.0,,1
2025-03-15,2025-03,국내자사몰,56100.0,,1
2025-03-15,2025-03,국내자사몰,193890.0,,2
2025-03-15,2025-03,국내자사몰,50790.0,,1
2025-03-15,2025-03,국내자사몰,22350.0,,1
2025-03-15,2025-03,국내자사몰,193890.0,,2
2025-03-15,2025-03,국내자사몰,87150.0,,1
2025-03-15,2025-03,국내자사몰,71400.0,,1
2025-03-15,2025-03,국내자사몰,53150.0,,1
2025-03-16,2025-03,국내자사몰,162000.0,,1
2025-03-16,2025-03,국내자사몰,138150.0,,1
2025-03-16,2025-03,국내자사몰,138150.0,,1
2025-03-16,2025-03,국내자사몰,50790.0,,1
2025-03-16,2025-03,국내자사몰,162000.0,,1
2025-03-16,2025-03,국내자사몰,121150.0,,1
2025-03-16,2025-03,국내자사몰,146100.0,,1
2025-03-16,2025-03,국내자사몰,74730.0,,1
2025-03-16,2025-03,국내자사몰,146100.0,,1
2025-03-16,2025-03,국내자사몰,84270.0,,1
2025-03-16,2025-03,국내자사몰,92100.0,,1
2025-03-16,2025-03,국내자사몰,292170.0,,3
2025-03-16,2025-03,국내자사몰,146100.0,,1
2025-03-16,2025-03,국내자사몰,62000.0,,1
2025-03-16,2025-03,국내자사몰,293900.0,,3
2025-03-16,2025-03,국내자사몰,294550.0,,3
2025-03-16,2025-03,국내자사몰,138150.0,,1
2025-03-16,2025-03,국내자사몰,146100.0,,1
2025-03-16,2025-03,국내자사몰,142500.0,,1
2025-03-16,2025-03,국내자사몰,159400.0,,2
2025-03-16,2025-03,국내자사몰,168600.0,,2
2025-03-16,2025-03,국내자사몰,193890.0,,2
2025-03-16,2025-03,국내자사몰,138150.0,,1
2025-03-16,2025-03,국내자사몰,62000.0,,1
2025-03-16,2025-03,국내자사몰,128100.0,,1
2025-03-16,2025-03,국내자사몰,162000.0,,1
2025-03-16,2025-03,국내자사몰,193890.0,,2
2025-03-16,2025-03,국내자사몰,50790.0,,1
2025-03-16,2025-03,국내자사몰,128100.0,,1
2025-03-16,2025-03,해외자사몰,227360.00000000003,156.8,2
2025-03-16,2025-03,해외자사몰,207350.0,143.0,1
2025-03-17,2025-03,국내자사몰,142500.0,,1
2025-03-17,2025-03,국내자사몰,142500.0,,1
2025-03-17,2025-03,국내자사몰,128100.0,,1
2025-03-17,2025-03,국내자사몰,55650.0,,1
2025-03-17,2025-03,국내자사몰,50790.0,,1
2025-03-17,2025-03,국내자사몰,132600.0,,1
2025-03-17,2025-03,국내자사몰,146100.0,,1
2025-03-17,2025-03,국내자사몰,56100.0,,1
2025-03-17,2025-03,국내자사몰,82110.0,,1
2025-03-17,2025-03,국내자사몰,50790.0,,1
2025-03-17,2025-03,국내자사몰,132600.0,,1
2025-03-17,2025-03,국내자사몰,80400.0,,2
2025-03-17,2025-03,국내자사몰,290550.0,,3
2025-03-17,2025-03,국내자사몰,165450.0,,2
2025-03-17,2025-03,국내자사몰,50790.0,,1
2025-03-17,2025-03,국내자사몰,146100.0,,1
2025-03-17,2025-03,국내자사몰,305400.0,,3
2025-03-17,2025-03,국내자사몰,128100.0,,1
2025-03-17,2025-03,국내자사몰,146550.0,,1
2025-03-17,2025-03,국내자사몰,253200.0,,2
2025-03-17,2025-03,국내자사몰,62000.0,,1
2025-03-17,2025-03,국내자사몰,146100.0,,1
2025-03-17,2025-03,국내자사몰,53150.0,,1
2025-03-17,2025-03,국내자사몰,62000.0,,1
2025-03-17,2025-03,국내자사몰,146100.0,,1
2025-03-17,2025-03,국내자사몰,146100.0,,1
2025-03-17,2025-03,국내자사몰,146100.0,,1
2025-03-17,2025-03,해외자사몰,204160.00000000003,140.8,1
2025-03-18,2025-03,국내자사몰,125400.0,,1
2025-03-18,2025-03,국내자사몰,162800.0,,2
2025-03-18,2025-03,국내자사몰,146100.0,,1
2025-03-18,2025-03,국내자사몰,146100.0,,1
2025-03-18,2025-03,국내자사몰,124500.0,,2
2025-03-18,2025-03,국내자사몰,56100.0,,1
2025-03-18,2025-03,국내자사몰,138150.0,,1
2025-03-18,2025-03,국내자사몰,48135.0,,1
2025-03-18,2025-03,국내자사몰,50790.0,,1
2025-03-18,2025-03,국내자사몰,82110.0,,1
2025-03-18,2025-03,국내자사몰,50790.0,,1
2025-03-18,2025-03,국내자사몰,221000.0,,2
2025-03-18,2025-03,국내자사몰,146100.0,,1
2025-03-18,2025-03,국내자사몰,438600.0,,4
2025-03-18,2025-03,국내자사몰,56100.0,,1
2025-03-18,2025-03,국내자사몰,82110.0,,1
2025-03-18,2025-03,국내자사몰,84270.0,,1
2025-03-18,2025-03,국내자사몰,146100.0,,1
2025-03-18,2025-03,국내자사몰,56100.0,,1
2025-03-18,2025-03,국내자사몰,146100.0,,1
2025-03-18,2025-03,국내자사몰,25050.0,,1
2025-03-18,2025-03,국내자사몰,82110.0,,1
2025-03-18,2025-03,해외자사몰,147392.5,101.65,1
2025-03-19,2025-03,국내자사몰,82110.0,,1
2025-03-19,2025-03,국내자사몰,71400.0,,1
2025-03-19,2025-03,국내자사몰,56100.0,,1
2025-03-19,2025-03,국내자사몰,184800.0,,2
2025-03-19,2025-03,국내자사몰,146100.0,,1
2025-03-19,2025-03,국내자사몰,199200.0,,2
2025-03-19,2025-03,국내자사몰,109200.0,,2
2025-03-19,2025-03,국내자사몰,43500.0,,1
2025-03-19,2025-03,국내자사몰,146100.0,,1
2025-03-19,2025-03,국내자사몰,146100.0,,1
2025-03-19,2025-03,국내자사몰,162000.0,,1
2025-03-19,2025-03,국내자사몰,146100.0,,1
2025-03-19,2025-03,국내자사몰,43500.0,,1
2025-03-19,2025-03,국내자사몰,48000.0,,1
2025-03-19,2025-03,국내자사몰,90900.0,,1
2025-03-19,2025-03,국내자사몰,162000.0,,1
2025-03-19,2025-03,국내자사몰,56100.0,,1
2025-03-19,2025-03,국내자사몰,121150.0,,1
2025-03-19,2025-03,국내자사몰,128100.0,,1
2025-03-19,2025-03,국내자사몰,146100.0,,1
2025-03-19,2025-03,국내자사몰,62000.0,,1
2025-03-19,2025-03,국내자사몰,102000.0,,1
2025-03-19,2025-03,국내자사몰,146100.0,,1
2025-03-19,2025-03,국내자사몰,92100.0,,1
2025-03-19,2025-03,국내자사몰,146100.0,,1
2025-03-19,2025-03,국내자사몰,146100.0,,1
2025-03-19,2025-03,국내자사몰,124046.0,,1
2025-03-19,2025-03,국내자사몰,127290.0,,2
2025-03-19,2025-03,국내자사몰,85800.0,,1
2025-03-19,2025-03,국내자사몰,146100.0,,1
2025-03-19,2025-03,국내자사몰,50790.0,,1
2025-03-19,2025-03,국내자사몰,50790.0,,1
2025-03-19,2025-03,국내자사몰,62000.0,,1
2025-03-19,2025-03,국내자사몰,271200.0,,2
2025-03-19,2025-03,국내자사몰,53150.0,,1
2025-03-19,2025-03,국내자사몰,56100.0,,1
2025-03-19,2025-03,국내자사몰,102000.0,,1
2025-03-19,2025-03,국내자사몰,62000.0,,1
2025-03-19,2025-03,국내자사몰,142000.0,,1
2025-03-19,2025-03,국내자사몰,50790.0,,1
2025-03-19,2025-03,국내자사몰,50790.0,,1
2025-03-19,2025-03,국내자사몰,70500.0,,1
2025-03-19,2025-03,국내자사몰,138150.0,,1
2025-03-19,2025-03,국내자사몰,55650.0,,1
2025-03-19,2025-03,국내자사몰,400375.0,,7
2025-03-19,2025-03,국내자사몰,423750.0,,7
2025-03-19,2025-03,국내자사몰,146100.0,,1
2025-03-19,2025-03,해외자사몰,415570.00000000006,286.6,4
2025-03-20,2025-03,국내자사몰,50790.0,,1
2025-03-20,2025-03,국내자사몰,128100.0,,1
2025-03-20,2025-03,국내자사몰,110100.0,,1
2025-03-20,2025-03,국내자사몰,146100.0,,1
2025-03-20,2025-03,국내자사몰,50790.0,,1
2025-03-20,2025-03,국내자사몰,81200.0,,1
2025-03-20,2025-03,국내자사몰,40486.0,,1
2025-03-20,2025-03,국내자사몰,210900.0,,2
2025-03-20,2025-03,국내자사몰,56100.0,,1
2025-03-20,2025-03,국내자사몰,112445.0,,2
2025-03-20,2025-03,국내자사몰,38100.0,,1
2025-03-20,2025-03,국내자사몰,138150.0,,1
2025-03-20,2025-03,국내자사몰,146100.0,,1
2025-03-20,2025-03,국내자사몰,128100.0,,1
2025-03-20,2025-03,국내자사몰,162000.0,,1
2025-03-20,2025-03,국내자사몰,146100.0,,1
2025-03-20,2025-03,국내자사몰,121150.0,,1
2025-03-20,2025-03,국내자사몰,146100.0,,1
2025-03-20,2025-03,국내자사몰,92100.0,,1
2025-03-20,2025-03,국내자사몰,50790.0,,1
2025-03-20,2025-03,국내자사몰,67600.0,,1
2025-03-20,2025-03,국내자사몰,418800.0,,4
2025-03-20,2025-03,국내자사몰,138150.0,,1
2025-03-21,2025-03,국내자사몰,56100.0,,1
2025-03-21,2025-03,국내자사몰,79500.0,,1
2025-03-21,2025-03,국내자사몰,195600.0,,2
2025-03-21,2025-03,국내자사몰,146100.0,,1
2025-03-21,2025-03,국내자사몰,50790.0,,1
2025-03-21,2025-03,국내자사몰,56100.0,,1
2025-03-21,2025-03,국내자사몰,162000.0,,1
2025-03-21,2025-03,국내자사몰,123150.0,,2
2025-03-21,2025-03,국내자사몰,56100.0,,1
2025-03-21,2025-03,국내자사몰,61500.0,,1
2025-03-21,2025-03,국내자사몰,146100.0,,1
2025-03-21,2025-03,국내자사몰,92100.0,,1
2025-03-21,2025-03,국내자사몰,158220.0,,1
2025-03-21,2025-03,국내자사몰,275700.0,,2
2025-03-21,2025-03,국내자사몰,258600.0,,2
2025-03-21,2025-03,국내자사몰,137789.0,,1
2025-03-21,2025-03,국내자사몰,62000.0,,1
2025-03-21,2025-03,국내자사몰,142500.0,,1
2025-03-21,2025-03,국내자사몰,92100.0,,1
2025-03-21,2025-03,국내자사몰,158000.0,,1
2025-03-21,2025-03,국내자사몰,56100.0,,1
2025-03-21,2025-03,국내자사몰,138150.0,,1
2025-03-21,2025-03,해외자사몰,331760.0,228.8,2
2025-03-22,2025-03,국내자사몰,337710.0,,3
2025-03-22,2025-03,국내자사몰,65550.0,,1
2025-03-22,2025-03,국내자사몰,82110.0,,1
2025-03-22,2025-03,국내자사몰,65550.0,,1
2025-03-22,2025-03,국내자사몰,72500.0,,1
2025-03-22,2025-03,국내자사몰,70500.0,,1
2025-03-22,2025-03,국내자사몰,211710.0,,2
2025-03-22,2025-03,국내자사몰,46000.0,,1
2025-03-22,2025-03,국내자사몰,146100.0,,1
2025-03-22,2025-03,국내자사몰,146100.0,,1
2025-03-22,2025-03,국내자사몰,71400.0,,1
2025-03-22,2025-03,국내자사몰,56100.0,,1
2025-03-22,2025-03,국내자사몰,50790.0,,1
2025-03-22,2025-03,국내자사몰,146100.0,,1
2025-03-22,2025-03,국내자사몰,128100.0,,1
2025-03-22,2025-03,국내자사몰,77715.0,,1
2025-03-22,2025-03,국내자사몰,165000.0,,1
2025-03-22,2025-03,국내자사몰,228000.0,,2
2025-03-22,2025-03,국내자사몰,67530.0,,1
2025-03-22,2025-03,국내자사몰,85800.0,,1
2025-03-22,2025-03,해외자사몰,207350.0,143.0,1
2025-03-23,2025-03,국내자사몰,258600.0,,2
2025-03-23,2025-03,국내자사몰,71400.0,,1
2025-03-23,2025-03,국내자사몰,146100.0,,1
2025-03-23,2025-03,국내자사몰,154347.0,,1
2025-03-23,2025-03,국내자사몰,147000.0,,1
2025-03-23,2025-03,국내자사몰,146100.0,,1
2025-03-23,2025-03,국내자사몰,149100.0,,1
2025-03-23,2025-03,국내자사몰,146100.0,,1
2025-03-23,2025-03,국내자사몰,209465.0,,2
2025-03-23,2025-03,국내자사몰,221610.0,,2
2025-03-23,2025-03,국내자사몰,56100.0,,1
2025-03-23,2025-03,국내자사몰,79755.0,,1
2025-03-23,2025-03,국내자사몰,146100.0,,1
2025-03-23,2025-03,국내자사몰,138150.0,,1
2025-03-23,2025-03,국내자사몰,50790.0,,1
2025-03-24,2025-03,국내자사몰,103300.0,,2
2025-03-24,2025-03,국내자사몰,92100.0,,1
2025-03-24,2025-03,국내자사몰,146100.0,,1
2025-03-24,2025-03,국내자사몰,125745.0,,1
2025-03-24,2025-03,국내자사몰,119100.0,,1
2025-03-24,2025-03,국내자사몰,95700.0,,2
2025-03-24,2025-03,국내자사몰,159150.0,,2
2025-03-24,2025-03,국내자사몰,44500.0,,1
2025-03-24,2025-03,국내자사몰,43500.0,,1
2025-03-24,2025-03,국내자사몰,146469.0,,1
2025-03-24,2025-03,국내자사몰,138545.0,,1
2025-03-24,2025-03,국내자사몰,154219.0,,1
2025-03-24,2025-03,국내자사몰,43500.0,,1
2025-03-24,2025-03,국내자사몰,142500.0,,1
2025-03-24,2025-03,국내자사몰,138150.0,,1
2025-03-24,2025-03,국내자사몰,142500.0,,1
2025-03-24,2025-03,국내자사몰,128100.0,,1
2025-03-24,2025-03,국내자사몰,48135.0,,1
2025-03-24,2025-03,국내자사몰,121150.0,,1
2025-03-24,2025-03,국내자사몰,146100.0,,1
2025-03-25,2025-03,국내자사몰,162000.0,,1
2025-03-25,2025-03,국내자사몰,24300.0,,1
2025-03-25,2025-03,국내자사몰,142500.0,,1
2025-03-25,2025-03,국내자사몰,193890.0,,2
2025-03-25,2025-03,국내자사몰,74100.0,,1
2025-03-25,2025-03,국내자사몰,146100.0,,1
2025-03-25,2025-03,국내자사몰,82000.0,,1
2025-03-25,2025-03,국내자사몰,80400.0,,2
2025-03-25,2025-03,국내자사몰,43050.0,,1
2025-03-25,2025-03,국내자사몰,43050.0,,1
2025-03-25,2025-03,국내자사몰,146100.0,,1
2025-03-25,2025-03,국내자사몰,226650.0,,3
2025-03-25,2025-03,국내자사몰,186150.0,,2
2025-03-25,2025-03,국내자사몰,193890.0,,2
2025-03-25,2025-03,국내자사몰,79500.0,,1
2025-03-25,2025-03,국내자사몰,103305.0,,1
2025-03-25,2025-03,국내자사몰,65100.0,,1
2025-03-26,2025-03,국내자사몰,146100.0,,1
2025-03-26,2025-03,국내자사몰,43050.0,,1
2025-03-26,2025-03,국내자사몰,162000.0,,1
2025-03-26,2025-03,국내자사몰,165000.0,,1
2025-03-26,2025-03,국내자사몰,186150.0,,2
2025-03-26,2025-03,국내자사몰,50790.0,,1
2025-03-26,2025-03,국내자사몰,146100.0,,1
2025-03-26,2025-03,국내자사몰,48135.0,,1
2025-03-26,2025-03,국내자사몰,50790.0,,1
2025-03-26,2025-03,국내자사몰,146100.0,,1
2025-03-26,2025-03,국내자사몰,82000.0,,1
2025-03-26,2025-03,국내자사몰,56100.0,,1
2025-03-26,2025-03,국내자사몰,50790.0,,1
2025-03-26,2025-03,국내자사몰,428700.0,,5
2025-03-26,2025-03,국내자사몰,253200.0,,2
2025-03-26,2025-03,국내자사몰,193890.0,,2
2025-03-26,2025-03,국내자사몰,162000.0,,1
2025-03-26,2025-03,국내자사몰,56100.0,,1
2025-03-26,2025-03,국내자사몰,162000.0,,1
2025-03-26,2025-03,국내자사몰,36102.0,,1
2025-03-26,2025-03,국내자사몰,43050.0,,1
2025-03-27,2025-03,국내자사몰,110100.0,,1
2025-03-27,2025-03,국내자사몰,72000.0,,1
2025-03-27,2025-03,국내자사몰,183285.0,,2
2025-03-27,2025-03,국내자사몰,123150.0,,3
2025-03-27,2025-03,국내자사몰,50790.0,,1
2025-03-27,2025-03,국내자사몰,56100.0,,1
2025-03-27,2025-03,국내자사몰,50790.0,,1
2025-03-27,2025-03,국내자사몰,119100.0,,1
2025-03-27,2025-03,국내자사몰,146100.0,,1
2025-03-27,2025-03,국내자사몰,43050.0,,1
2025-03-27,2025-03,국내자사몰,47500.0,,1
2025-03-27,2025-03,국내자사몰,55650.0,,1
2025-03-27,2025-03,국내자사몰,138150.0,,1
2025-03-27,2025-03,국내자사몰,146100.0,,1
2025-03-27,2025-03,국내자사몰,43050.0,,1
2025-03-28,2025-03,국내자사몰,102000.0,,1
2025-03-28,2025-03,국내자사몰,119100.0,,1
2025-03-28,2025-03,국내자사몰,142500.0,,1
2025-03-28,2025-03,국내자사몰,146100.0,,1
2025-03-28,2025-03,국내자사몰,147900.0,,2
2025-03-28,2025-03,국내자사몰,43050.0,,1
2025-03-28,2025-03,국내자사몰,119100.0,,1
2025-03-28,2025-03,국내자사몰,44759.0,,1
2025-03-28,2025-03,국내자사몰,50790.0,,1
2025-03-28,2025-03,국내자사몰,162000.0,,1
2025-03-28,2025-03,국내자사몰,158000.0,,1
2025-03-28,2025-03,국내자사몰,82000.0,,1
2025-03-28,2025-03,국내자사몰,50790.0,,1
2025-03-28,2025-03,국내자사몰,162000.0,,1
2025-03-28,2025-03,국내자사몰,44985.0,,1
2025-03-28,2025-03,국내자사몰,50790.0,,1
2025-03-28,2025-03,국내자사몰,40825.0,,1
2025-03-28,2025-03,국내자사몰,43050.0,,1
2025-03-28,2025-03,국내자사몰,146100.0,,1
2025-03-28,2025-03,국내자사몰,138150.0,,1
2025-03-28,2025-03,국내자사몰,146100.0,,1
2025-03-28,2025-03,국내자사몰,82000.0,,1
2025-03-28,2025-03,국내자사몰,47500.0,,1
2025-03-28,2025-03,국내자사몰,47500.0,,1
2025-03-28,2025-03,국내자사몰,83100.0,,1
2025-03-28,2025-03,국내자사몰,43050.0,,1
2025-03-28,2025-03,국내자사몰,221160.0,,3
2025-03-28,2025-03,국내자사몰,138150.0,,1
2025-03-28,2025-03,국내자사몰,145200.0,,2
2025-03-29,2025-03,국내자사몰,91218.0,,1
2025-03-29,2025-03,국내자사몰,81300.0,,1
2025-03-29,2025-03,국내자사몰,82000.0,,1
2025-03-29,2025-03,국내자사몰,121890.0,,2
2025-03-29,2025-03,국내자사몰,135100.0,,2
2025-03-29,2025-03,국내자사몰,43050.0,,1
2025-03-29,2025-03,국내자사몰,162000.0,,1
2025-03-29,2025-03,국내자사몰,48135.0,,1
2025-03-29,2025-03,국내자사몰,179800.0,,2
2025-03-29,2025-03,국내자사몰,118470.0,,2
2025-03-29,2025-03,국내자사몰,119100.0,,1
2025-03-29,2025-03,국내자사몰,262200.0,,2
2025-03-29,2025-03,국내자사몰,146100.0,,1
2025-03-29,2025-03,국내자사몰,50790.0,,1
2025-03-29,2025-03,국내자사몰,146100.0,,1
2025-03-29,2025-03,국내자사몰,146100.0,,1
2025-03-30,2025-03,국내자사몰,146100.0,,1
2025-03-30,2025-03,국내자사몰,146100.0,,1
2025-03-30,2025-03,국내자사몰,82000.0,,1
2025-03-30,2025-03,국내자사몰,50790.0,,1
2025-03-30,2025-03,국내자사몰,119100.0,,1
2025-03-30,2025-03,국내자사몰,146100.0,,1
2025-03-30,2025-03,국내자사몰,162000.0,,1
2025-03-30,2025-03,국내자사몰,146100.0,,1
2025-03-30,2025-03,국내자사몰,146100.0,,1
2025-03-30,2025-03,국내자사몰,138300.0,,2
2025-03-30,2025-03,국내자사몰,183285.0,,2
2025-03-30,2025-03,국내자사몰,43050.0,,1
2025-03-30,2025-03,국내자사몰,50790.0,,1
2025-03-30,2025-03,국내자사몰,142500.0,,1
2025-03-30,2025-03,국내자사몰,90840.0,,2
2025-03-30,2025-03,국내자사몰,146100.0,,1
2025-03-30,2025-03,국내자사몰,162000.0,,1
2025-03-30,2025-03,국내자사몰,112650.0,,1
2025-03-30,2025-03,국내자사몰,43050.0,,1
2025-03-30,2025-03,국내자사몰,146100.0,,1
2025-03-31,2025-03,국내자사몰,146100.0,,1
2025-03-31,2025-03,국내자사몰,43050.0,,1
2025-03-31,2025-03,국내자사몰,141975.0,,2
2025-03-31,2025-03,국내자사몰,43050.0,,1
2025-03-31,2025-03,국내자사몰,70150.0,,1
2025-03-31,2025-03,국내자사몰,43050.0,,1
2025-03-31,2025-03,국내자사몰,47500.0,,1
2025-03-31,2025-03,국내자사몰,47500.0,,1
2025-03-31,2025-03,국내자사몰,81300.0,,1
2025-03-31,2025-03,국내자사몰,43050.0,,1
2025-03-31,2025-03,국내자사몰,146100.0,,1
2025-03-31,2025-03,국내자사몰,186664.0,,1
2025-03-31,2025-03,국내자사몰,50790.0,,1
2025-03-31,2025-03,국내자사몰,44400.0,,2
2025-03-31,2025-03,국내자사몰,110100.0,,1
2025-03-31,2025-03,국내자사몰,262200.0,,2
2025-03-31,2025-03,국내자사몰,48135.0,,1
2025-03-31,2025-03,국내자사몰,138150.0,,1
2025-03-31,2025-03,국내자사몰,146100.0,,1
2025-03-31,2025-03,국내자사몰,149100.0,,1
2025-03-31,2025-03,국내자사몰,146100.0,,1
2025-03-31,2025-03,국내자사몰,146100.0,,1
2025-03-31,2025-03,국내자사몰,128100.0,,1
2025-03-31,2025-03,국내자사몰,146100.0,,1
2025-03-31,2025-03,국내자사몰,162000.0,,1
2025-04-01,2025-04,국내자사몰,50790.0,,1
2025-04-01,2025-04,국내자사몰,52500.0,,1
2025-04-01,2025-04,국내자사몰,138150.0,,1
2025-04-01,2025-04,국내자사몰,146100.0,,1
2025-04-01,2025-04,국내자사몰,50790.0,,1
2025-04-01,2025-04,국내자사몰,43050.0,,1
2025-04-01,2025-04,국내자사몰,138450.0,,1
2025-04-01,2025-04,국내자사몰,43050.0,,1
2025-04-01,2025-04,국내자사몰,138150.0,,1
2025-04-01,2025-04,국내자사몰,146100.0,,1
2025-04-01,2025-04,국내자사몰,146100.0,,1
2025-04-01,2025-04,국내자사몰,43050.0,,1
2025-04-01,2025-04,국내자사몰,146100.0,,1
2025-04-01,2025-04,국내자사몰,119100.0,,1
2025-04-01,2025-04,국내자사몰,43050.0,,1
2025-04-01,2025-04,국내자사몰,138150.0,,1
2025-04-01,2025-04,국내자사몰,146100.0,,1
2025-04-01,2025-04,국내자사몰,56100.0,,1
2025-04-01,2025-04,국내자사몰,127290.0,,2
2025-04-01,2025-04,국내자사몰,76950.0,,1
2025-04-01,2025-04,국내자사몰,119100.0,,1
2025-04-02,2025-04,국내자사몰,137550.0,,1
2025-04-02,2025-04,국내자사몰,56100.0,,1
2025-04-02,2025-04,국내자사몰,121314.0,,1
2025-04-02,2025-04,국내자사몰,43050.0,,1
2025-04-02,2025-04,국내자사몰,77801.0,,1
2025-04-02,2025-04,국내자사몰,146100.0,,1
2025-04-02,2025-04,국내자사몰,208650.0,,2
2025-04-02,2025-04,국내자사몰,146100.0,,1
2025-04-02,2025-04,국내자사몰,175056.0,,2
2025-04-02,2025-04,국내자사몰,175056.0,,2
2025-04-02,2025-04,국내자사몰,253200.0,,2
2025-04-03,2025-04,국내자사몰,56100.0,,1
2025-04-03,2025-04,국내자사몰,128070.0,,1
2025-04-03,2025-04,국내자사몰,146100.0,,1
2025-04-03,2025-04,국내자사몰,79280.0,,2
2025-04-03,2025-04,국내자사몰,138150.0,,1
2025-04-03,2025-04,국내자사몰,47100.0,,1
2025-04-03,2025-04,국내자사몰,160590.0,,3
2025-04-03,2025-04,국내자사몰,146100.0,,1
2025-04-03,2025-04,국내자사몰,90000.0,,1
2025-04-03,2025-04,국내자사몰,43050.0,,1
2025-04-04,2025-04,국내자사몰,146100.0,,1
2025-04-04,2025-04,국내자사몰,50790.0,,1
2025-04-04,2025-04,국내자사몰,146100.0,,1
2025-04-04,2025-04,국내자사몰,146100.0,,1
2025-04-04,2025-04,국내자사몰,149100.0,,1
2025-04-04,2025-04,국내자사몰,56100.0,,1
2025-04-04,2025-04,국내자사몰,74100.0,,1
2025-04-04,2025-04,국내자사몰,50790.0,,1
2025-04-04,2025-04,국내자사몰,146100.0,,1
2025-04-04,2025-04,국내자사몰,56100.0,,1
2025-04-04,2025-04,국내자사몰,47100.0,,1
2025-04-04,2025-04,국내자사몰,50790.0,,1
2025-04-04,2025-04,국내자사몰,500300.0,,6
2025-04-04,2025-04,국내자사몰,142890.0,,2
2025-04-04,2025-04,국내자사몰,162000.0,,1
2025-04-04,2025-04,해외자사몰,117740.0,81.2,1
2025-04-05,2025-04,국내자사몰,43050.0,,1
2025-04-05,2025-04,국내자사몰,175975.0,,2
2025-04-05,2025-04,국내자사몰,43050.0,,1
2025-04-05,2025-04,국내자사몰,146100.0,,1
2025-04-05,2025-04,국내자사몰,158820.0,,1
2025-04-05,2025-04,국내자사몰,130800.0,,2
2025-04-05,2025-04,국내자사몰,138150.0,,1
2025-04-05,2025-04,국내자사몰,146100.0,,1
2025-04-05,2025-04,국내자사몰,146100.0,,1
2025-04-05,2025-04,국내자사몰,61500.0,,1
2025-04-05,2025-04,국내자사몰,146100.0,,1
2025-04-05,2025-04,국내자사몰,48135.0,,1
2025-04-06,2025-04,국내자사몰,138150.0,,1
2025-04-06,2025-04,국내자사몰,146100.0,,1
2025-04-06,2025-04,국내자사몰,146100.0,,1
2025-04-06,2025-04,국내자사몰,94375.0,,2
2025-04-06,2025-04,국내자사몰,146100.0,,1
2025-04-06,2025-04,국내자사몰,138150.0,,1
2025-04-06,2025-04,국내자사몰,146100.0,,1
2025-04-06,2025-04,국내자사몰,132060.0,,2
2025-04-06,2025-04,국내자사몰,50790.0,,1
2025-04-06,2025-04,국내자사몰,48135.0,,1
2025-04-06,2025-04,국내자사몰,183285.0,,2
2025-04-06,2025-04,국내자사몰,146100.0,,1
2025-04-06,2025-04,국내자사몰,146100.0,,1
2025-04-06,2025-04,해외자사몰,249182.5,171.85,4
2025-04-06,2025-04,해외자사몰,288840.0,199.2,2
2025-04-07,2025-04,국내자사몰,43050.0,,1
2025-04-07,2025-04,국내자사몰,79500.0,,1
2025-04-07,2025-04,국내자사몰,138150.0,,1
2025-04-07,2025-04,국내자사몰,146100.0,,1
2025-04-07,2025-04,국내자사몰,48135.0,,1
2025-04-07,2025-04,국내자사몰,194585.0,,2
2025-04-07,2025-04,국내자사몰,100600.0,,2
2025-04-07,2025-04,국내자사몰,104150.0,,1
2025-04-07,2025-04,국내자사몰,81300.0,,1
2025-04-07,2025-04,국내자사몰,43050.0,,1
2025-04-07,2025-04,국내자사몰,146100.0,,1
2025-04-07,2025-04,국내자사몰,129090.0,,3
2025-04-07,2025-04,국내자사몰,88000.0,,1
2025-04-07,2025-04,국내자사몰,50790.0,,1
2025-04-07,2025-04,국내자사몰,162000.0,,1
2025-04-07,2025-04,국내자사몰,162000.0,,1
2025-04-07,2025-04,국내자사몰,146100.0,,1
2025-04-08,2025-04,국내자사몰,146100.0,,1
2025-04-08,2025-04,국내자사몰,256650.0,,3
2025-04-08,2025-04,국내자사몰,141150.0,,1
2025-04-08,2025-04,국내자사몰,110100.0,,1
2025-04-08,2025-04,국내자사몰,50790.0,,1
2025-04-08,2025-04,국내자사몰,44300.0,,1
2025-04-09,2025-04,국내자사몰,146100.0,,1
2025-04-09,2025-04,국내자사몰,146100.0,,1
2025-04-09,2025-04,국내자사몰,79755.0,,1
2025-04-09,2025-04,국내자사몰,91640.0,,1
2025-04-09,2025-04,국내자사몰,154820.0,,1
2025-04-09,2025-04,국내자사몰,134750.0,,1
2025-04-09,2025-04,국내자사몰,146100.0,,1
2025-04-09,2025-04,국내자사몰,321200.0,,3
2025-04-09,2025-04,국내자사몰,162000.0,,1
2025-04-09,2025-04,국내자사몰,200965.0,,2
2025-04-09,2025-04,국내자사몰,146100.0,,1
2025-04-09,2025-04,국내자사몰,146100.0,,1
2025-04-09,2025-04,국내자사몰,56100.0,,1
2025-04-09,2025-04,해외자사몰,156020.0,107.6,1
2025-04-10,2025-04,국내자사몰,52095.0,,1
2025-04-10,2025-04,국내자사몰,146100.0,,1
2025-04-10,2025-04,국내자사몰,179400.0,,1
2025-04-10,2025-04,국내자사몰,123785.0,,2
2025-04-10,2025-04,국내자사몰,95565.0,,1
2025-04-10,2025-04,국내자사몰,138150.0,,1
2025-04-10,2025-04,국내자사몰,138150.0,,1
2025-04-10,2025-04,국내자사몰,146100.0,,1
2025-04-10,2025-04,국내자사몰,136245.0,,1
2025-04-10,2025-04,국내자사몰,106275.0,,1
2025-04-10,2025-04,국내자사몰,68610.0,,1
2025-04-10,2025-04,국내자사몰,160617.0,,1
2025-04-10,2025-04,국내자사몰,138150.0,,1
2025-04-10,2025-04,국내자사몰,56100.0,,1
2025-04-10,2025-04,국내자사몰,46774.0,,1
2025-04-10,2025-04,해외자사몰,293190.0,202.2,3
2025-04-11,2025-04,국내자사몰,50790.0,,1
2025-04-11,2025-04,국내자사몰,56100.0,,1
2025-04-11,2025-04,국내자사몰,179400.0,,1
2025-04-11,2025-04,국내자사몰,65200.0,,1
2025-04-11,2025-04,국내자사몰,146100.0,,1
2025-04-11,2025-04,국내자사몰,48135.0,,1
2025-04-11,2025-04,국내자사몰,96226.0,,1
2025-04-11,2025-04,국내자사몰,149100.0,,1
2025-04-11,2025-04,국내자사몰,50790.0,,1
2025-04-11,2025-04,국내자사몰,179400.0,,1
2025-04-11,2025-04,국내자사몰,169500.0,,1
2025-04-12,2025-04,국내자사몰,138150.0,,1
2025-04-12,2025-04,국내자사몰,50790.0,,1
2025-04-12,2025-04,국내자사몰,120405.0,,1
2025-04-12,2025-04,국내자사몰,110100.0,,1
2025-04-12,2025-04,국내자사몰,146100.0,,1
2025-04-12,2025-04,국내자사몰,144525.0,,1
2025-04-12,2025-04,국내자사몰,138150.0,,1
2025-04-12,2025-04,국내자사몰,138150.0,,1
2025-04-12,2025-04,국내자사몰,162000.0,,1
2025-04-12,2025-04,국내자사몰,93027.0,,1
2025-04-12,2025-04,국내자사몰,146100.0,,1
2025-04-12,2025-04,국내자사몰,169600.0,,1
2025-04-12,2025-04,국내자사몰,94970.0,,1
2025-04-12,2025-04,국내자사몰,154200.0,,2
2025-04-12,2025-04,국내자사몰,169600.0,,1
2025-04-12,2025-04,국내자사몰,162000.0,,1
2025-04-12,2025-04,국내자사몰,188000.0,,1
2025-04-12,2025-04,해외자사몰,127455.0,87.9,1
2025-04-13,2025-04,국내자사몰,138150.0,,1
2025-04-13,2025-04,국내자사몰,56028.0,,1
2025-04-13,2025-04,국내자사몰,183285.0,,2
2025-04-13,2025-04,국내자사몰,138150.0,,1
2025-04-13,2025-04,국내자사몰,230900.0,,2
2025-04-13,2025-04,국내자사몰,48135.0,,1
2025-04-13,2025-04,국내자사몰,279750.0,,3
2025-04-13,2025-04,국내자사몰,188130.0,,2
2025-04-13,2025-04,국내자사몰,169500.0,,1
2025-04-13,2025-04,국내자사몰,146100.0,,1
2025-04-13,2025-04,국내자사몰,101010.0,,1
2025-04-13,2025-04,국내자사몰,92100.0,,1
2025-04-13,2025-04,해외자사몰,91785.0,63.3,2
2025-04-14,2025-04,국내자사몰,138150.0,,1
2025-04-14,2025-04,국내자사몰,347000.0,,2
2025-04-14,2025-04,국내자사몰,146100.0,,1
2025-04-14,2025-04,국내자사몰,50790.0,,1
2025-04-14,2025-04,국내자사몰,47100.0,,1
2025-04-14,2025-04,국내자사몰,138150.0,,1
2025-04-14,2025-04,국내자사몰,50790.0,,1
2025-04-14,2025-04,국내자사몰,146100.0,,1
2025-04-14,2025-04,국내자사몰,146100.0,,1
2025-04-14,2025-04,국내자사몰,101010.0,,1
2025-04-14,2025-04,국내자사몰,146100.0,,1
2025-04-14,2025-04,국내자사몰,52680.0,,1
2025-04-14,2025-04,국내자사몰,182400.0,,1
2025-04-14,2025-04,국내자사몰,146100.0,,1
2025-04-14,2025-04,국내자사몰,245010.0,,2
2025-04-15,2025-04,국내자사몰,95565.0,,1
2025-04-15,2025-04,국내자사몰,40825.0,,1
2025-04-15,2025-04,국내자사몰,169500.0,,1
2025-04-15,2025-04,국내자사몰,160250.0,,1
2025-04-15,2025-04,국내자사몰,40825.0,,1
2025-04-15,2025-04,국내자사몰,179400.0,,1
2025-04-15,2025-04,국내자사몰,179400.0,,1
2025-04-15,2025-04,국내자사몰,162000.0,,1
2025-04-15,2025-04,국내자사몰,98580.0,,2
2025-04-15,2025-04,국내자사몰,43050.0,,1
2025-04-15,2025-04,국내자사몰,50790.0,,1
2025-04-15,2025-04,국내자사몰,295400.0,,2
2025-04-15,2025-04,국내자사몰,101010.0,,1
2025-04-15,2025-04,국내자사몰,94500.0,,1
2025-04-15,2025-04,국내자사몰,91200.0,,2
2025-04-15,2025-04,국내자사몰,98410.0,,1
2025-04-15,2025-04,국내자사몰,256287.0,,3
2025-04-15,2025-04,국내자사몰,56100.0,,1
2025-04-15,2025-04,국내자사몰,47100.0,,1
2025-04-16,2025-04,국내자사몰,316820.0,,4
2025-04-16,2025-04,국내자사몰,199000.0,,1
2025-04-16,2025-04,국내자사몰,179400.0,,1
2025-04-16,2025-04,국내자사몰,272730.0,,3
2025-04-16,2025-04,국내자사몰,169500.0,,1
2025-04-16,2025-04,국내자사몰,162000.0,,1
2025-04-16,2025-04,국내자사몰,56460.0,,1
2025-04-16,2025-04,국내자사몰,47500.0,,1
2025-04-16,2025-04,국내자사몰,264630.0,,3
2025-04-16,2025-04,국내자사몰,107175.0,,1
2025-04-16,2025-04,국내자사몰,43050.0,,1
2025-04-16,2025-04,국내자사몰,138150.0,,1
2025-04-16,2025-04,국내자사몰,370920.0,,4
2025-04-16,2025-04,국내자사몰,107076.0,,2
2025-04-16,2025-04,국내자사몰,193890.0,,2
2025-04-16,2025-04,국내자사몰,66450.0,,1
2025-04-16,2025-04,국내자사몰,169500.0,,1
2025-04-16,2025-04,국내자사몰,128100.0,,1
2025-04-16,2025-04,국내자사몰,95565.0,,1
2025-04-17,2025-04,국내자사몰,83550.0,,1
2025-04-17,2025-04,국내자사몰,64965.0,,1
2025-04-17,2025-04,국내자사몰,138150.0,,1
2025-04-17,2025-04,국내자사몰,88860.0,,1
2025-04-17,2025-04,국내자사몰,199000.0,,1
2025-04-17,2025-04,국내자사몰,43050.0,,1
2025-04-17,2025-04,국내자사몰,106275.0,,1
2025-04-17,2025-04,국내자사몰,47500.0,,1
2025-04-17,2025-04,국내자사몰,95565.0,,1
2025-04-17,2025-04,국내자사몰,43050.0,,1
2025-04-17,2025-04,국내자사몰,111900.0,,1
2025-04-17,2025-04,국내자사몰,31350.0,,1
2025-04-17,2025-04,국내자사몰,169500.0,,1
2025-04-17,2025-04,국내자사몰,106500.0,,2
2025-04-17,2025-04,국내자사몰,138150.0,,1
2025-04-17,2025-04,국내자사몰,146100.0,,1
2025-04-17,2025-04,국내자사몰,138150.0,,1
2025-04-18,2025-04,국내자사몰,148500.0,,1
2025-04-18,2025-04,국내자사몰,85350.0,,1
2025-04-18,2025-04,국내자사몰,88860.0,,1
2025-04-18,2025-04,국내자사몰,52000.0,,1
2025-04-18,2025-04,국내자사몰,43050.0,,1
2025-04-18,2025-04,국내자사몰,160250.0,,1
2025-04-18,2025-04,국내자사몰,50790.0,,1
2025-04-18,2025-04,국내자사몰,144525.0,,1
2025-04-18,2025-04,국내자사몰,43050.0,,1
2025-04-18,2025-04,국내자사몰,138150.0,,1
2025-04-18,2025-04,국내자사몰,154050.0,,1
2025-04-18,2025-04,국내자사몰,80775.0,,1
2025-04-18,2025-04,국내자사몰,138150.0,,1
2025-04-18,2025-04,국내자사몰,69000.0,,1
2025-04-18,2025-04,국내자사몰,43050.0,,1
2025-04-18,2025-04,국내자사몰,95565.0,,1
2025-04-18,2025-04,국내자사몰,23250.0,,1
2025-04-18,2025-04,국내자사몰,160250.0,,1
2025-04-18,2025-04,국내자사몰,274710.0,,4
2025-04-18,2025-04,해외자사몰,528626.5,364.57,5
2025-04-19,2025-04,국내자사몰,44650.0,,1
2025-04-19,2025-04,국내자사몰,178050.0,,2
2025-04-19,2025-04,국내자사몰,126675.0,,1
2025-04-19,2025-04,국내자사몰,83550.0,,1
2025-04-19,2025-04,국내자사몰,133950.0,,1
2025-04-19,2025-04,국내자사몰,167610.0,,3
2025-04-19,2025-04,국내자사몰,178050.0,,2
2025-04-19,2025-04,국내자사몰,142413.0,,2
2025-04-19,2025-04,국내자사몰,126675.0,,1
2025-04-19,2025-04,국내자사몰,66450.0,,1
2025-04-19,2025-04,국내자사몰,191990.0,,1
2025-04-19,2025-04,국내자사몰,126675.0,,1
2025-04-19,2025-04,국내자사몰,126675.0,,1
2025-04-19,2025-04,국내자사몰,76350.0,,2
2025-04-19,2025-04,국내자사몰,188000.0,,1
2025-04-19,2025-04,국내자사몰,133950.0,,1
2025-04-20,2025-04,국내자사몰,47500.0,,1
2025-04-20,2025-04,국내자사몰,179400.0,,1
2025-04-20,2025-04,국내자사몰,188000.0,,1
2025-04-20,2025-04,국내자사몰,109500.0,,2
2025-04-20,2025-04,국내자사몰,124500.0,,1
2025-04-20,2025-04,국내자사몰,40825.0,,1
2025-04-20,2025-04,국내자사몰,133950.0,,1
2025-04-20,2025-04,국내자사몰,72060.0,,2
2025-04-20,2025-04,국내자사몰,45363.0,,1
2025-04-20,2025-04,국내자사몰,43050.0,,1
2025-04-20,2025-04,국내자사몰,133950.0,,1
2025-04-20,2025-04,국내자사몰,224220.0,,4
2025-04-20,2025-04,국내자사몰,125625.0,,1
2025-04-20,2025-04,국내자사몰,140175.0,,1
2025-04-20,2025-04,해외자사몰,114550.0,79.0,1
2025-04-20,2025-04,해외자사몰,369750.0,255.0,3
2025-04-21,2025-04,국내자사몰,133950.0,,1
2025-04-21,2025-04,국내자사몰,95565.0,,1
2025-04-21,2025-04,국내자사몰,149160.0,,2
2025-04-21,2025-04,국내자사몰,111900.0,,1
2025-04-21,2025-04,국내자사몰,354360.0,,3
2025-04-21,2025-04,국내자사몰,188000.0,,1
2025-04-21,2025-04,국내자사몰,47500.0,,1
2025-04-21,2025-04,국내자사몰,283925.0,,2
2025-04-21,2025-04,국내자사몰,42781.0,,1
2025-04-21,2025-04,국내자사몰,75900.0,,1
2025-04-21,2025-04,국내자사몰,133950.0,,1
2025-04-21,2025-04,국내자사몰,44650.0,,1
2025-04-21,2025-04,국내자사몰,174720.0,,2
2025-04-21,2025-04,해외자사몰,136590.0,94.2,2
2025-04-21,2025-04,해외자사몰,93670.0,64.6,1
2025-04-22,2025-04,국내자사몰,96075.0,,1
2025-04-22,2025-04,국내자사몰,142000.0,,1
2025-04-22,2025-04,국내자사몰,46860.0,,1
2025-04-22,2025-04,국내자사몰,40170.0,,1
2025-04-22,2025-04,국내자사몰,49440.0,,1
2025-04-22,2025-04,국내자사몰,24060.0,,1
2025-04-22,2025-04,국내자사몰,140445.0,,1
2025-04-22,2025-04,국내자사몰,126675.0,,1
2025-04-22,2025-04,국내자사몰,44300.0,,1
2025-04-22,2025-04,국내자사몰,30930.0,,1
2025-04-22,2025-04,국내자사몰,50790.0,,1
2025-04-22,2025-04,국내자사몰,126675.0,,1
2025-04-22,2025-04,국내자사몰,137100.0,,1
2025-04-22,2025-04,국내자사몰,133950.0,,1
2025-04-22,2025-04,국내자사몰,133950.0,,1
2025-04-22,2025-04,국내자사몰,68610.0,,1
2025-04-22,2025-04,국내자사몰,101010.0,,1
2025-04-22,2025-04,국내자사몰,178050.0,,2
2025-04-23,2025-04,국내자사몰,124320.0,,3
2025-04-23,2025-04,국내자사몰,92378.0,,3
2025-04-23,2025-04,국내자사몰,121665.0,,1
2025-04-23,2025-04,국내자사몰,389640.0,,4
2025-04-23,2025-04,국내자사몰,101550.0,,1
2025-04-23,2025-04,국내자사몰,26400.0,,1
2025-04-23,2025-04,국내자사몰,68610.0,,1
2025-04-23,2025-04,국내자사몰,46860.0,,1
2025-04-23,2025-04,국내자사몰,81300.0,,1
2025-04-23,2025-04,국내자사몰,169860.0,,2
2025-04-23,2025-04,국내자사몰,135050.0,,1
2025-04-23,2025-04,국내자사몰,138675.0,,3
2025-04-23,2025-04,국내자사몰,38820.0,,1
2025-04-23,2025-04,국내자사몰,118650.0,,1
2025-04-23,2025-04,국내자사몰,36830.0,,1
2025-04-23,2025-04,국내자사몰,123190.0,,1
2025-04-23,2025-04,국내자사몰,38820.0,,1
2025-04-23,2025-04,국내자사몰,289800.0,,4
2025-04-23,2025-04,국내자사몰,41850.0,,2
2025-04-23,2025-04,국내자사몰,43050.0,,1
2025-04-23,2025-04,국내자사몰,26260.0,,1
2025-04-23,2025-04,국내자사몰,28000.0,,1
2025-04-23,2025-04,국내자사몰,128100.0,,1
2025-04-23,2025-04,국내자사몰,46860.0,,1
2025-04-23,2025-04,국내자사몰,54600.0,,1
2025-04-23,2025-04,국내자사몰,43928.0,,2
2025-04-23,2025-04,국내자사몰,36830.0,,1
2025-04-23,2025-04,국내자사몰,142000.0,,1
2025-04-23,2025-04,국내자사몰,29775.0,,1
2025-04-23,2025-04,국내자사몰,30693.0,,2
2025-04-23,2025-04,국내자사몰,128100.0,,1
2025-04-23,2025-04,국내자사몰,48323.0,,2
2025-04-23,2025-04,국내자사몰,34500.0,,1
2025-04-23,2025-04,국내자사몰,97350.0,,1
2025-04-23,2025-04,국내자사몰,99100.0,,2
2025-04-23,2025-04,국내자사몰,38820.0,,1
2025-04-23,2025-04,국내자사몰,128100.0,,1
2025-04-23,2025-04,국내자사몰,38820.0,,1
2025-04-23,2025-04,국내자사몰,101550.0,,1
2025-04-23,2025-04,국내자사몰,30838.0,,2
2025-04-23,2025-04,국내자사몰,39900.0,,1
2025-04-23,2025-04,국내자사몰,14475.0,,1
2025-04-23,2025-04,국내자사몰,30838.0,,2
2025-04-23,2025-04,국내자사몰,128100.0,,1
2025-04-23,2025-04,국내자사몰,128820.0,,1
2025-04-23,2025-04,국내자사몰,121830.0,,1
2025-04-23,2025-04,국내자사몰,39900.0,,1
2025-04-23,2025-04,국내자사몰,128100.0,,1
2025-04-23,2025-04,국내자사몰,49980.0,,2
2025-04-23,2025-04,국내자사몰,129863.0,,4
2025-04-23,2025-04,국내자사몰,81300.0,,1
2025-04-23,2025-04,국내자사몰,112500.0,,1
2025-04-23,2025-04,국내자사몰,137325.0,,4
2025-04-23,2025-04,국내자사몰,38820.0,,1
2025-04-23,2025-04,국내자사몰,89150.0,,2
2025-04-23,2025-04,국내자사몰,260550.0,,3
2025-04-23,2025-04,국내자사몰,44000.0,,1
2025-04-23,2025-04,국내자사몰,121150.0,,1
2025-04-23,2025-04,국내자사몰,38820.0,,1
2025-04-23,2025-04,국내자사몰,102111.0,,1
2025-04-23,2025-04,국내자사몰,41700.0,,1
2025-04-23,2025-04,국내자사몰,74439.0,,3
2025-04-23,2025-04,국내자사몰,126690.0,,5
2025-04-23,2025-04,국내자사몰,50880.0,,1
2025-04-23,2025-04,국내자사몰,88720.0,,3
2025-04-23,2025-04,국내자사몰,165090.0,,3
2025-04-23,2025-04,국내자사몰,33600.0,,2
2025-04-23,2025-04,국내자사몰,228590.0,,3
2025-04-23,2025-04,국내자사몰,58335.0,,2
2025-04-23,2025-04,국내자사몰,221400.0,,1
2025-04-23,2025-04,해외자사몰,434086.5,299.37,3
2025-04-23,2025-04,해외자사몰,175290.5,120.89,5
2025-04-23,2025-04,해외자사몰,232000.0,160.0,2
2025-04-24,2025-04,국내자사몰,36830.0,,1
2025-04-24,2025-04,국내자사몰,36830.0,,1
2025-04-24,2025-04,국내자사몰,78098.0,,2
2025-04-24,2025-04,국내자사몰,56900.0,,1
2025-04-24,2025-04,국내자사몰,289973.0,,7
2025-04-24,2025-04,국내자사몰,81480.0,,1
2025-04-24,2025-04,국내자사몰,107583.0,,1
2025-04-24,2025-04,국내자사몰,134860.0,,1
2025-04-24,2025-04,국내자사몰,39900.0,,1
2025-04-24,2025-04,국내자사몰,38820.0,,1
2025-04-24,2025-04,국내자사몰,36830.0,,1
2025-04-24,2025-04,국내자사몰,42800.0,,1
2025-04-24,2025-04,국내자사몰,40170.0,,1
2025-04-24,2025-04,국내자사몰,38820.0,,1
2025-04-24,2025-04,국내자사몰,40170.0,,1
2025-04-24,2025-04,국내자사몰,33843.0,,1
2025-04-24,2025-04,국내자사몰,221400.0,,1
2025-04-24,2025-04,국내자사몰,169175.0,,3
2025-04-24,2025-04,국내자사몰,25275.0,,1
2025-04-24,2025-04,국내자사몰,128100.0,,1
2025-04-24,2025-04,국내자사몰,38820.0,,1
2025-04-24,2025-04,국내자사몰,36830.0,,1
2025-04-24,2025-04,국내자사몰,64625.0,,1
2025-04-24,2025-04,국내자사몰,37830.0,,1
2025-04-24,2025-04,국내자사몰,177930.0,,5
2025-04-24,2025-04,국내자사몰,171165.0,,3
2025-04-24,2025-04,국내자사몰,46860.0,,1
2025-04-24,2025-04,국내자사몰,26400.0,,1
2025-04-24,2025-04,국내자사몰,42800.0,,1
2025-04-24,2025-04,국내자사몰,39765.0,,1
2025-04-24,2025-04,국내자사몰,169320.0,,1
2025-04-24,2025-04,국내자사몰,195870.0,,3
2025-04-24,2025-04,국내자사몰,135900.0,,4
2025-04-24,2025-04,국내자사몰,25680.0,,1
2025-04-24,2025-04,국내자사몰,150375.0,,2
2025-04-24,2025-04,국내자사몰,52140.0,,2
2025-04-24,2025-04,국내자사몰,172425.0,,3
2025-04-24,2025-04,해외자사몰,133211.5,91.87,2
2025-04-24,2025-04,해외자사몰,174000.0,120.0,1
2025-04-24,2025-04,해외자사몰,93800.5,64.69,1
2025-04-24,2025-04,해외자사몰,54012.5,37.25,1
2025-04-25,2025-04,국내자사몰,121830.0,,1
2025-04-25,2025-04,국내자사몰,121150.0,,1
2025-04-25,2025-04,국내자사몰,74910.0,,2
2025-04-25,2025-04,국내자사몰,37850.0,,1
2025-04-25,2025-04,국내자사몰,158000.0,,3
2025-04-25,2025-04,국내자사몰,169320.0,,1
2025-04-25,2025-04,국내자사몰,154980.0,,2
2025-04-25,2025-04,국내자사몰,128820.0,,1
2025-04-25,2025-04,국내자사몰,255360.0,,2
2025-04-25,2025-04,국내자사몰,128100.0,,1
2025-04-25,2025-04,국내자사몰,49980.0,,3
2025-04-25,2025-04,국내자사몰,121150.0,,1
2025-04-25,2025-04,국내자사몰,121830.0,,1
2025-04-25,2025-04,국내자사몰,41700.0,,1
2025-04-25,2025-04,국내자사몰,36830.0,,1
2025-04-25,2025-04,국내자사몰,44300.0,,1
2025-04-25,2025-04,국내자사몰,42800.0,,1
2025-04-25,2025-04,국내자사몰,201450.0,,2
2025-04-25,2025-04,국내자사몰,69725.0,,2
2025-04-25,2025-04,국내자사몰,104745.0,,1
2025-04-25,2025-04,국내자사몰,191700.0,,2
2025-04-25,2025-04,국내자사몰,36830.0,,1
2025-04-25,2025-04,국내자사몰,39900.0,,1
2025-04-25,2025-04,국내자사몰,121150.0,,1
2025-04-25,2025-04,국내자사몰,15150.0,,1
2025-04-25,2025-04,국내자사몰,45807.0,,2
2025-04-25,2025-04,국내자사몰,121150.0,,1
2025-04-25,2025-04,국내자사몰,92820.0,,1
2025-04-25,2025-04,국내자사몰,63840.0,,1
2025-04-25,2025-04,국내자사몰,133048.0,,1
2025-04-25,2025-04,국내자사몰,37830.0,,1
2025-04-25,2025-04,국내자사몰,100070.0,,2
2025-04-25,2025-04,국내자사몰,85260.0,,2
2025-04-25,2025-04,국내자사몰,49440.0,,1
2025-04-25,2025-04,국내자사몰,273555.0,,4
2025-04-25,2025-04,국내자사몰,65181.0,,1
2025-04-25,2025-04,국내자사몰,49440.0,,1
2025-04-25,2025-04,국내자사몰,74655.0,,2
2025-04-25,2025-04,국내자사몰,273000.0,,2
2025-04-25,2025-04,해외자사몰,258680.0,178.4,2
2025-04-25,2025-04,해외자사몰,272672.5,188.05,2
2025-04-26,2025-04,국내자사몰,94350.0,,1
2025-04-26,2025-04,국내자사몰,36830.0,,1
2025-04-26,2025-04,국내자사몰,154980.0,,2
2025-04-26,2025-04,국내자사몰,154980.0,,2
2025-04-26,2025-04,국내자사몰,128100.0,,1
2025-04-26,2025-04,국내자사몰,128100.0,,1
2025-04-26,2025-04,국내자사몰,102900.0,,1
2025-04-26,2025-04,국내자사몰,163920.0,,2
2025-04-26,2025-04,국내자사몰,36830.0,,1
2025-04-26,2025-04,국내자사몰,128100.0,,1
2025-04-26,2025-04,국내자사몰,183096.0,,4
2025-04-26,2025-04,국내자사몰,74655.0,,2
2025-04-26,2025-04,국내자사몰,142000.0,,1
2025-04-26,2025-04,국내자사몰,121150.0,,1
2025-04-26,2025-04,국내자사몰,40825.0,,1
2025-04-26,2025-04,국내자사몰,66855.0,,1
2025-04-26,2025-04,국내자사몰,85260.0,,2
2025-04-26,2025-04,국내자사몰,128820.0,,1
2025-04-26,2025-04,국내자사몰,44580.0,,1
2025-04-26,2025-04,국내자사몰,48360.0,,2
2025-04-26,2025-04,국내자사몰,37850.0,,1
2025-04-26,2025-04,국내자사몰,142000.0,,1
2025-04-26,2025-04,국내자사몰,145000.0,,1
2025-04-26,2025-04,국내자사몰,97350.0,,1
2025-04-26,2025-04,국내자사몰,38820.0,,1
2025-04-26,2025-04,국내자사몰,42800.0,,1
2025-04-26,2025-04,국내자사몰,26940.0,,1
2025-04-26,2025-04,국내자사몰,25680.0,,1
2025-04-26,2025-04,국내자사몰,28200.0,,1
2025-04-26,2025-04,국내자사몰,128100.0,,1
2025-04-26,2025-04,국내자사몰,128100.0,,1
2025-04-26,2025-04,국내자사몰,62130.0,,2
2025-04-26,2025-04,국내자사몰,335001.0,,6
2025-04-26,2025-04,국내자사몰,63690.0,,2
2025-04-26,2025-04,국내자사몰,38820.0,,1
2025-04-26,2025-04,국내자사몰,121150.0,,1
2025-04-26,2025-04,국내자사몰,128100.0,,1
2025-04-26,2025-04,국내자사몰,36075.0,,1
2025-04-26,2025-04,국내자사몰,102900.0,,1
2025-04-26,2025-04,국내자사몰,163920.0,,2
2025-04-26,2025-04,국내자사몰,28935.0,,1
2025-04-26,2025-04,해외자사몰,231420.0,159.6,2
2025-04-26,2025-04,해외자사몰,107010.0,73.8,2
2025-04-27,2025-04,국내자사몰,128820.0,,1
2025-04-27,2025-04,국내자사몰,28545.0,,1
2025-04-27,2025-04,국내자사몰,160080.0,,1
2025-04-27,2025-04,국내자사몰,41760.0,,1
2025-04-27,2025-04,국내자사몰,206660.0,,3
2025-04-27,2025-04,국내자사몰,242600.0,,3
2025-04-27,2025-04,국내자사몰,154515.0,,4
2025-04-27,2025-04,국내자사몰,128100.0,,1
2025-04-27,2025-04,국내자사몰,100449.0,,1
2025-04-27,2025-04,국내자사몰,154045.0,,2
2025-04-27,2025-04,국내자사몰,19500.0,,1
2025-04-27,2025-04,국내자사몰,70590.0,,3
2025-04-27,2025-04,국내자사몰,44580.0,,1
2025-04-27,2025-04,국내자사몰,43050.0,,1
2025-04-27,2025-04,국내자사몰,128100.0,,1
2025-04-27,2025-04,국내자사몰,121150.0,,1
2025-04-27,2025-04,국내자사몰,54293.0,,2
2025-04-27,2025-04,국내자사몰,103440.0,,2
2025-04-27,2025-04,국내자사몰,128820.0,,1
2025-04-27,2025-04,국내자사몰,92820.0,,1
2025-04-27,2025-04,국내자사몰,121830.0,,1
2025-04-27,2025-04,국내자사몰,47500.0,,1
2025-04-27,2025-04,국내자사몰,188640.0,,1
2025-04-27,2025-04,국내자사몰,121150.0,,1
2025-04-27,2025-04,국내자사몰,37850.0,,1
2025-04-27,2025-04,국내자사몰,116595.0,,3
2025-04-27,2025-04,국내자사몰,28200.0,,1
2025-04-27,2025-04,국내자사몰,190800.0,,1
2025-04-27,2025-04,국내자사몰,35895.0,,1
2025-04-27,2025-04,국내자사몰,36830.0,,1
2025-04-27,2025-04,국내자사몰,42800.0,,1
2025-04-27,2025-04,국내자사몰,38105.0,,1
2025-04-27,2025-04,국내자사몰,128820.0,,1
2025-04-27,2025-04,국내자사몰,64950.0,,2
2025-04-27,2025-04,국내자사몰,42800.0,,1
2025-04-27,2025-04,국내자사몰,286634.0,,4
2025-04-27,2025-04,국내자사몰,121830.0,,1
2025-04-27,2025-04,국내자사몰,43050.0,,1
2025-04-28,2025-04,국내자사몰,156450.0,,2
2025-04-28,2025-04,국내자사몰,121150.0,,1
2025-04-28,2025-04,국내자사몰,128820.0,,1
2025-04-28,2025-04,국내자사몰,38820.0,,1
2025-04-28,2025-04,국내자사몰,43050.0,,1
2025-04-28,2025-04,국내자사몰,35895.0,,1
2025-04-28,2025-04,국내자사몰,118770.0,,2
2025-04-28,2025-04,국내자사몰,137910.0,,4
2025-04-28,2025-04,국내자사몰,135810.0,,1
2025-04-28,2025-04,국내자사몰,31350.0,,1
2025-04-28,2025-04,국내자사몰,44580.0,,1
2025-04-28,2025-04,국내자사몰,101550.0,,1
2025-04-28,2025-04,국내자사몰,139764.0,,1
2025-04-28,2025-04,국내자사몰,128100.0,,1
2025-04-28,2025-04,국내자사몰,196320.0,,6
2025-04-28,2025-04,국내자사몰,121150.0,,1
2025-04-28,2025-04,국내자사몰,32400.0,,1
2025-04-28,2025-04,국내자사몰,75990.0,,2
2025-04-28,2025-04,국내자사몰,52130.0,,2
2025-04-28,2025-04,국내자사몰,43390.0,,2
2025-04-28,2025-04,국내자사몰,226650.0,,2
2025-04-28,2025-04,국내자사몰,89275.0,,1
2025-04-28,2025-04,국내자사몰,38820.0,,1
2025-04-28,2025-04,국내자사몰,38820.0,,1
2025-04-28,2025-04,국내자사몰,163920.0,,2
2025-04-28,2025-04,국내자사몰,38145.0,,1
2025-04-28,2025-04,국내자사몰,37850.0,,1
2025-04-28,2025-04,국내자사몰,15150.0,,1
2025-04-28,2025-04,국내자사몰,199560.0,,1
2025-04-28,2025-04,국내자사몰,32700.0,,1
2025-04-28,2025-04,국내자사몰,51510.0,,1
2025-04-28,2025-04,국내자사몰,116552.0,,3
2025-04-28,2025-04,국내자사몰,123231.0,,3
2025-04-28,2025-04,국내자사몰,53400.0,,2
2025-04-28,2025-04,국내자사몰,121150.0,,1
2025-04-28,2025-04,국내자사몰,38820.0,,1
2025-04-28,2025-04,국내자사몰,38820.0,,1
2025-04-28,2025-04,국내자사몰,26400.0,,1
2025-04-28,2025-04,국내자사몰,37830.0,,1
2025-04-28,2025-04,국내자사몰,36000.0,,1
2025-04-28,2025-04,국내자사몰,38105.0,,1
2025-04-28,2025-04,국내자사몰,139553.0,,3
2025-04-28,2025-04,해외자사몰,460418.5,317.53,5
2025-04-28,2025-04,해외자사몰,116000.0,80.0,1
2025-04-28,2025-04,해외자사몰,67425.0,46.5,1
2025-04-29,2025-04,국내자사몰,121830.0,,1
2025-04-29,2025-04,국내자사몰,121830.0,,1
2025-04-29,2025-04,국내자사몰,94350.0,,1
2025-04-29,2025-04,국내자사몰,96075.0,,1
2025-04-29,2025-04,국내자사몰,181840.0,,3
2025-04-29,2025-04,국내자사몰,142000.0,,1
2025-04-29,2025-04,국내자사몰,91655.0,,3
2025-04-29,2025-04,국내자사몰,53189.0,,2
2025-04-29,2025-04,국내자사몰,191870.0,,4
2025-04-29,2025-04,국내자사몰,128820.0,,1
2025-04-29,2025-04,국내자사몰,128100.0,,1
2025-04-29,2025-04,국내자사몰,25275.0,,1
2025-04-29,2025-04,국내자사몰,38820.0,,1
2025-04-29,2025-04,국내자사몰,101550.0,,1
2025-04-29,2025-04,국내자사몰,117495.0,,2
2025-04-29,2025-04,국내자사몰,34350.0,,1
2025-04-29,2025-04,국내자사몰,128100.0,,1
2025-04-29,2025-04,국내자사몰,27750.0,,1
2025-04-29,2025-04,국내자사몰,28200.0,,1
2025-04-29,2025-04,국내자사몰,35895.0,,1
2025-04-29,2025-04,국내자사몰,40825.0,,1
2025-04-29,2025-04,국내자사몰,131100.0,,1
2025-04-29,2025-04,국내자사몰,67260.0,,2
2025-04-29,2025-04,국내자사몰,75990.0,,2
2025-04-29,2025-04,국내자사몰,102900.0,,1
2025-04-29,2025-04,국내자사몰,44580.0,,1
2025-04-29,2025-04,국내자사몰,42800.0,,1
2025-04-29,2025-04,국내자사몰,142800.0,,1
2025-04-29,2025-04,국내자사몰,37830.0,,1
2025-04-29,2025-04,국내자사몰,121150.0,,1
2025-04-29,2025-04,국내자사몰,38100.0,,1
2025-04-29,2025-04,국내자사몰,122520.0,,2
2025-04-29,2025-04,국내자사몰,128100.0,,1
2025-04-29,2025-04,국내자사몰,49200.0,,1
2025-04-29,2025-04,국내자사몰,156935.0,,2
2025-04-29,2025-04,국내자사몰,121150.0,,1
2025-04-29,2025-04,국내자사몰,154980.0,,2
2025-04-29,2025-04,국내자사몰,257575.0,,5
2025-04-29,2025-04,해외자사몰,138910.0,95.8,1
2025-04-29,2025-04,해외자사몰,520376.0,358.88,5
2025-04-29,2025-04,해외자사몰,977952.5,674.45,13
2025-04-29,2025-04,해외자사몰,83998.5,57.93,2
2025-04-30,2025-04,국내자사몰,36830.0,,1
2025-04-30,2025-04,국내자사몰,45383.0,,1
2025-04-30,2025-04,국내자사몰,73380.0,,3
2025-04-30,2025-04,국내자사몰,38820.0,,1
2025-04-30,2025-04,국내자사몰,128820.0,,1
2025-04-30,2025-04,국내자사몰,121150.0,,1
2025-04-30,2025-04,국내자사몰,80400.0,,1
2025-04-30,2025-04,국내자사몰,53652.0,,3
2025-04-30,2025-04,국내자사몰,284200.0,,2
2025-04-30,2025-04,국내자사몰,63840.0,,1
2025-04-30,2025-04,국내자사몰,128100.0,,1
2025-04-30,2025-04,국내자사몰,52140.0,,2
2025-04-30,2025-04,국내자사몰,42800.0,,1
2025-04-30,2025-04,국내자사몰,120765.0,,3
2025-04-30,2025-04,국내자사몰,35895.0,,1
2025-04-30,2025-04,국내자사몰,37830.0,,1
2025-04-30,2025-04,국내자사몰,276510.0,,3
2025-04-30,2025-04,국내자사몰,121200.0,,3
2025-04-30,2025-04,국내자사몰,38820.0,,1
2025-04-30,2025-04,국내자사몰,67170.0,,2
2025-04-30,2025-04,국내자사몰,27345.0,,1
2025-04-30,2025-04,국내자사몰,210630.0,,2
2025-04-30,2025-04,국내자사몰,151500.0,,2
2025-04-30,2025-04,국내자사몰,142000.0,,1
2025-04-30,2025-04,국내자사몰,128820.0,,1
2025-04-30,2025-04,국내자사몰,121150.0,,1
2025-04-30,2025-04,국내자사몰,65181.0,,1
2025-04-30,2025-04,국내자사몰,164640.0,,2
2025-04-30,2025-04,국내자사몰,44580.0,,1
2025-04-30,2025-04,국내자사몰,85650.0,,1
2025-04-30,2025-04,국내자사몰,38105.0,,1
2025-04-30,2025-04,국내자사몰,121150.0,,1
2025-04-30,2025-04,국내자사몰,37830.0,,1
2025-04-30,2025-04,국내자사몰,128100.0,,1
2025-04-30,2025-04,해외자사몰,231420.0,159.6,2
2025-05-01,2025-05,국내자사몰,128100.0,,1
2025-05-01,2025-05,국내자사몰,44300.0,,1
2025-05-01,2025-05,국내자사몰,114200.0,,3
2025-05-01,2025-05,국내자사몰,97350.0,,1
2025-05-01,2025-05,국내자사몰,65181.0,,1
2025-05-01,2025-05,국내자사몰,37300.0,,1
2025-05-01,2025-05,국내자사몰,121830.0,,1
2025-05-01,2025-05,국내자사몰,160080.0,,1
2025-05-01,2025-05,국내자사몰,157798.0,,2
2025-05-01,2025-05,국내자사몰,39900.0,,1
2025-05-01,2025-05,국내자사몰,23796.0,,1
2025-05-01,2025-05,국내자사몰,101550.0,,1
2025-05-01,2025-05,국내자사몰,102800.0,,1
2025-05-01,2025-05,국내자사몰,121150.0,,1
2025-05-01,2025-05,국내자사몰,40825.0,,1
2025-05-01,2025-05,국내자사몰,63570.0,,2
2025-05-01,2025-05,국내자사몰,121830.0,,1
2025-05-01,2025-05,국내자사몰,38105.0,,1
2025-05-01,2025-05,국내자사몰,32700.0,,1
2025-05-01,2025-05,국내자사몰,121150.0,,1
2025-05-01,2025-05,국내자사몰,42270.0,,1
2025-05-01,2025-05,국내자사몰,99250.0,,2
2025-05-01,2025-05,국내자사몰,128100.0,,1
2025-05-01,2025-05,국내자사몰,128820.0,,1
2025-05-01,2025-05,국내자사몰,142809.0,,3
2025-05-01,2025-05,국내자사몰,31519.0,,1
2025-05-01,2025-05,국내자사몰,35400.0,,2
2025-05-01,2025-05,국내자사몰,142000.0,,1
2025-05-01,2025-05,국내자사몰,21275.0,,1
2025-05-01,2025-05,국내자사몰,201450.0,,2
2025-05-01,2025-05,국내자사몰,40170.0,,1
2025-05-01,2025-05,국내자사몰,44000.0,,1
2025-05-01,2025-05,국내자사몰,128100.0,,1
2025-05-01,2025-05,국내자사몰,61525.0,,2
2025-05-01,2025-05,국내자사몰,124230.0,,2
2025-05-01,2025-05,국내자사몰,90930.0,,2
2025-05-01,2025-05,국내자사몰,97350.0,,1
2025-05-01,2025-05,국내자사몰,89275.0,,1
2025-05-01,2025-05,국내자사몰,158975.0,,2
2025-05-01,2025-05,국내자사몰,196005.0,,3
2025-05-01,2025-05,국내자사몰,121830.0,,1
2025-05-01,2025-05,국내자사몰,128100.0,,1
2025-05-01,2025-05,국내자사몰,121150.0,,1
2025-05-01,2025-05,해외자사몰,66120.0,45.6,1
2025-05-01,2025-05,해외자사몰,153700.0,106.0,1
2025-05-02,2025-05,국내자사몰,121150.0,,1
2025-05-02,2025-05,국내자사몰,128100.0,,1
2025-05-02,2025-05,국내자사몰,51600.0,,2
2025-05-02,2025-05,국내자사몰,121150.0,,1
2025-05-02,2025-05,국내자사몰,114000.0,,1
2025-05-02,2025-05,국내자사몰,160080.0,,1
2025-05-02,2025-05,국내자사몰,142800.0,,1
2025-05-02,2025-05,국내자사몰,82369.0,,1
2025-05-02,2025-05,국내자사몰,115700.0,,2
2025-05-02,2025-05,국내자사몰,158040.0,,2
2025-05-02,2025-05,국내자사몰,25275.0,,1
2025-05-02,2025-05,국내자사몰,43500.0,,1
2025-05-02,2025-05,국내자사몰,119550.0,,4
2025-05-02,2025-05,국내자사몰,128100.0,,1
2025-05-02,2025-05,국내자사몰,121150.0,,1
2025-05-02,2025-05,국내자사몰,23790.0,,1
2025-05-02,2025-05,국내자사몰,44000.0,,1
2025-05-02,2025-05,국내자사몰,70910.0,,2
2025-05-02,2025-05,국내자사몰,30998.0,,1
2025-05-02,2025-05,국내자사몰,37850.0,,1
2025-05-02,2025-05,국내자사몰,37650.0,,2
2025-05-02,2025-05,국내자사몰,42800.0,,1
2025-05-02,2025-05,국내자사몰,101010.0,,1
2025-05-02,2025-05,국내자사몰,111900.0,,1
2025-05-02,2025-05,국내자사몰,242870.0,,3
2025-05-02,2025-05,국내자사몰,121150.0,,1
2025-05-02,2025-05,해외자사몰,764164.5,527.01,8
2025-05-02,2025-05,해외자사몰,138910.0,95.8,1
2025-05-02,2025-05,해외자사몰,208075.0,143.5,2
2025-05-03,2025-05,국내자사몰,94350.0,,1
2025-05-03,2025-05,국내자사몰,169320.0,,1
2025-05-03,2025-05,국내자사몰,34500.0,,1
2025-05-03,2025-05,국내자사몰,145990.0,,3
2025-05-03,2025-05,국내자사몰,38820.0,,1
2025-05-03,2025-05,국내자사몰,28200.0,,1
2025-05-03,2025-05,국내자사몰,67500.0,,2
2025-05-03,2025-05,국내자사몰,128100.0,,1
2025-05-03,2025-05,국내자사몰,182775.0,,2
2025-05-03,2025-05,국내자사몰,152400.0,,2
2025-05-03,2025-05,국내자사몰,128100.0,,1
2025-05-03,2025-05,국내자사몰,101940.0,,1
2025-05-03,2025-05,국내자사몰,111801.0,,1
2025-05-03,2025-05,국내자사몰,42155.0,,1
2025-05-03,2025-05,국내자사몰,42000.0,,1
2025-05-03,2025-05,국내자사몰,128100.0,,1
2025-05-03,2025-05,국내자사몰,47500.0,,1
2025-05-03,2025-05,국내자사몰,128820.0,,1
2025-05-03,2025-05,국내자사몰,205950.0,,5
2025-05-03,2025-05,국내자사몰,33800.0,,1
2025-05-03,2025-05,국내자사몰,67260.0,,2
2025-05-03,2025-05,국내자사몰,97350.0,,1
2025-05-03,2025-05,국내자사몰,189830.0,,3
2025-05-03,2025-05,국내자사몰,77466.0,,2
2025-05-03,2025-05,국내자사몰,128820.0,,1
2025-05-03,2025-05,국내자사몰,61500.0,,2
2025-05-03,2025-05,국내자사몰,101550.0,,1
2025-05-03,2025-05,국내자사몰,128820.0,,1
2025-05-03,2025-05,국내자사몰,128100.0,,1
2025-05-03,2025-05,국내자사몰,128100.0,,1
2025-05-03,2025-05,국내자사몰,66855.0,,2
2025-05-03,2025-05,국내자사몰,48360.0,,2
2025-05-03,2025-05,국내자사몰,39900.0,,1
2025-05-03,2025-05,국내자사몰,27345.0,,1
2025-05-03,2025-05,국내자사몰,28805.0,,1
2025-05-03,2025-05,국내자사몰,172650.0,,2
2025-05-03,2025-05,국내자사몰,57675.0,,3
2025-05-03,2025-05,국내자사몰,154084.0,,2
2025-05-03,2025-05,국내자사몰,154084.0,,2
2025-05-03,2025-05,국내자사몰,157190.0,,5
2025-05-03,2025-05,국내자사몰,77375.0,,2
2025-05-03,2025-05,해외자사몰,294698.0,203.24,7
2025-05-04,2025-05,국내자사몰,42800.0,,1
2025-05-04,2025-05,국내자사몰,128100.0,,1
2025-05-04,2025-05,국내자사몰,36830.0,,1
2025-05-04,2025-05,국내자사몰,67260.0,,2
2025-05-04,2025-05,국내자사몰,129945.0,,1
2025-05-04,2025-05,국내자사몰,121150.0,,1
2025-05-04,2025-05,국내자사몰,128100.0,,1
2025-05-04,2025-05,국내자사몰,44580.0,,1
2025-05-04,2025-05,국내자사몰,43050.0,,1
2025-05-04,2025-05,국내자사몰,42800.0,,1
2025-05-04,2025-05,국내자사몰,142000.0,,1
2025-05-04,2025-05,국내자사몰,128100.0,,1
2025-05-04,2025-05,국내자사몰,37850.0,,1
2025-05-04,2025-05,국내자사몰,121150.0,,1
2025-05-04,2025-05,국내자사몰,107125.0,,2
2025-05-04,2025-05,국내자사몰,43050.0,,2
2025-05-04,2025-05,국내자사몰,67260.0,,2
2025-05-04,2025-05,국내자사몰,18300.0,,1
2025-05-04,2025-05,국내자사몰,101550.0,,1
2025-05-04,2025-05,국내자사몰,38820.0,,1
2025-05-04,2025-05,국내자사몰,38910.0,,1
2025-05-04,2025-05,국내자사몰,112500.0,,1
2025-05-04,2025-05,국내자사몰,128100.0,,1
2025-05-04,2025-05,국내자사몰,50790.0,,1
2025-05-04,2025-05,국내자사몰,102900.0,,1
2025-05-04,2025-05,해외자사몰,487127.5,335.95,4
2025-05-05,2025-05,국내자사몰,53760.0,,2
2025-05-05,2025-05,국내자사몰,15150.0,,1
2025-05-05,2025-05,국내자사몰,40825.0,,1
2025-05-05,2025-05,국내자사몰,128100.0,,1
2025-05-05,2025-05,국내자사몰,51149.0,,2
2025-05-05,2025-05,국내자사몰,183000.0,,2
2025-05-05,2025-05,국내자사몰,142800.0,,1
2025-05-05,2025-05,국내자사몰,121830.0,,1
2025-05-05,2025-05,국내자사몰,134050.0,,1
2025-05-05,2025-05,국내자사몰,142000.0,,1
2025-05-05,2025-05,국내자사몰,128100.0,,1
2025-05-05,2025-05,국내자사몰,101550.0,,1
2025-05-05,2025-05,국내자사몰,115500.0,,2
2025-05-05,2025-05,국내자사몰,130543.0,,4
2025-05-05,2025-05,국내자사몰,160080.0,,1
2025-05-05,2025-05,국내자사몰,63690.0,,2
2025-05-05,2025-05,국내자사몰,128100.0,,1
2025-05-05,2025-05,국내자사몰,128100.0,,1
2025-05-05,2025-05,국내자사몰,104745.0,,1
2025-05-05,2025-05,국내자사몰,121150.0,,1
2025-05-05,2025-05,국내자사몰,128100.0,,1
2025-05-05,2025-05,국내자사몰,121150.0,,1
2025-05-05,2025-05,국내자사몰,107310.0,,3
2025-05-05,2025-05,국내자사몰,38820.0,,1
2025-05-05,2025-05,국내자사몰,142000.0,,1
2025-05-05,2025-05,국내자사몰,96075.0,,1
2025-05-05,2025-05,국내자사몰,38820.0,,1
2025-05-05,2025-05,국내자사몰,65181.0,,1
2025-05-05,2025-05,국내자사몰,94350.0,,1
2025-05-05,2025-05,국내자사몰,25680.0,,1
2025-05-05,2025-05,국내자사몰,43050.0,,1
2025-05-05,2025-05,국내자사몰,121150.0,,1
2025-05-05,2025-05,국내자사몰,226110.0,,2
2025-05-05,2025-05,국내자사몰,228000.0,,2
2025-05-05,2025-05,국내자사몰,128100.0,,1
2025-05-05,2025-05,국내자사몰,40170.0,,1
2025-05-05,2025-05,국내자사몰,142000.0,,1
2025-05-05,2025-05,해외자사몰,87000.0,60.0,1
2025-05-06,2025-05,국내자사몰,121150.0,,1
2025-05-06,2025-05,국내자사몰,123190.0,,1
2025-05-06,2025-05,국내자사몰,195900.0,,2
2025-05-06,2025-05,국내자사몰,154980.0,,2
2025-05-06,2025-05,국내자사몰,102900.0,,1
2025-05-06,2025-05,국내자사몰,44580.0,,1
2025-05-06,2025-05,국내자사몰,438510.0,,6
2025-05-06,2025-05,국내자사몰,119400.0,,1
2025-05-06,2025-05,국내자사몰,40170.0,,1
2025-05-06,2025-05,국내자사몰,128100.0,,1
2025-05-06,2025-05,국내자사몰,128100.0,,1
2025-05-06,2025-05,국내자사몰,128100.0,,1
2025-05-06,2025-05,국내자사몰,121150.0,,1
2025-05-06,2025-05,국내자사몰,142000.0,,1
2025-05-06,2025-05,국내자사몰,102900.0,,1
2025-05-06,2025-05,국내자사몰,142000.0,,1
2025-05-06,2025-05,국내자사몰,142000.0,,1
2025-05-06,2025-05,국내자사몰,128100.0,,1
2025-05-06,2025-05,국내자사몰,138830.0,,5
2025-05-06,2025-05,국내자사몰,34590.0,,1
2025-05-06,2025-05,국내자사몰,188640.0,,1
2025-05-06,2025-05,국내자사몰,17950.0,,1
2025-05-06,2025-05,국내자사몰,36830.0,,1
2025-05-06,2025-05,국내자사몰,128100.0,,1
2025-05-06,2025-05,국내자사몰,36830.0,,1
2025-05-06,2025-05,국내자사몰,33870.0,,1
2025-05-06,2025-05,국내자사몰,135050.0,,1
2025-05-06,2025-05,국내자사몰,142000.0,,1
2025-05-06,2025-05,국내자사몰,113415.0,,2
2025-05-06,2025-05,국내자사몰,128100.0,,1
2025-05-06,2025-05,국내자사몰,72930.0,,2
2025-05-06,2025-05,국내자사몰,108480.0,,2
2025-05-06,2025-05,국내자사몰,12037.0,,1
2025-05-06,2025-05,국내자사몰,128100.0,,1
2025-05-06,2025-05,국내자사몰,128100.0,,1
2025-05-06,2025-05,국내자사몰,39900.0,,1
2025-05-06,2025-05,해외자사몰,256650.0,177.0,1
2025-05-06,2025-05,해외자사몰,129079.0,89.02,2
2025-05-06,2025-05,해외자사몰,298700.0,206.0,2
2025-05-07,2025-05,국내자사몰,32155.0,,1
2025-05-07,2025-05,국내자사몰,36830.0,,1
2025-05-07,2025-05,국내자사몰,121150.0,,1
2025-05-07,2025-05,국내자사몰,121150.0,,1
2025-05-07,2025-05,국내자사몰,245010.0,,2
2025-05-07,2025-05,국내자사몰,121150.0,,1
2025-05-07,2025-05,국내자사몰,128820.0,,1
2025-05-07,2025-05,국내자사몰,128100.0,,1
2025-05-07,2025-05,국내자사몰,163920.0,,2
2025-05-07,2025-05,국내자사몰,84540.0,,1
2025-05-07,2025-05,국내자사몰,172860.0,,2
2025-05-07,2025-05,국내자사몰,114000.0,,1
2025-05-07,2025-05,국내자사몰,96075.0,,1
2025-05-07,2025-05,국내자사몰,142000.0,,1
2025-05-07,2025-05,국내자사몰,128820.0,,1
2025-05-07,2025-05,국내자사몰,128820.0,,1
2025-05-07,2025-05,국내자사몰,121150.0,,1
2025-05-07,2025-05,국내자사몰,121150.0,,1
2025-05-07,2025-05,국내자사몰,128100.0,,1
2025-05-07,2025-05,국내자사몰,44300.0,,1
2025-05-07,2025-05,국내자사몰,93000.0,,1
2025-05-07,2025-05,국내자사몰,155660.0,,2
2025-05-07,2025-05,국내자사몰,121150.0,,1
2025-05-07,2025-05,국내자사몰,323760.0,,5
2025-05-07,2025-05,국내자사몰,128100.0,,1
2025-05-07,2025-05,국내자사몰,142000.0,,1
2025-05-07,2025-05,국내자사몰,24060.0,,1
2025-05-07,2025-05,국내자사몰,178735.0,,7
2025-05-07,2025-05,국내자사몰,42800.0,,1
2025-05-07,2025-05,해외자사몰,56811.0,39.18,1
2025-05-07,2025-05,해외자사몰,321900.0,222.0,2
2025-05-07,2025-05,해외자사몰,448238.5,309.13,8
2025-05-08,2025-05,국내자사몰,128100.0,,1
2025-05-08,2025-05,국내자사몰,121150.0,,1
2025-05-08,2025-05,국내자사몰,97350.0,,1
2025-05-08,2025-05,국내자사몰,34500.0,,1
2025-05-08,2025-05,국내자사몰,142000.0,,1
2025-05-08,2025-05,국내자사몰,105510.0,,2
2025-05-08,2025-05,국내자사몰,121150.0,,1
2025-05-08,2025-05,국내자사몰,88050.0,,1
2025-05-08,2025-05,국내자사몰,121150.0,,1
2025-05-08,2025-05,국내자사몰,135050.0,,1
2025-05-08,2025-05,국내자사몰,43995.0,,2
2025-05-08,2025-05,국내자사몰,104500.0,,1
2025-05-08,2025-05,국내자사몰,69690.0,,2
2025-05-08,2025-05,국내자사몰,40170.0,,1
2025-05-08,2025-05,국내자사몰,43050.0,,1
2025-05-08,2025-05,국내자사몰,43050.0,,1
2025-05-08,2025-05,국내자사몰,44000.0,,1
2025-05-08,2025-05,국내자사몰,133318.0,,1
2025-05-08,2025-05,국내자사몰,133318.0,,1
2025-05-08,2025-05,국내자사몰,169320.0,,4
2025-05-08,2025-05,국내자사몰,170400.0,,2
2025-05-08,2025-05,국내자사몰,36830.0,,1
2025-05-08,2025-05,국내자사몰,17892.0,,1
2025-05-08,2025-05,국내자사몰,42800.0,,1
2025-05-08,2025-05,국내자사몰,83800.0,,2
2025-05-08,2025-05,국내자사몰,216300.0,,3
2025-05-08,2025-05,국내자사몰,98065.0,,3
2025-05-08,2025-05,국내자사몰,128100.0,,1
2025-05-08,2025-05,국내자사몰,142800.0,,1
2025-05-08,2025-05,국내자사몰,128100.0,,1
2025-05-08,2025-05,국내자사몰,22890.0,,1
2025-05-08,2025-05,국내자사몰,43050.0,,1
2025-05-08,2025-05,국내자사몰,63500.0,,2
2025-05-08,2025-05,국내자사몰,38820.0,,1
2025-05-08,2025-05,국내자사몰,63500.0,,2
2025-05-08,2025-05,국내자사몰,121150.0,,1
2025-05-08,2025-05,국내자사몰,142000.0,,1
2025-05-08,2025-05,국내자사몰,30540.0,,2
2025-05-09,2025-05,국내자사몰,111900.0,,1
2025-05-09,2025-05,국내자사몰,28200.0,,1
2025-05-09,2025-05,국내자사몰,65460.0,,2
2025-05-09,2025-05,국내자사몰,229100.0,,2
2025-05-09,2025-05,국내자사몰,128100.0,,1
2025-05-09,2025-05,국내자사몰,128100.0,,1
2025-05-09,2025-05,국내자사몰,59160.0,,2
2025-05-09,2025-05,국내자사몰,37965.0,,2
2025-05-09,2025-05,국내자사몰,36830.0,,1
2025-05-09,2025-05,국내자사몰,128820.0,,1
2025-05-09,2025-05,국내자사몰,121150.0,,1
2025-05-09,2025-05,국내자사몰,96100.0,,1
2025-05-09,2025-05,국내자사몰,36830.0,,1
2025-05-09,2025-05,국내자사몰,38820.0,,1
2025-05-09,2025-05,국내자사몰,52088.0,,2
2025-05-09,2025-05,국내자사몰,60420.0,,2
2025-05-09,2025-05,국내자사몰,32400.0,,1
2025-05-09,2025-05,국내자사몰,114000.0,,1
2025-05-09,2025-05,국내자사몰,68881.0,,1
2025-05-09,2025-05,국내자사몰,121150.0,,1
2025-05-09,2025-05,국내자사몰,128100.0,,1
2025-05-09,2025-05,국내자사몰,128100.0,,1
2025-05-09,2025-05,국내자사몰,140400.0,,3
2025-05-09,2025-05,국내자사몰,38820.0,,1
2025-05-09,2025-05,국내자사몰,36253.0,,1
2025-05-09,2025-05,해외자사몰,71079.0,49.02,2
2025-05-09,2025-05,해외자사몰,285650.0,197.0,3
2025-05-10,2025-05,국내자사몰,30000.0,,1
2025-05-10,2025-05,국내자사몰,24420.0,,1
2025-05-10,2025-05,국내자사몰,26100.0,,1
2025-05-10,2025-05,국내자사몰,30000.0,,1
2025-05-10,2025-05,국내자사몰,97350.0,,1
2025-05-10,2025-05,국내자사몰,128820.0,,1
2025-05-10,2025-05,국내자사몰,24420.0,,1
2025-05-10,2025-05,국내자사몰,121150.0,,1
2025-05-10,2025-05,국내자사몰,39900.0,,1
2025-05-10,2025-05,국내자사몰,128820.0,,1
2025-05-10,2025-05,국내자사몰,156255.0,,2
2025-05-10,2025-05,국내자사몰,58958.0,,2
2025-05-10,2025-05,국내자사몰,43050.0,,1
2025-05-10,2025-05,국내자사몰,128100.0,,1
2025-05-10,2025-05,국내자사몰,124000.0,,1
2025-05-10,2025-05,국내자사몰,37300.0,,1
2025-05-10,2025-05,국내자사몰,142800.0,,1
2025-05-10,2025-05,국내자사몰,128100.0,,1
2025-05-10,2025-05,국내자사몰,25680.0,,1
2025-05-10,2025-05,국내자사몰,119400.0,,1
2025-05-10,2025-05,국내자사몰,24420.0,,1
2025-05-10,2025-05,국내자사몰,176300.0,,2
2025-05-10,2025-05,국내자사몰,42800.0,,1
2025-05-10,2025-05,국내자사몰,25680.0,,1
2025-05-10,2025-05,국내자사몰,128100.0,,1
2025-05-10,2025-05,국내자사몰,38100.0,,1
2025-05-10,2025-05,국내자사몰,128100.0,,1
2025-05-10,2025-05,국내자사몰,339898.0,,10
2025-05-10,2025-05,국내자사몰,37965.0,,2
2025-05-10,2025-05,국내자사몰,75990.0,,2
2025-05-10,2025-05,국내자사몰,102900.0,,1
2025-05-10,2025-05,국내자사몰,121150.0,,1
2025-05-10,2025-05,국내자사몰,162078.0,,3
2025-05-10,2025-05,국내자사몰,121830.0,,1
2025-05-10,2025-05,국내자사몰,129395.0,,2
2025-05-10,2025-05,국내자사몰,121150.0,,1
2025-05-10,2025-05,해외자사몰,186325.0,128.5,1
2025-05-11,2025-05,국내자사몰,158430.0,,2
2025-05-11,2025-05,국내자사몰,379380.0,,3
2025-05-11,2025-05,국내자사몰,128820.0,,1
2025-05-11,2025-05,국내자사몰,128100.0,,1
2025-05-11,2025-05,국내자사몰,58250.0,,2
2025-05-11,2025-05,국내자사몰,128100.0,,1
2025-05-11,2025-05,국내자사몰,128820.0,,1
2025-05-11,2025-05,국내자사몰,213000.0,,2
2025-05-11,2025-05,국내자사몰,116985.0,,2
2025-05-11,2025-05,국내자사몰,128100.0,,1
2025-05-11,2025-05,국내자사몰,28200.0,,1
2025-05-11,2025-05,국내자사몰,97350.0,,1
2025-05-11,2025-05,국내자사몰,39450.0,,1
2025-05-11,2025-05,국내자사몰,26400.0,,1
2025-05-11,2025-05,국내자사몰,122000.0,,1
2025-05-11,2025-05,국내자사몰,121150.0,,1
2025-05-11,2025-05,국내자사몰,128100.0,,1
2025-05-11,2025-05,국내자사몰,28200.0,,1
2025-05-11,2025-05,국내자사몰,38820.0,,1
2025-05-11,2025-05,국내자사몰,104066.0,,4
2025-05-11,2025-05,국내자사몰,58500.0,,1
2025-05-11,2025-05,국내자사몰,121150.0,,1
2025-05-11,2025-05,국내자사몰,38820.0,,1
2025-05-11,2025-05,국내자사몰,128100.0,,1
2025-05-11,2025-05,국내자사몰,128100.0,,1
2025-05-11,2025-05,국내자사몰,71935.0,,2
2025-05-11,2025-05,국내자사몰,142000.0,,1
2025-05-11,2025-05,국내자사몰,119280.0,,3
2025-05-11,2025-05,국내자사몰,111072.0,,1
2025-05-11,2025-05,국내자사몰,80700.0,,2
2025-05-11,2025-05,해외자사몰,192270.0,132.6,2
2025-05-11,2025-05,해외자사몰,280140.0,193.2,2
2025-05-11,2025-05,해외자사몰,132457.5,91.35,2
2025-05-11,2025-05,해외자사몰,232000.0,160.0,2
2025-05-11,2025-05,해외자사몰,186325.0,128.5,1
2025-05-11,2025-05,해외자사몰,204377.5,140.95,3
2025-05-12,2025-05,국내자사몰,55345.0,,2
2025-05-12,2025-05,국내자사몰,56900.0,,1
2025-05-12,2025-05,국내자사몰,36830.0,,1
2025-05-12,2025-05,국내자사몰,28200.0,,1
2025-05-12,2025-05,국내자사몰,121830.0,,1
2025-05-12,2025-05,국내자사몰,121150.0,,1
2025-05-12,2025-05,국내자사몰,101368.0,,2
2025-05-12,2025-05,국내자사몰,47500.0,,1
2025-05-12,2025-05,국내자사몰,156680.0,,2
2025-05-12,2025-05,국내자사몰,172245.0,,2
2025-05-12,2025-05,국내자사몰,102900.0,,1
2025-05-12,2025-05,국내자사몰,121150.0,,1
2025-05-12,2025-05,국내자사몰,110730.0,,1
2025-05-12,2025-05,국내자사몰,128100.0,,1
2025-05-12,2025-05,국내자사몰,37200.0,,1
2025-05-12,2025-05,국내자사몰,142000.0,,1
2025-05-12,2025-05,국내자사몰,63840.0,,1
2025-05-12,2025-05,국내자사몰,42800.0,,1
2025-05-12,2025-05,국내자사몰,64625.0,,1
2025-05-12,2025-05,국내자사몰,142000.0,,1
2025-05-12,2025-05,국내자사몰,72930.0,,2
2025-05-12,2025-05,국내자사몰,64625.0,,1
2025-05-12,2025-05,국내자사몰,142000.0,,1
2025-05-12,2025-05,국내자사몰,92820.0,,1
2025-05-12,2025-05,해외자사몰,117450.0,81.0,1
2025-05-12,2025-05,해외자사몰,249255.0,171.9,2
2025-05-13,2025-05,국내자사몰,146480.0,,2
2025-05-13,2025-05,국내자사몰,81210.0,,2
2025-05-13,2025-05,국내자사몰,39900.0,,1
2025-05-13,2025-05,국내자사몰,89900.0,,2
2025-05-13,2025-05,국내자사몰,128820.0,,1
2025-05-13,2025-05,국내자사몰,38820.0,,1
2025-05-13,2025-05,국내자사몰,40825.0,,1
2025-05-13,2025-05,국내자사몰,160080.0,,1
2025-05-13,2025-05,국내자사몰,144030.0,,4
2025-05-13,2025-05,국내자사몰,128100.0,,1
2025-05-13,2025-05,국내자사몰,29460.0,,1
2025-05-13,2025-05,국내자사몰,25680.0,,1
2025-05-13,2025-05,국내자사몰,128100.0,,1
2025-05-13,2025-05,국내자사몰,76500.0,,2
2025-05-13,2025-05,국내자사몰,67260.0,,2
2025-05-13,2025-05,국내자사몰,28200.0,,1
2025-05-13,2025-05,국내자사몰,128820.0,,1
2025-05-13,2025-05,국내자사몰,274873.0,,3
2025-05-13,2025-05,국내자사몰,128100.0,,1
2025-05-13,2025-05,국내자사몰,210315.0,,3
2025-05-13,2025-05,국내자사몰,49200.0,,1
2025-05-14,2025-05,국내자사몰,43110.0,,1
2025-05-14,2025-05,국내자사몰,102900.0,,1
2025-05-14,2025-05,국내자사몰,154200.0,,2
2025-05-14,2025-05,국내자사몰,175000.0,,2
2025-05-14,2025-05,국내자사몰,81210.0,,2
2025-05-14,2025-05,국내자사몰,29100.0,,1
2025-05-14,2025-05,국내자사몰,50900.0,,1
2025-05-14,2025-05,국내자사몰,36830.0,,1
2025-05-14,2025-05,국내자사몰,128820.0,,1
2025-05-14,2025-05,국내자사몰,128100.0,,1
2025-05-14,2025-05,국내자사몰,128100.0,,1
2025-05-14,2025-05,국내자사몰,29100.0,,1
2025-05-14,2025-05,국내자사몰,65181.0,,1
2025-05-14,2025-05,국내자사몰,85900.0,,2
2025-05-14,2025-05,국내자사몰,121150.0,,1
2025-05-14,2025-05,국내자사몰,64457.0,,2
2025-05-14,2025-05,국내자사몰,155830.0,,3
2025-05-14,2025-05,국내자사몰,40170.0,,1
2025-05-15,2025-05,국내자사몰,114825.0,,2
2025-05-15,2025-05,국내자사몰,32640.0,,1
2025-05-15,2025-05,국내자사몰,30550.0,,1
2025-05-15,2025-05,국내자사몰,160080.0,,1
2025-05-15,2025-05,국내자사몰,117885.0,,2
2025-05-15,2025-05,국내자사몰,81210.0,,2
2025-05-15,2025-05,국내자사몰,115500.0,,1
2025-05-15,2025-05,국내자사몰,71400.0,,2
2025-05-15,2025-05,국내자사몰,142400.0,,2
2025-05-15,2025-05,국내자사몰,104150.0,,1
2025-05-15,2025-05,국내자사몰,115500.0,,1
2025-05-15,2025-05,국내자사몰,218042.0,,3
2025-05-15,2025-05,국내자사몰,128100.0,,1
2025-05-15,2025-05,국내자사몰,50627.0,,2
2025-05-15,2025-05,국내자사몰,228000.0,,2
2025-05-15,2025-05,국내자사몰,277410.0,,2
2025-05-15,2025-05,국내자사몰,16005.0,,1
2025-05-15,2025-05,국내자사몰,137460.0,,3
2025-05-16,2025-05,국내자사몰,128820.0,,1
2025-05-16,2025-05,국내자사몰,105850.0,,1
2025-05-16,2025-05,국내자사몰,142800.0,,1
2025-05-16,2025-05,국내자사몰,47000.0,,1
2025-05-16,2025-05,국내자사몰,29100.0,,1
2025-05-16,2025-05,국내자사몰,128820.0,,1
2025-05-16,2025-05,국내자사몰,67800.0,,1
2025-05-16,2025-05,국내자사몰,142800.0,,1
2025-05-16,2025-05,국내자사몰,44000.0,,1
2025-05-16,2025-05,국내자사몰,151410.0,,2
2025-05-16,2025-05,국내자사몰,37850.0,,1
2025-05-16,2025-05,국내자사몰,64200.0,,2
2025-05-16,2025-05,국내자사몰,156680.0,,2
2025-05-16,2025-05,해외자사몰,616830.0,425.4,4
2025-05-17,2025-05,국내자사몰,203810.0,,3
2025-05-17,2025-05,국내자사몰,49710.0,,1
2025-05-17,2025-05,국내자사몰,49710.0,,1
2025-05-17,2025-05,국내자사몰,92190.0,,1
2025-05-17,2025-05,국내자사몰,49710.0,,1
2025-05-17,2025-05,국내자사몰,314220.0,,4
2025-05-17,2025-05,국내자사몰,174270.0,,3
2025-05-17,2025-05,국내자사몰,243770.0,,2
2025-05-17,2025-05,국내자사몰,47115.0,,1
2025-05-17,2025-05,국내자사몰,24250.0,,2
2025-05-17,2025-05,국내자사몰,43050.0,,1
2025-05-17,2025-05,국내자사몰,13115.0,,1
2025-05-17,2025-05,국내자사몰,26800.0,,2
2025-05-17,2025-05,국내자사몰,113245.0,,2
2025-05-17,2025-05,국내자사몰,85710.0,,1
2025-05-17,2025-05,국내자사몰,38190.0,,1
2025-05-17,2025-05,국내자사몰,210000.0,,2
2025-05-17,2025-05,국내자사몰,79275.0,,3
2025-05-17,2025-05,국내자사몰,49710.0,,1
2025-05-17,2025-05,국내자사몰,81115.0,,1
2025-05-17,2025-05,국내자사몰,49710.0,,1
2025-05-17,2025-05,국내자사몰,47115.0,,1
2025-05-17,2025-05,국내자사몰,49710.0,,1
2025-05-17,2025-05,국내자사몰,81115.0,,1
2025-05-17,2025-05,국내자사몰,49710.0,,1
2025-05-17,2025-05,국내자사몰,22100.0,,1
2025-05-17,2025-05,국내자사몰,98220.0,,2
2025-05-17,2025-05,국내자사몰,40825.0,,1
2025-05-17,2025-05,국내자사몰,43050.0,,1
2025-05-17,2025-05,국내자사몰,47500.0,,1
2025-05-17,2025-05,국내자사몰,131265.0,,2
2025-05-17,2025-05,국내자사몰,43050.0,,1
2025-05-17,2025-05,국내자사몰,166285.0,,3
2025-05-17,2025-05,국내자사몰,47115.0,,1
2025-05-17,2025-05,국내자사몰,47115.0,,1
2025-05-17,2025-05,국내자사몰,49710.0,,1
2025-05-17,2025-05,국내자사몰,146800.0,,2
2025-05-17,2025-05,국내자사몰,43050.0,,1
2025-05-17,2025-05,국내자사몰,49710.0,,1
2025-05-17,2025-05,국내자사몰,137910.0,,4
2025-05-17,2025-05,국내자사몰,53190.0,,1
2025-05-17,2025-05,국내자사몰,38190.0,,1
2025-05-17,2025-05,국내자사몰,49710.0,,1
2025-05-17,2025-05,국내자사몰,40825.0,,1
2025-05-17,2025-05,국내자사몰,56190.0,,1
2025-05-17,2025-05,국내자사몰,80350.0,,2
2025-05-17,2025-05,국내자사몰,107310.0,,3
2025-05-17,2025-05,국내자사몰,49063.0,,1
2025-05-17,2025-05,국내자사몰,111900.0,,1
2025-05-17,2025-05,국내자사몰,102100.0,,1
2025-05-17,2025-05,국내자사몰,162700.0,,1
2025-05-17,2025-05,국내자사몰,20190.0,,1
2025-05-17,2025-05,국내자사몰,92190.0,,1
2025-05-17,2025-05,국내자사몰,100080.0,,3
2025-05-17,2025-05,국내자사몰,46688.0,,1
2025-05-17,2025-05,국내자사몰,123190.0,,1
2025-05-17,2025-05,국내자사몰,111900.0,,1
2025-05-18,2025-05,국내자사몰,87235.0,,1
2025-05-18,2025-05,국내자사몰,55700.0,,2
2025-05-18,2025-05,국내자사몰,53235.0,,1
2025-05-18,2025-05,국내자사몰,29100.0,,1
2025-05-18,2025-05,국내자사몰,94900.0,,1
2025-05-18,2025-05,국내자사몰,49710.0,,1
2025-05-18,2025-05,국내자사몰,76800.0,,2
2025-05-18,2025-05,국내자사몰,111900.0,,1
2025-05-18,2025-05,국내자사몰,89640.0,,2
2025-05-18,2025-05,국내자사몰,47115.0,,1
2025-05-18,2025-05,국내자사몰,54900.0,,1
2025-05-18,2025-05,국내자사몰,43594.0,,1
2025-05-18,2025-05,국내자사몰,89144.0,,2
2025-05-18,2025-05,국내자사몰,49710.0,,1
2025-05-18,2025-05,국내자사몰,81300.0,,1
2025-05-18,2025-05,국내자사몰,47115.0,,1
2025-05-18,2025-05,국내자사몰,54900.0,,1
2025-05-18,2025-05,국내자사몰,105850.0,,1
2025-05-18,2025-05,국내자사몰,124000.0,,1
2025-05-18,2025-05,국내자사몰,29100.0,,1
2025-05-18,2025-05,국내자사몰,47115.0,,1
2025-05-18,2025-05,국내자사몰,49710.0,,1
2025-05-18,2025-05,국내자사몰,211530.0,,2
2025-05-18,2025-05,국내자사몰,118940.0,,2
2025-05-18,2025-05,국내자사몰,145380.0,,2
2025-05-18,2025-05,국내자사몰,73465.0,,3
2025-05-18,2025-05,국내자사몰,49710.0,,1
2025-05-18,2025-05,국내자사몰,64200.0,,2
2025-05-18,2025-05,국내자사몰,73465.0,,3
2025-05-18,2025-05,국내자사몰,49710.0,,1
2025-05-18,2025-05,국내자사몰,102900.0,,2
2025-05-18,2025-05,국내자사몰,72295.0,,3
2025-05-18,2025-05,국내자사몰,56190.0,,1
2025-05-18,2025-05,국내자사몰,48815.0,,1
2025-05-18,2025-05,국내자사몰,38190.0,,1
2025-05-18,2025-05,국내자사몰,42600.0,,1
2025-05-18,2025-05,국내자사몰,43050.0,,1
2025-05-18,2025-05,국내자사몰,49710.0,,1
2025-05-18,2025-05,국내자사몰,49710.0,,1
2025-05-18,2025-05,국내자사몰,13710.0,,1
2025-05-18,2025-05,국내자사몰,20100.0,,1
2025-05-18,2025-05,국내자사몰,85710.0,,1
2025-05-18,2025-05,국내자사몰,155100.0,,3
2025-05-18,2025-05,국내자사몰,226635.0,,5
2025-05-18,2025-05,국내자사몰,148170.0,,3
2025-05-18,2025-05,국내자사몰,85710.0,,1
2025-05-18,2025-05,국내자사몰,54900.0,,1
2025-05-18,2025-05,국내자사몰,97350.0,,2
2025-05-18,2025-05,국내자사몰,13710.0,,1
2025-05-18,2025-05,국내자사몰,49710.0,,1
2025-05-18,2025-05,국내자사몰,51510.0,,1
2025-05-18,2025-05,국내자사몰,47500.0,,1
2025-05-18,2025-05,국내자사몰,111900.0,,1
2025-05-18,2025-05,국내자사몰,43050.0,,1
2025-05-18,2025-05,국내자사몰,60420.0,,2
2025-05-18,2025-05,국내자사몰,49710.0,,1
2025-05-18,2025-05,국내자사몰,42100.0,,1
2025-05-18,2025-05,해외자사몰,88450.0,61.0,1
2025-05-18,2025-05,해외자사몰,200636.5,138.37,3
2025-05-19,2025-05,국내자사몰,138900.0,,2
2025-05-19,2025-05,국내자사몰,35580.0,,2
2025-05-19,2025-05,국내자사몰,136253.0,,1
2025-05-19,2025-05,국내자사몰,47115.0,,1
2025-05-19,2025-05,국내자사몰,85710.0,,1
2025-05-19,2025-05,국내자사몰,62100.0,,1
2025-05-19,2025-05,국내자사몰,56190.0,,1
2025-05-19,2025-05,국내자사몰,51510.0,,1
2025-05-19,2025-05,국내자사몰,40805.0,,1
2025-05-19,2025-05,국내자사몰,47500.0,,1
2025-05-19,2025-05,국내자사몰,27650.0,,1
2025-05-19,2025-05,국내자사몰,116900.0,,3
2025-05-19,2025-05,국내자사몰,43715.0,,1
2025-05-19,2025-05,국내자사몰,85710.0,,1
2025-05-19,2025-05,국내자사몰,48815.0,,1
2025-05-19,2025-05,국내자사몰,105850.0,,1
2025-05-19,2025-05,국내자사몰,40825.0,,1
2025-05-19,2025-05,국내자사몰,124000.0,,1
2025-05-19,2025-05,국내자사몰,81115.0,,1
2025-05-19,2025-05,국내자사몰,87100.0,,3
2025-05-19,2025-05,국내자사몰,47500.0,,1
2025-05-19,2025-05,국내자사몰,138900.0,,2
2025-05-19,2025-05,국내자사몰,113989.0,,3
2025-05-19,2025-05,국내자사몰,51015.0,,1
2025-05-19,2025-05,국내자사몰,128820.0,,1
2025-05-19,2025-05,국내자사몰,32000.0,,2
2025-05-19,2025-05,국내자사몰,49710.0,,1
2025-05-19,2025-05,국내자사몰,136545.0,,1
2025-05-19,2025-05,국내자사몰,47115.0,,1
2025-05-19,2025-05,국내자사몰,38190.0,,1
2025-05-19,2025-05,국내자사몰,69470.0,,2
2025-05-19,2025-05,국내자사몰,54900.0,,1
2025-05-19,2025-05,국내자사몰,54900.0,,1
2025-05-19,2025-05,국내자사몰,49710.0,,1
2025-05-19,2025-05,국내자사몰,94900.0,,1
2025-05-19,2025-05,국내자사몰,111900.0,,1
2025-05-19,2025-05,국내자사몰,52305.0,,1
2025-05-19,2025-05,국내자사몰,105850.0,,1
2025-05-19,2025-05,국내자사몰,111900.0,,1
2025-05-19,2025-05,국내자사몰,54900.0,,1
2025-05-19,2025-05,국내자사몰,118600.0,,3
2025-05-19,2025-05,국내자사몰,56900.0,,1
2025-05-19,2025-05,국내자사몰,94900.0,,1
2025-05-19,2025-05,국내자사몰,56900.0,,1
2025-05-19,2025-05,국내자사몰,197400.0,,4
2025-05-19,2025-05,국내자사몰,94900.0,,1
2025-05-19,2025-05,국내자사몰,102900.0,,2
2025-05-19,2025-05,국내자사몰,20190.0,,1
2025-05-19,2025-05,국내자사몰,54900.0,,1
2025-05-19,2025-05,국내자사몰,49710.0,,1
2025-05-19,2025-05,국내자사몰,64600.0,,2
2025-05-19,2025-05,국내자사몰,111900.0,,1
2025-05-19,2025-05,국내자사몰,111900.0,,1
2025-05-19,2025-05,국내자사몰,47115.0,,1
2025-05-19,2025-05,국내자사몰,103470.0,,2
2025-05-19,2025-05,국내자사몰,49710.0,,1
2025-05-19,2025-05,국내자사몰,56900.0,,1
2025-05-19,2025-05,국내자사몰,47115.0,,1
2025-05-19,2025-05,국내자사몰,147585.0,,3
2025-05-19,2025-05,국내자사몰,49710.0,,1
2025-05-19,2025-05,국내자사몰,43050.0,,1
2025-05-19,2025-05,국내자사몰,38190.0,,1
2025-05-19,2025-05,국내자사몰,102100.0,,1
2025-05-19,2025-05,국내자사몰,56190.0,,1
2025-05-19,2025-05,국내자사몰,51510.0,,1
2025-05-19,2025-05,국내자사몰,54900.0,,1
2025-05-19,2025-05,국내자사몰,121830.0,,1
2025-05-19,2025-05,국내자사몰,40825.0,,1
2025-05-19,2025-05,국내자사몰,43050.0,,1
2025-05-19,2025-05,국내자사몰,199350.0,,3
2025-05-19,2025-05,국내자사몰,49710.0,,1
2025-05-19,2025-05,국내자사몰,47115.0,,1
2025-05-19,2025-05,국내자사몰,43850.0,,1
2025-05-19,2025-05,국내자사몰,89760.0,,2
2025-05-19,2025-05,국내자사몰,43050.0,,1
2025-05-19,2025-05,국내자사몰,53235.0,,1
2025-05-19,2025-05,국내자사몰,62500.0,,2
2025-05-19,2025-05,국내자사몰,140445.0,,1
2025-05-19,2025-05,국내자사몰,96000.0,,2
2025-05-19,2025-05,국내자사몰,81115.0,,1
2025-05-19,2025-05,해외자사몰,133400.0,92.0,1
2025-05-19,2025-05,해외자사몰,403491.5,278.27,3
2025-05-19,2025-05,해외자사몰,209032.0,144.16,5
2025-05-20,2025-05,국내자사몰,85710.0,,1
2025-05-20,2025-05,국내자사몰,45600.0,,1
2025-05-20,2025-05,국내자사몰,80350.0,,2
2025-05-20,2025-05,국내자사몰,81115.0,,1
2025-05-20,2025-05,국내자사몰,334000.0,,5
2025-05-20,2025-05,국내자사몰,97350.0,,2
2025-05-20,2025-05,국내자사몰,51510.0,,1
2025-05-20,2025-05,국내자사몰,85710.0,,1
2025-05-20,2025-05,국내자사몰,24420.0,,2
2025-05-20,2025-05,국내자사몰,47115.0,,1
2025-05-20,2025-05,국내자사몰,51510.0,,1
2025-05-20,2025-05,국내자사몰,56900.0,,1
2025-05-20,2025-05,국내자사몰,94221.0,,3
2025-05-20,2025-05,국내자사몰,47115.0,,1
2025-05-20,2025-05,국내자사몰,82050.0,,2
2025-05-20,2025-05,국내자사몰,47115.0,,1
2025-05-20,2025-05,국내자사몰,94900.0,,1
2025-05-20,2025-05,국내자사몰,29100.0,,1
2025-05-20,2025-05,국내자사몰,85710.0,,1
2025-05-20,2025-05,국내자사몰,38190.0,,1
2025-05-20,2025-05,국내자사몰,73830.0,,3
2025-05-20,2025-05,국내자사몰,36480.0,,1
2025-05-20,2025-05,국내자사몰,43715.0,,1
2025-05-20,2025-05,국내자사몰,43050.0,,1
2025-05-20,2025-05,국내자사몰,47500.0,,1
2025-05-20,2025-05,국내자사몰,85710.0,,1
2025-05-20,2025-05,국내자사몰,29100.0,,1
2025-05-20,2025-05,국내자사몰,136200.0,,4
2025-05-20,2025-05,국내자사몰,56190.0,,1
2025-05-20,2025-05,국내자사몰,94620.0,,2
2025-05-20,2025-05,국내자사몰,27650.0,,1
2025-05-20,2025-05,국내자사몰,36235.0,,1
2025-05-20,2025-05,국내자사몰,87235.0,,1
2025-05-20,2025-05,국내자사몰,19610.0,,1
2025-05-20,2025-05,국내자사몰,94080.0,,4
2025-05-20,2025-05,국내자사몰,87235.0,,1
2025-05-20,2025-05,국내자사몰,53830.0,,2
2025-05-20,2025-05,국내자사몰,58440.0,,2
2025-05-20,2025-05,국내자사몰,97900.0,,2
2025-05-20,2025-05,국내자사몰,84680.0,,3
2025-05-20,2025-05,국내자사몰,68365.0,,2
2025-05-20,2025-05,국내자사몰,81115.0,,1
2025-05-20,2025-05,국내자사몰,90300.0,,2
2025-05-20,2025-05,국내자사몰,81115.0,,1
2025-05-20,2025-05,국내자사몰,81115.0,,1
2025-05-20,2025-05,국내자사몰,169697.0,,4
2025-05-20,2025-05,국내자사몰,94900.0,,1
2025-05-20,2025-05,국내자사몰,49710.0,,1
2025-05-20,2025-05,국내자사몰,20190.0,,1
2025-05-20,2025-05,국내자사몰,38190.0,,1
2025-05-20,2025-05,국내자사몰,124000.0,,1
2025-05-20,2025-05,국내자사몰,152490.0,,3
2025-05-20,2025-05,국내자사몰,40966.0,,1
2025-05-20,2025-05,국내자사몰,52155.0,,1
2025-05-20,2025-05,국내자사몰,56190.0,,1
2025-05-20,2025-05,국내자사몰,54900.0,,1
2025-05-20,2025-05,국내자사몰,211390.0,,6
2025-05-20,2025-05,국내자사몰,68610.0,,3
2025-05-20,2025-05,국내자사몰,63350.0,,2
2025-05-20,2025-05,국내자사몰,116490.0,,3
2025-05-20,2025-05,국내자사몰,87235.0,,1
2025-05-20,2025-05,국내자사몰,124000.0,,1
2025-05-20,2025-05,국내자사몰,79491.0,,1
2025-05-20,2025-05,국내자사몰,22100.0,,1
2025-05-20,2025-05,국내자사몰,53235.0,,1
2025-05-20,2025-05,국내자사몰,53235.0,,1
2025-05-20,2025-05,해외자사몰,195750.0,135.0,2
2025-05-21,2025-05,국내자사몰,89760.0,,2
2025-05-21,2025-05,국내자사몰,121830.0,,1
2025-05-21,2025-05,국내자사몰,111900.0,,1
2025-05-21,2025-05,국내자사몰,157800.0,,3
2025-05-21,2025-05,국내자사몰,49710.0,,1
2025-05-21,2025-05,국내자사몰,47115.0,,1
2025-05-21,2025-05,국내자사몰,47115.0,,1
2025-05-21,2025-05,국내자사몰,120090.0,,3
2025-05-21,2025-05,국내자사몰,141800.0,,3
2025-05-21,2025-05,국내자사몰,56190.0,,1
2025-05-21,2025-05,국내자사몰,47115.0,,1
2025-05-21,2025-05,국내자사몰,49710.0,,1
2025-05-21,2025-05,국내자사몰,62400.0,,2
2025-05-21,2025-05,국내자사몰,47115.0,,1
2025-05-21,2025-05,국내자사몰,85710.0,,1
2025-05-21,2025-05,국내자사몰,39430.0,,1
2025-05-21,2025-05,국내자사몰,147585.0,,3
2025-05-21,2025-05,국내자사몰,56190.0,,1
2025-05-21,2025-05,국내자사몰,85900.0,,3
2025-05-21,2025-05,국내자사몰,114000.0,,2
2025-05-21,2025-05,국내자사몰,85710.0,,1
2025-05-21,2025-05,국내자사몰,91380.0,,2
2025-05-21,2025-05,국내자사몰,85710.0,,1
2025-05-21,2025-05,국내자사몰,56100.0,,1
2025-05-21,2025-05,국내자사몰,121170.0,,3
2025-05-21,2025-05,국내자사몰,111900.0,,1
2025-05-21,2025-05,국내자사몰,121830.0,,1
2025-05-21,2025-05,국내자사몰,298460.0,,5
2025-05-21,2025-05,국내자사몰,169260.0,,4
2025-05-21,2025-05,국내자사몰,114300.0,,1
2025-05-21,2025-05,국내자사몰,38190.0,,1
2025-05-21,2025-05,국내자사몰,38190.0,,1
2025-05-21,2025-05,국내자사몰,43050.0,,1
2025-05-21,2025-05,국내자사몰,105850.0,,1
2025-05-21,2025-05,국내자사몰,54900.0,,1
2025-05-21,2025-05,국내자사몰,48065.0,,1
2025-05-21,2025-05,국내자사몰,100020.0,,2
2025-05-21,2025-05,국내자사몰,47500.0,,1
2025-05-21,2025-05,국내자사몰,124000.0,,1
2025-05-21,2025-05,국내자사몰,13710.0,,1
2025-05-21,2025-05,국내자사몰,100290.0,,3
2025-05-21,2025-05,국내자사몰,85710.0,,1
2025-05-21,2025-05,국내자사몰,49710.0,,1
2025-05-21,2025-05,국내자사몰,111900.0,,1
2025-05-21,2025-05,국내자사몰,74000.0,,2
2025-05-21,2025-05,국내자사몰,49710.0,,1
2025-05-21,2025-05,국내자사몰,38640.0,,1
2025-05-21,2025-05,국내자사몰,51510.0,,1
2025-05-21,2025-05,국내자사몰,101200.0,,2
2025-05-21,2025-05,국내자사몰,85710.0,,1
2025-05-21,2025-05,국내자사몰,232755.0,,2
2025-05-21,2025-05,국내자사몰,104200.0,,3
2025-05-21,2025-05,국내자사몰,228000.0,,7
2025-05-21,2025-05,국내자사몰,85710.0,,1
2025-05-21,2025-05,국내자사몰,48681.0,,1
2025-05-21,2025-05,국내자사몰,40825.0,,1
2025-05-21,2025-05,국내자사몰,96532.0,,2
2025-05-21,2025-05,국내자사몰,65100.0,,2
2025-05-21,2025-05,국내자사몰,120900.0,,2
2025-05-21,2025-05,국내자사몰,38190.0,,1
2025-05-21,2025-05,국내자사몰,47115.0,,1
2025-05-21,2025-05,국내자사몰,49274.0,,1
2025-05-21,2025-05,국내자사몰,50900.0,,1
2025-05-21,2025-05,국내자사몰,56190.0,,1
2025-05-22,2025-05,국내자사몰,51510.0,,1
2025-05-22,2025-05,국내자사몰,81115.0,,1
2025-05-22,2025-05,국내자사몰,299910.0,,4
2025-05-22,2025-05,국내자사몰,56190.0,,1
2025-05-22,2025-05,국내자사몰,111900.0,,1
2025-05-22,2025-05,국내자사몰,126120.0,,4
2025-05-22,2025-05,국내자사몰,81115.0,,1
2025-05-22,2025-05,국내자사몰,57900.0,,2
2025-05-22,2025-05,국내자사몰,105850.0,,1
2025-05-22,2025-05,국내자사몰,140700.0,,2
2025-05-22,2025-05,국내자사몰,111900.0,,1
2025-05-22,2025-05,국내자사몰,50790.0,,1
2025-05-22,2025-05,국내자사몰,47115.0,,1
2025-05-22,2025-05,국내자사몰,32000.0,,2
2025-05-22,2025-05,국내자사몰,99050.0,,2
2025-05-22,2025-05,국내자사몰,61000.0,,2
2025-05-22,2025-05,국내자사몰,62100.0,,1
2025-05-22,2025-05,국내자사몰,111900.0,,1
2025-05-22,2025-05,국내자사몰,102748.0,,3
2025-05-22,2025-05,국내자사몰,131350.0,,2
2025-05-22,2025-05,국내자사몰,111900.0,,1
2025-05-22,2025-05,국내자사몰,100000.0,,3
2025-05-22,2025-05,국내자사몰,47115.0,,1
2025-05-22,2025-05,국내자사몰,47115.0,,1
2025-05-22,2025-05,국내자사몰,111900.0,,1
2025-05-22,2025-05,국내자사몰,105850.0,,1
2025-05-22,2025-05,국내자사몰,19235.0,,1
2025-05-22,2025-05,국내자사몰,83931.0,,1
2025-05-22,2025-05,국내자사몰,20100.0,,1
2025-05-22,2025-05,국내자사몰,124720.0,,4
2025-05-22,2025-05,국내자사몰,113585.0,,3
2025-05-22,2025-05,국내자사몰,90300.0,,3
2025-05-22,2025-05,국내자사몰,148530.0,,1
2025-05-22,2025-05,국내자사몰,141200.0,,2
2025-05-22,2025-05,국내자사몰,54900.0,,1
2025-05-22,2025-05,국내자사몰,197650.0,,6
2025-05-22,2025-05,국내자사몰,141870.0,,3
2025-05-22,2025-05,국내자사몰,64370.0,,2
2025-05-22,2025-05,국내자사몰,140700.0,,2
2025-05-22,2025-05,국내자사몰,48815.0,,1
2025-05-22,2025-05,국내자사몰,89000.0,,2
2025-05-22,2025-05,국내자사몰,46110.0,,1
2025-05-22,2025-05,국내자사몰,153130.0,,2
2025-05-22,2025-05,국내자사몰,20190.0,,1
2025-05-22,2025-05,국내자사몰,60388.0,,2
2025-05-22,2025-05,국내자사몰,19235.0,,1
2025-05-22,2025-05,국내자사몰,56100.0,,1
2025-05-22,2025-05,국내자사몰,105850.0,,1
2025-05-22,2025-05,국내자사몰,43050.0,,1
2025-05-22,2025-05,국내자사몰,216954.0,,7
2025-05-22,2025-05,국내자사몰,60800.0,,2
2025-05-22,2025-05,국내자사몰,49710.0,,1
2025-05-22,2025-05,국내자사몰,37850.0,,1
2025-05-22,2025-05,국내자사몰,39900.0,,1
2025-05-22,2025-05,국내자사몰,134445.0,,2
2025-05-22,2025-05,해외자사몰,142535.0,98.3,2
2025-05-22,2025-05,해외자사몰,224097.50000000003,154.55,4
2025-05-23,2025-05,국내자사몰,103470.0,,2
2025-05-23,2025-05,국내자사몰,147090.0,,2
2025-05-23,2025-05,국내자사몰,103470.0,,2
2025-05-23,2025-05,국내자사몰,54100.0,,1
2025-05-23,2025-05,국내자사몰,87235.0,,1
2025-05-23,2025-05,국내자사몰,120090.0,,3
2025-05-23,2025-05,국내자사몰,22100.0,,1
2025-05-23,2025-05,국내자사몰,112170.0,,3
2025-05-23,2025-05,국내자사몰,86470.0,,2
2025-05-23,2025-05,국내자사몰,47190.0,,1
2025-05-23,2025-05,국내자사몰,81115.0,,1
2025-05-23,2025-05,국내자사몰,132420.0,,2
2025-05-23,2025-05,국내자사몰,81300.0,,1
2025-05-23,2025-05,국내자사몰,121170.0,,3
2025-05-23,2025-05,국내자사몰,47115.0,,1
2025-05-23,2025-05,국내자사몰,54900.0,,1
2025-05-23,2025-05,국내자사몰,44000.0,,1
2025-05-23,2025-05,국내자사몰,365250.0,,7
2025-05-23,2025-05,국내자사몰,47115.0,,1
2025-05-23,2025-05,국내자사몰,47115.0,,1
2025-05-23,2025-05,국내자사몰,51510.0,,1
2025-05-23,2025-05,국내자사몰,148800.0,,2
2025-05-23,2025-05,국내자사몰,85710.0,,1
2025-05-23,2025-05,국내자사몰,47115.0,,1
2025-05-23,2025-05,국내자사몰,81115.0,,1
2025-05-23,2025-05,국내자사몰,49710.0,,1
2025-05-23,2025-05,국내자사몰,50790.0,,1
2025-05-23,2025-05,국내자사몰,118920.0,,3
2025-05-23,2025-05,국내자사몰,13710.0,,1
2025-05-23,2025-05,국내자사몰,146595.0,,4
2025-05-23,2025-05,국내자사몰,56190.0,,1
2025-05-23,2025-05,국내자사몰,128820.0,,2
2025-05-23,2025-05,국내자사몰,38190.0,,1
2025-05-23,2025-05,국내자사몰,102100.0,,1
2025-05-23,2025-05,국내자사몰,85710.0,,1
2025-05-23,2025-05,국내자사몰,110350.0,,2
2025-05-23,2025-05,국내자사몰,127380.0,,2
2025-05-23,2025-05,국내자사몰,65050.0,,2
2025-05-23,2025-05,국내자사몰,95587.0,,3
2025-05-23,2025-05,국내자사몰,131350.0,,2
2025-05-23,2025-05,국내자사몰,94900.0,,1
2025-05-23,2025-05,국내자사몰,62100.0,,1
2025-05-23,2025-05,국내자사몰,47115.0,,1
2025-05-23,2025-05,국내자사몰,111900.0,,1
2025-05-23,2025-05,국내자사몰,124000.0,,1
2025-05-23,2025-05,국내자사몰,49710.0,,1
2025-05-23,2025-05,국내자사몰,102100.0,,1
2025-05-23,2025-05,국내자사몰,46110.0,,1
2025-05-23,2025-05,국내자사몰,111900.0,,1
2025-05-23,2025-05,국내자사몰,51510.0,,1
2025-05-23,2025-05,국내자사몰,47115.0,,1
2025-05-23,2025-05,국내자사몰,14900.0,,1
2025-05-23,2025-05,국내자사몰,86470.0,,2
2025-05-23,2025-05,국내자사몰,61320.0,,1
2025-05-23,2025-05,국내자사몰,127110.0,,3
2025-05-23,2025-05,국내자사몰,58930.0,,2
2025-05-23,2025-05,국내자사몰,81115.0,,1
2025-05-23,2025-05,국내자사몰,97350.0,,2
2025-05-23,2025-05,해외자사몰,457199.5,315.31,10
2025-05-23,2025-05,해외자사몰,133400.0,92.0,1
2025-05-23,2025-05,해외자사몰,136010.0,93.8,2
2025-05-23,2025-05,해외자사몰,91350.0,63.0,1
2025-05-24,2025-05,국내자사몰,47115.0,,1
2025-05-24,2025-05,국내자사몰,128820.0,,1
2025-05-24,2025-05,국내자사몰,111900.0,,1
2025-05-24,2025-05,국내자사몰,85710.0,,1
2025-05-24,2025-05,국내자사몰,85710.0,,1
2025-05-24,2025-05,국내자사몰,105850.0,,1
2025-05-24,2025-05,국내자사몰,48815.0,,1
2025-05-24,2025-05,국내자사몰,111900.0,,1
2025-05-24,2025-05,국내자사몰,95183.0,,3
2025-05-24,2025-05,국내자사몰,160950.0,,5
2025-05-24,2025-05,국내자사몰,56190.0,,1
2025-05-24,2025-05,국내자사몰,38190.0,,1
2025-05-24,2025-05,국내자사몰,105850.0,,1
2025-05-24,2025-05,국내자사몰,124000.0,,1
2025-05-24,2025-05,국내자사몰,94350.0,,1
2025-05-24,2025-05,국내자사몰,56190.0,,1
2025-05-24,2025-05,국내자사몰,48815.0,,1
2025-05-24,2025-05,국내자사몰,54900.0,,1
2025-05-24,2025-05,국내자사몰,121830.0,,1
2025-05-24,2025-05,국내자사몰,121830.0,,1
2025-05-24,2025-05,국내자사몰,46110.0,,1
2025-05-24,2025-05,국내자사몰,53235.0,,1
2025-05-24,2025-05,국내자사몰,75810.0,,2
2025-05-24,2025-05,국내자사몰,98800.0,,2
2025-05-24,2025-05,국내자사몰,56190.0,,1
2025-05-24,2025-05,국내자사몰,132420.0,,2
2025-05-24,2025-05,국내자사몰,47190.0,,1
2025-05-24,2025-05,국내자사몰,40831.0,,1
2025-05-24,2025-05,국내자사몰,102100.0,,1
2025-05-24,2025-05,국내자사몰,92030.0,,4
2025-05-24,2025-05,국내자사몰,48815.0,,1
2025-05-24,2025-05,국내자사몰,105850.0,,1
2025-05-24,2025-05,국내자사몰,54900.0,,1
2025-05-24,2025-05,국내자사몰,51510.0,,1
2025-05-24,2025-05,국내자사몰,54525.0,,1
2025-05-24,2025-05,국내자사몰,118920.0,,3
2025-05-24,2025-05,국내자사몰,87235.0,,1
2025-05-24,2025-05,국내자사몰,34990.0,,1
2025-05-24,2025-05,국내자사몰,111900.0,,1
2025-05-24,2025-05,국내자사몰,128820.0,,1
2025-05-24,2025-05,국내자사몰,81115.0,,1
2025-05-24,2025-05,국내자사몰,149627.0,,3
2025-05-24,2025-05,국내자사몰,227995.0,,4
2025-05-24,2025-05,국내자사몰,148800.0,,2
2025-05-24,2025-05,국내자사몰,173100.0,,2
2025-05-24,2025-05,국내자사몰,53235.0,,1
2025-05-24,2025-05,국내자사몰,53235.0,,1
2025-05-24,2025-05,국내자사몰,85710.0,,1
2025-05-24,2025-05,국내자사몰,54900.0,,1
2025-05-24,2025-05,국내자사몰,30900.0,,2
2025-05-24,2025-05,국내자사몰,247630.0,,3
2025-05-24,2025-05,해외자사몰,84100.0,58.0,1
2025-05-25,2025-05,국내자사몰,125137.0,,2
2025-05-25,2025-05,국내자사몰,105850.0,,1
2025-05-25,2025-05,국내자사몰,83203.0,,1
2025-05-25,2025-05,국내자사몰,94620.0,,2
2025-05-25,2025-05,국내자사몰,147585.0,,3
2025-05-25,2025-05,국내자사몰,56190.0,,1
2025-05-25,2025-05,국내자사몰,85710.0,,1
2025-05-25,2025-05,국내자사몰,82290.0,,2
2025-05-25,2025-05,국내자사몰,81115.0,,1
2025-05-25,2025-05,국내자사몰,36235.0,,1
2025-05-25,2025-05,국내자사몰,85710.0,,1
2025-05-25,2025-05,국내자사몰,38190.0,,1
2025-05-25,2025-05,국내자사몰,105850.0,,1
2025-05-25,2025-05,국내자사몰,124000.0,,1
2025-05-25,2025-05,국내자사몰,109380.0,,2
2025-05-25,2025-05,국내자사몰,49710.0,,1
2025-05-25,2025-05,국내자사몰,81115.0,,1
2025-05-25,2025-05,국내자사몰,128820.0,,1
2025-05-25,2025-05,국내자사몰,46110.0,,1
2025-05-25,2025-05,국내자사몰,49710.0,,1
2025-05-25,2025-05,국내자사몰,111900.0,,1
2025-05-25,2025-05,국내자사몰,81115.0,,1
2025-05-25,2025-05,국내자사몰,105850.0,,1
2025-05-25,2025-05,국내자사몰,43837.0,,1
2025-05-25,2025-05,국내자사몰,78240.0,,2
2025-05-25,2025-05,국내자사몰,94630.0,,2
2025-05-25,2025-05,국내자사몰,84900.0,,2
2025-05-25,2025-05,국내자사몰,90300.0,,2
2025-05-25,2025-05,국내자사몰,36235.0,,1
2025-05-25,2025-05,국내자사몰,48815.0,,1
2025-05-25,2025-05,국내자사몰,56900.0,,1
2025-05-25,2025-05,국내자사몰,92190.0,,1
2025-05-25,2025-05,국내자사몰,111900.0,,1
2025-05-25,2025-05,국내자사몰,111900.0,,1
2025-05-25,2025-05,국내자사몰,51510.0,,1
2025-05-25,2025-05,국내자사몰,85710.0,,1
2025-05-25,2025-05,국내자사몰,54900.0,,1
2025-05-25,2025-05,국내자사몰,87150.0,,1
2025-05-25,2025-05,국내자사몰,27650.0,,1
2025-05-25,2025-05,국내자사몰,102000.0,,1
2025-05-25,2025-05,국내자사몰,49710.0,,1
2025-05-25,2025-05,국내자사몰,51510.0,,1
2025-05-25,2025-05,국내자사몰,51510.0,,1
2025-05-25,2025-05,국내자사몰,111900.0,,1
2025-05-25,2025-05,국내자사몰,262785.0,,5
2025-05-25,2025-05,국내자사몰,124975.0,,2
2025-05-25,2025-05,국내자사몰,43715.0,,1
2025-05-25,2025-05,국내자사몰,51510.0,,1
2025-05-25,2025-05,국내자사몰,56900.0,,1
2025-05-25,2025-05,국내자사몰,111900.0,,1
2025-05-25,2025-05,국내자사몰,105850.0,,1
2025-05-25,2025-05,국내자사몰,81115.0,,1
2025-05-25,2025-05,국내자사몰,47115.0,,1
2025-05-25,2025-05,국내자사몰,69470.0,,2
2025-05-25,2025-05,국내자사몰,56900.0,,1
2025-05-25,2025-05,국내자사몰,38190.0,,1
2025-05-25,2025-05,국내자사몰,105850.0,,1
2025-05-25,2025-05,국내자사몰,22100.0,,1
2025-05-25,2025-05,국내자사몰,61590.0,,2
2025-05-25,2025-05,국내자사몰,36235.0,,1
2025-05-25,2025-05,해외자사몰,133400.0,92.0,1
2025-05-26,2025-05,국내자사몰,154000.0,,2
2025-05-26,2025-05,국내자사몰,84900.0,,2
2025-05-26,2025-05,국내자사몰,56900.0,,1
2025-05-26,2025-05,국내자사몰,237720.0,,2
2025-05-26,2025-05,국내자사몰,47115.0,,1
2025-05-26,2025-05,국내자사몰,105850.0,,1
2025-05-26,2025-05,국내자사몰,66900.0,,2
2025-05-26,2025-05,국내자사몰,40825.0,,1
2025-05-26,2025-05,국내자사몰,95650.0,,1
2025-05-26,2025-05,국내자사몰,186690.0,,3
2025-05-26,2025-05,국내자사몰,105850.0,,1
2025-05-26,2025-05,국내자사몰,47115.0,,1
2025-05-26,2025-05,국내자사몰,199920.0,,4
2025-05-26,2025-05,국내자사몰,131350.0,,2
2025-05-26,2025-05,국내자사몰,51510.0,,1
2025-05-26,2025-05,국내자사몰,125230.0,,2
2025-05-26,2025-05,국내자사몰,111900.0,,1
2025-05-26,2025-05,국내자사몰,68044.0,,1
2025-05-26,2025-05,국내자사몰,23230.0,,2
2025-05-26,2025-05,국내자사몰,102100.0,,1
2025-05-26,2025-05,국내자사몰,84900.0,,2
2025-05-26,2025-05,국내자사몰,19235.0,,1
2025-05-26,2025-05,국내자사몰,29350.0,,2
2025-05-26,2025-05,국내자사몰,165090.0,,2
2025-05-26,2025-05,국내자사몰,128820.0,,1
2025-05-26,2025-05,국내자사몰,111900.0,,1
2025-05-26,2025-05,국내자사몰,38190.0,,1
2025-05-26,2025-05,국내자사몰,131350.0,,2
2025-05-26,2025-05,국내자사몰,47500.0,,1
2025-05-26,2025-05,국내자사몰,51510.0,,1
2025-05-26,2025-05,국내자사몰,119000.0,,4
2025-05-26,2025-05,국내자사몰,51510.0,,1
2025-05-26,2025-05,국내자사몰,193190.0,,4
2025-05-26,2025-05,국내자사몰,53235.0,,1
2025-05-26,2025-05,국내자사몰,47500.0,,1
2025-05-26,2025-05,국내자사몰,61000.0,,2
2025-05-26,2025-05,국내자사몰,36235.0,,1
2025-05-26,2025-05,국내자사몰,194610.0,,2
2025-05-26,2025-05,국내자사몰,20100.0,,1
2025-05-26,2025-05,국내자사몰,105850.0,,1
2025-05-26,2025-05,국내자사몰,103470.0,,2
2025-05-26,2025-05,국내자사몰,81115.0,,1
2025-05-26,2025-05,국내자사몰,85710.0,,1
2025-05-26,2025-05,해외자사몰,43500.0,30.0,1
2025-05-26,2025-05,해외자사몰,98600.0,68.0,1
2025-05-26,2025-05,해외자사몰,133400.0,92.0,1
2025-05-26,2025-05,해외자사몰,91350.0,63.0,1
2025-05-27,2025-05,국내자사몰,56190.0,,1
2025-05-27,2025-05,국내자사몰,26413.0,,2
2025-05-27,2025-05,국내자사몰,111900.0,,1
2025-05-27,2025-05,국내자사몰,38190.0,,1
2025-05-27,2025-05,국내자사몰,47115.0,,1
2025-05-27,2025-05,국내자사몰,121890.0,,3
2025-05-27,2025-05,국내자사몰,56190.0,,1
2025-05-27,2025-05,국내자사몰,56190.0,,1
2025-05-27,2025-05,국내자사몰,47115.0,,1
2025-05-27,2025-05,국내자사몰,50900.0,,1
2025-05-27,2025-05,국내자사몰,48815.0,,1
2025-05-27,2025-05,국내자사몰,105850.0,,1
2025-05-27,2025-05,국내자사몰,175465.0,,3
2025-05-27,2025-05,국내자사몰,142800.0,,1
2025-05-27,2025-05,국내자사몰,46110.0,,1
2025-05-27,2025-05,국내자사몰,49710.0,,1
2025-05-27,2025-05,국내자사몰,124000.0,,1
2025-05-27,2025-05,국내자사몰,85710.0,,1
2025-05-27,2025-05,국내자사몰,43050.0,,1
2025-05-27,2025-05,국내자사몰,55200.0,,2
2025-05-27,2025-05,국내자사몰,66900.0,,2
2025-05-27,2025-05,국내자사몰,120900.0,,2
2025-05-27,2025-05,국내자사몰,168000.0,,2
2025-05-27,2025-05,국내자사몰,56190.0,,1
2025-05-27,2025-05,국내자사몰,88050.0,,1
2025-05-27,2025-05,국내자사몰,56900.0,,1
2025-05-27,2025-05,국내자사몰,86695.0,,2
2025-05-27,2025-05,국내자사몰,85710.0,,1
2025-05-27,2025-05,국내자사몰,20190.0,,1
2025-05-27,2025-05,국내자사몰,227400.0,,3
2025-05-27,2025-05,국내자사몰,135030.0,,4
2025-05-27,2025-05,국내자사몰,54900.0,,1
2025-05-27,2025-05,국내자사몰,471000.0,,8
2025-05-27,2025-05,국내자사몰,53235.0,,1
2025-05-27,2025-05,국내자사몰,38190.0,,1
2025-05-27,2025-05,국내자사몰,32000.0,,2
2025-05-27,2025-05,국내자사몰,92190.0,,1
2025-05-27,2025-05,해외자사몰,133400.0,92.0,1
2025-05-27,2025-05,해외자사몰,197345.0,136.1,2
2025-05-28,2025-05,국내자사몰,138900.0,,2
2025-05-28,2025-05,국내자사몰,81115.0,,1
2025-05-28,2025-05,국내자사몰,214850.0,,4
2025-05-28,2025-05,국내자사몰,111900.0,,1
2025-05-28,2025-05,국내자사몰,214850.0,,4
2025-05-28,2025-05,국내자사몰,124000.0,,1
2025-05-28,2025-05,국내자사몰,85710.0,,1
2025-05-28,2025-05,국내자사몰,63350.0,,2
2025-05-28,2025-05,국내자사몰,43050.0,,1
2025-05-28,2025-05,국내자사몰,38190.0,,1
2025-05-28,2025-05,국내자사몰,111900.0,,1
2025-05-28,2025-05,국내자사몰,69470.0,,2
2025-05-28,2025-05,국내자사몰,42100.0,,1
2025-05-28,2025-05,국내자사몰,59835.0,,2
2025-05-28,2025-05,국내자사몰,57090.0,,2
2025-05-28,2025-05,국내자사몰,56900.0,,1
2025-05-28,2025-05,국내자사몰,49710.0,,1
2025-05-28,2025-05,국내자사몰,221790.0,,6
2025-05-28,2025-05,국내자사몰,47782.0,,1
2025-05-28,2025-05,국내자사몰,125230.0,,2
2025-05-28,2025-05,국내자사몰,56190.0,,1
2025-05-28,2025-05,국내자사몰,53235.0,,1
2025-05-28,2025-05,국내자사몰,111900.0,,1
2025-05-28,2025-05,국내자사몰,111900.0,,1
2025-05-28,2025-05,국내자사몰,53235.0,,1
2025-05-28,2025-05,국내자사몰,125230.0,,2
2025-05-28,2025-05,국내자사몰,36235.0,,1
2025-05-28,2025-05,국내자사몰,105850.0,,1
2025-05-28,2025-05,국내자사몰,53235.0,,1
2025-05-28,2025-05,국내자사몰,105850.0,,1
2025-05-28,2025-05,국내자사몰,29100.0,,1
2025-05-28,2025-05,국내자사몰,53235.0,,1
2025-05-28,2025-05,국내자사몰,86700.0,,2
2025-05-28,2025-05,국내자사몰,96000.0,,2
2025-05-28,2025-05,국내자사몰,33770.0,,2
2025-05-28,2025-05,해외자사몰,300150.0,207.0,3
2025-05-29,2025-05,국내자사몰,124000.0,,1
2025-05-29,2025-05,국내자사몰,75000.0,,4
2025-05-29,2025-05,국내자사몰,56190.0,,1
2025-05-29,2025-05,국내자사몰,49710.0,,1
2025-05-29,2025-05,국내자사몰,18390.0,,1
2025-05-29,2025-05,국내자사몰,78590.0,,2
2025-05-29,2025-05,국내자사몰,205100.0,,3
2025-05-29,2025-05,국내자사몰,42600.0,,1
2025-05-29,2025-05,국내자사몰,36235.0,,1
2025-05-29,2025-05,국내자사몰,49710.0,,1
2025-05-29,2025-05,국내자사몰,42462.0,,1
2025-05-29,2025-05,국내자사몰,86700.0,,2
2025-05-29,2025-05,국내자사몰,81115.0,,1
2025-05-29,2025-05,국내자사몰,30540.0,,2
2025-05-29,2025-05,국내자사몰,56190.0,,1
2025-05-29,2025-05,국내자사몰,105850.0,,1
2025-05-29,2025-05,국내자사몰,62630.0,,2
2025-05-29,2025-05,국내자사몰,94900.0,,1
2025-05-29,2025-05,국내자사몰,49710.0,,1
2025-05-29,2025-05,국내자사몰,49710.0,,1
2025-05-29,2025-05,국내자사몰,49710.0,,1
2025-05-29,2025-05,국내자사몰,42100.0,,1
2025-05-29,2025-05,국내자사몰,125230.0,,2
2025-05-29,2025-05,국내자사몰,56190.0,,1
2025-05-29,2025-05,국내자사몰,53235.0,,1
2025-05-29,2025-05,국내자사몰,54900.0,,1
2025-05-29,2025-05,국내자사몰,145380.0,,2
2025-05-29,2025-05,국내자사몰,31890.0,,1
2025-05-29,2025-05,국내자사몰,162885.0,,5
2025-05-29,2025-05,국내자사몰,105850.0,,1
2025-05-29,2025-05,국내자사몰,38190.0,,1
2025-05-29,2025-05,국내자사몰,85710.0,,1
2025-05-29,2025-05,해외자사몰,118900.0,82.0,1
2025-05-29,2025-05,해외자사몰,230550.0,159.0,2
2025-05-29,2025-05,해외자사몰,171100.0,118.0,3
2025-05-29,2025-05,해외자사몰,184150.0,127.0,2
2025-05-30,2025-05,국내자사몰,38190.0,,1
2025-05-30,2025-05,국내자사몰,49710.0,,1
2025-05-30,2025-05,국내자사몰,38190.0,,1
2025-05-30,2025-05,국내자사몰,44000.0,,1
2025-05-30,2025-05,국내자사몰,105850.0,,1
2025-05-30,2025-05,국내자사몰,42100.0,,1
2025-05-30,2025-05,국내자사몰,105850.0,,1
2025-05-30,2025-05,국내자사몰,85710.0,,1
2025-05-30,2025-05,국내자사몰,81115.0,,1
2025-05-30,2025-05,국내자사몰,85710.0,,1
2025-05-30,2025-05,국내자사몰,121830.0,,1
2025-05-30,2025-05,국내자사몰,111900.0,,1
2025-05-30,2025-05,국내자사몰,92190.0,,1
2025-05-30,2025-05,국내자사몰,165945.0,,2
2025-05-30,2025-05,국내자사몰,110000.0,,2
2025-05-30,2025-05,국내자사몰,61200.0,,2
2025-05-30,2025-05,국내자사몰,87235.0,,1
2025-05-30,2025-05,국내자사몰,87235.0,,1
2025-05-30,2025-05,국내자사몰,85710.0,,1
2025-05-30,2025-05,국내자사몰,13710.0,,1
2025-05-30,2025-05,국내자사몰,127920.0,,3
2025-05-30,2025-05,국내자사몰,49710.0,,1
2025-05-30,2025-05,국내자사몰,47115.0,,1
2025-05-30,2025-05,국내자사몰,85710.0,,1
2025-05-30,2025-05,국내자사몰,208785.0,,4
2025-05-30,2025-05,국내자사몰,49710.0,,1
2025-05-30,2025-05,국내자사몰,111900.0,,1
2025-05-30,2025-05,국내자사몰,45790.0,,1
2025-05-30,2025-05,해외자사몰,237800.0,164.0,3
2025-05-30,2025-05,해외자사몰,133400.0,92.0,1
2025-05-30,2025-05,해외자사몰,133400.0,92.0,1
2025-05-30,2025-05,해외자사몰,191110.00000000003,131.8,3
2025-05-31,2025-05,국내자사몰,105850.0,,1
2025-05-31,2025-05,국내자사몰,47115.0,,1
2025-05-31,2025-05,국내자사몰,142800.0,,1
2025-05-31,2025-05,국내자사몰,107130.0,,3
2025-05-31,2025-05,국내자사몰,103100.0,,2
2025-05-31,2025-05,국내자사몰,103470.0,,2
2025-05-31,2025-05,국내자사몰,36235.0,,1
2025-05-31,2025-05,국내자사몰,51100.0,,2
2025-05-31,2025-05,국내자사몰,94145.0,,1
2025-05-31,2025-05,국내자사몰,75200.0,,2
2025-05-31,2025-05,국내자사몰,13710.0,,1
2025-05-31,2025-05,국내자사몰,49710.0,,1
2025-05-31,2025-05,국내자사몰,111900.0,,1
2025-05-31,2025-05,국내자사몰,48815.0,,1
2025-05-31,2025-05,국내자사몰,53235.0,,1
2025-05-31,2025-05,국내자사몰,26800.0,,2
2025-05-31,2025-05,국내자사몰,287850.0,,5
2025-05-31,2025-05,국내자사몰,156090.0,,3
2025-05-31,2025-05,국내자사몰,47115.0,,1
2025-05-31,2025-05,국내자사몰,109020.0,,3
2025-05-31,2025-05,국내자사몰,54900.0,,1
2025-05-31,2025-05,국내자사몰,81115.0,,1
2025-05-31,2025-05,국내자사몰,47190.0,,1
2025-05-31,2025-05,국내자사몰,42100.0,,1
2025-05-31,2025-05,국내자사몰,42100.0,,1
2025-05-31,2025-05,국내자사몰,54900.0,,1
2025-05-31,2025-05,국내자사몰,148530.0,,1
2025-05-31,2025-05,국내자사몰,49710.0,,1
2025-05-31,2025-05,해외자사몰,188500.0,130.0,1
2025-05-31,2025-05,해외자사몰,167141.5,115.27,3
2025-06-01,2025-06,국내자사몰,36235.0,,1
2025-06-01,2025-06,국내자사몰,102900.0,,2
2025-06-01,2025-06,국내자사몰,49710.0,,1
2025-06-01,2025-06,국내자사몰,51510.0,,1
2025-06-01,2025-06,국내자사몰,92100.0,,1
2025-06-01,2025-06,국내자사몰,40825.0,,1
2025-06-01,2025-06,국내자사몰,85710.0,,1
2025-06-01,2025-06,국내자사몰,72210.0,,2
2025-06-01,2025-06,국내자사몰,100000.0,,2
2025-06-01,2025-06,국내자사몰,85710.0,,1
2025-06-01,2025-06,국내자사몰,135480.0,,3
2025-06-01,2025-06,국내자사몰,51900.0,,1
2025-06-01,2025-06,국내자사몰,53235.0,,1
2025-06-01,2025-06,국내자사몰,36235.0,,1
2025-06-01,2025-06,국내자사몰,20190.0,,1
2025-06-01,2025-06,국내자사몰,290100.0,,3
2025-06-01,2025-06,국내자사몰,54900.0,,1
2025-06-01,2025-06,국내자사몰,124000.0,,1
2025-06-01,2025-06,국내자사몰,104745.0,,3
2025-06-01,2025-06,국내자사몰,159230.0,,2
2025-06-01,2025-06,국내자사몰,38190.0,,1
2025-06-01,2025-06,국내자사몰,56190.0,,1
2025-06-01,2025-06,국내자사몰,48815.0,,1
2025-06-01,2025-06,국내자사몰,73465.0,,2
2025-06-01,2025-06,국내자사몰,54900.0,,1
2025-06-01,2025-06,국내자사몰,54900.0,,1
2025-06-01,2025-06,국내자사몰,81115.0,,1
2025-06-01,2025-06,국내자사몰,124000.0,,1
2025-06-01,2025-06,국내자사몰,121830.0,,1
2025-06-01,2025-06,국내자사몰,42100.0,,1
2025-06-01,2025-06,국내자사몰,49710.0,,1
2025-06-01,2025-06,국내자사몰,43050.0,,1
2025-06-01,2025-06,국내자사몰,111900.0,,1
2025-06-01,2025-06,국내자사몰,46350.0,,1
2025-06-01,2025-06,국내자사몰,105850.0,,1
2025-06-01,2025-06,국내자사몰,105850.0,,1
2025-06-01,2025-06,국내자사몰,82155.0,,2
2025-06-01,2025-06,국내자사몰,56190.0,,1
2025-06-01,2025-06,국내자사몰,125230.0,,2
2025-06-01,2025-06,국내자사몰,121830.0,,1
2025-06-01,2025-06,국내자사몰,54900.0,,1
2025-06-01,2025-06,국내자사몰,38190.0,,1
2025-06-01,2025-06,국내자사몰,66900.0,,2
2025-06-01,2025-06,국내자사몰,81115.0,,1
2025-06-01,2025-06,국내자사몰,38190.0,,1
2025-06-01,2025-06,국내자사몰,111900.0,,1
2025-06-01,2025-06,해외자사몰,189950.0,131.0,2
2025-06-01,2025-06,해외자사몰,247950.0,171.0,5
2025-06-01,2025-06,해외자사몰,294060.0,202.8,2
2025-06-01,2025-06,해외자사몰,574432.0,396.16,5
2025-06-02,2025-06,국내자사몰,90550.0,,2
2025-06-02,2025-06,국내자사몰,100850.0,,2
2025-06-02,2025-06,국내자사몰,49710.0,,1
2025-06-02,2025-06,국내자사몰,111900.0,,1
2025-06-02,2025-06,국내자사몰,48900.0,,2
2025-06-02,2025-06,국내자사몰,102100.0,,1
2025-06-02,2025-06,국내자사몰,14900.0,,1
2025-06-02,2025-06,국내자사몰,92190.0,,1
2025-06-02,2025-06,국내자사몰,20190.0,,1
2025-06-02,2025-06,국내자사몰,98370.0,,2
2025-06-02,2025-06,국내자사몰,39900.0,,1
2025-06-02,2025-06,국내자사몰,381400.0,,5
2025-06-02,2025-06,국내자사몰,139400.0,,2
2025-06-02,2025-06,국내자사몰,47115.0,,1
2025-06-02,2025-06,국내자사몰,38190.0,,1
2025-06-02,2025-06,국내자사몰,26100.0,,1
2025-06-02,2025-06,국내자사몰,22100.0,,1
2025-06-02,2025-06,국내자사몰,52300.0,,2
2025-06-02,2025-06,국내자사몰,53235.0,,1
2025-06-02,2025-06,국내자사몰,92190.0,,1
2025-06-02,2025-06,국내자사몰,87235.0,,3
2025-06-02,2025-06,국내자사몰,36235.0,,1
2025-06-02,2025-06,국내자사몰,37486.0,,1
2025-06-02,2025-06,국내자사몰,85710.0,,1
2025-06-02,2025-06,국내자사몰,47500.0,,1
2025-06-02,2025-06,국내자사몰,67770.0,,2
2025-06-02,2025-06,국내자사몰,36235.0,,1
2025-06-02,2025-06,국내자사몰,22100.0,,1
2025-06-02,2025-06,국내자사몰,86700.0,,2
2025-06-02,2025-06,국내자사몰,36235.0,,1
2025-06-02,2025-06,국내자사몰,62100.0,,1
2025-06-02,2025-06,국내자사몰,42100.0,,1
2025-06-02,2025-06,국내자사몰,85710.0,,1
2025-06-02,2025-06,국내자사몰,36235.0,,1
2025-06-02,2025-06,국내자사몰,40825.0,,1
2025-06-02,2025-06,국내자사몰,13115.0,,1
2025-06-02,2025-06,국내자사몰,42100.0,,1
2025-06-02,2025-06,국내자사몰,125230.0,,2
2025-06-02,2025-06,국내자사몰,62100.0,,1
2025-06-02,2025-06,해외자사몰,178857.5,123.35,2
2025-06-02,2025-06,해외자사몰,126150.0,87.0,1
2025-06-02,2025-06,해외자사몰,133400.0,92.0,1
2025-06-02,2025-06,해외자사몰,118146.0,81.48,3
2025-06-02,2025-06,해외자사몰,281300.0,194.0,5
2025-06-03,2025-06,국내자사몰,81115.0,,1
2025-06-03,2025-06,국내자사몰,36235.0,,1
2025-06-03,2025-06,국내자사몰,128820.0,,1
2025-06-03,2025-06,국내자사몰,56190.0,,1
2025-06-03,2025-06,국내자사몰,142800.0,,1
2025-06-03,2025-06,국내자사몰,64200.0,,2
2025-06-03,2025-06,국내자사몰,75250.0,,2
2025-06-03,2025-06,국내자사몰,48815.0,,1
2025-06-03,2025-06,국내자사몰,51510.0,,1
2025-06-03,2025-06,국내자사몰,43900.0,,2
2025-06-03,2025-06,국내자사몰,43050.0,,1
2025-06-03,2025-06,국내자사몰,39900.0,,1
2025-06-03,2025-06,국내자사몰,36235.0,,1
2025-06-03,2025-06,국내자사몰,56190.0,,1
2025-06-03,2025-06,국내자사몰,49710.0,,1
2025-06-03,2025-06,국내자사몰,128820.0,,1
2025-06-03,2025-06,국내자사몰,81300.0,,1
2025-06-03,2025-06,국내자사몰,140445.0,,1
2025-06-03,2025-06,국내자사몰,121830.0,,1
2025-06-03,2025-06,국내자사몰,128820.0,,1
2025-06-03,2025-06,국내자사몰,47115.0,,1
2025-06-03,2025-06,국내자사몰,75810.0,,2
2025-06-03,2025-06,국내자사몰,51510.0,,1
2025-06-03,2025-06,국내자사몰,43715.0,,1
2025-06-03,2025-06,국내자사몰,36235.0,,1
2025-06-03,2025-06,국내자사몰,97350.0,,2
2025-06-03,2025-06,국내자사몰,51510.0,,1
2025-06-03,2025-06,국내자사몰,47485.0,,1
2025-06-03,2025-06,국내자사몰,129100.0,,2
2025-06-03,2025-06,국내자사몰,85710.0,,1
2025-06-03,2025-06,국내자사몰,111900.0,,1
2025-06-03,2025-06,국내자사몰,54900.0,,1
2025-06-03,2025-06,국내자사몰,47115.0,,1
2025-06-03,2025-06,국내자사몰,105850.0,,1
2025-06-03,2025-06,국내자사몰,78240.0,,2
2025-06-03,2025-06,해외자사몰,126150.0,87.0,1
2025-06-03,2025-06,해외자사몰,190530.0,131.4,1
2025-06-03,2025-06,해외자사몰,133400.0,92.0,1
2025-06-04,2025-06,국내자사몰,162600.0,,2
2025-06-04,2025-06,국내자사몰,43715.0,,1
2025-06-04,2025-06,국내자사몰,131435.0,,5
2025-06-04,2025-06,국내자사몰,131350.0,,2
2025-06-04,2025-06,국내자사몰,56900.0,,1
2025-06-04,2025-06,국내자사몰,85710.0,,1
2025-06-04,2025-06,국내자사몰,38190.0,,1
2025-06-04,2025-06,국내자사몰,104700.0,,2
2025-06-04,2025-06,국내자사몰,124000.0,,1
2025-06-04,2025-06,국내자사몰,38190.0,,1
2025-06-04,2025-06,국내자사몰,174900.0,,2
2025-06-04,2025-06,국내자사몰,20190.0,,1
2025-06-04,2025-06,국내자사몰,42000.0,,1
2025-06-04,2025-06,국내자사몰,22100.0,,1
2025-06-04,2025-06,국내자사몰,71580.0,,2
2025-06-04,2025-06,국내자사몰,49710.0,,1
2025-06-04,2025-06,국내자사몰,107310.0,,1
2025-06-04,2025-06,국내자사몰,78060.0,,2
2025-06-04,2025-06,국내자사몰,111900.0,,1
2025-06-04,2025-06,국내자사몰,66900.0,,2
2025-06-04,2025-06,국내자사몰,20190.0,,1
2025-06-04,2025-06,국내자사몰,86160.0,,2
2025-06-04,2025-06,국내자사몰,56190.0,,1
2025-06-04,2025-06,국내자사몰,81115.0,,1
2025-06-04,2025-06,국내자사몰,29100.0,,1
2025-06-04,2025-06,국내자사몰,36235.0,,1
2025-06-04,2025-06,국내자사몰,215585.0,,3
2025-06-04,2025-06,국내자사몰,253100.0,,3
2025-06-04,2025-06,국내자사몰,124000.0,,1
2025-06-04,2025-06,국내자사몰,38190.0,,1
2025-06-04,2025-06,국내자사몰,105850.0,,1
2025-06-04,2025-06,국내자사몰,47115.0,,1
2025-06-04,2025-06,국내자사몰,48090.0,,3
2025-06-04,2025-06,국내자사몰,14900.0,,1
2025-06-04,2025-06,국내자사몰,111900.0,,1
2025-06-04,2025-06,국내자사몰,82050.0,,2
2025-06-04,2025-06,국내자사몰,29100.0,,1
2025-06-04,2025-06,국내자사몰,18390.0,,1
2025-06-04,2025-06,해외자사몰,105850.0,73.0,3
2025-06-04,2025-06,해외자사몰,133400.0,92.0,1
2025-06-04,2025-06,해외자사몰,133400.0,92.0,1
2025-06-05,2025-06,국내자사몰,160410.0,,2
2025-06-05,2025-06,국내자사몰,183090.0,,3
2025-06-05,2025-06,국내자사몰,103980.0,,2
2025-06-05,2025-06,국내자사몰,105850.0,,1
2025-06-05,2025-06,국내자사몰,36235.0,,1
2025-06-05,2025-06,국내자사몰,58710.0,,1
2025-06-05,2025-06,국내자사몰,85710.0,,1
2025-06-05,2025-06,국내자사몰,13710.0,,1
2025-06-05,2025-06,국내자사몰,85710.0,,1
2025-06-05,2025-06,국내자사몰,103470.0,,2
2025-06-05,2025-06,국내자사몰,64900.0,,1
2025-06-05,2025-06,국내자사몰,43500.0,,1
2025-06-05,2025-06,국내자사몰,94120.0,,2
2025-06-05,2025-06,국내자사몰,58710.0,,1
2025-06-05,2025-06,국내자사몰,249752.0,,2
2025-06-05,2025-06,국내자사몰,156850.0,,2
2025-06-05,2025-06,국내자사몰,165900.0,,2
2025-06-05,2025-06,국내자사몰,114900.0,,1
2025-06-05,2025-06,국내자사몰,20190.0,,1
2025-06-05,2025-06,국내자사몰,107310.0,,1
2025-06-05,2025-06,국내자사몰,62100.0,,1
2025-06-05,2025-06,국내자사몰,98220.0,,2
2025-06-05,2025-06,국내자사몰,128010.0,,1
2025-06-05,2025-06,국내자사몰,105850.0,,1
2025-06-05,2025-06,국내자사몰,55615.0,,1
2025-06-05,2025-06,국내자사몰,58710.0,,1
2025-06-05,2025-06,국내자사몰,47115.0,,1
2025-06-05,2025-06,국내자사몰,105850.0,,1
2025-06-05,2025-06,국내자사몰,38190.0,,1
2025-06-05,2025-06,국내자사몰,116715.0,,2
2025-06-05,2025-06,국내자사몰,43050.0,,1
2025-06-05,2025-06,국내자사몰,18390.0,,1
2025-06-05,2025-06,국내자사몰,111900.0,,1
2025-06-05,2025-06,국내자사몰,104235.0,,1
2025-06-05,2025-06,국내자사몰,58710.0,,1
2025-06-05,2025-06,국내자사몰,121065.0,,1
2025-06-05,2025-06,국내자사몰,105850.0,,1
2025-06-05,2025-06,국내자사몰,111900.0,,1
2025-06-05,2025-06,국내자사몰,39450.0,,1
2025-06-05,2025-06,국내자사몰,58710.0,,1
2025-06-05,2025-06,국내자사몰,85710.0,,1
2025-06-05,2025-06,국내자사몰,151950.0,,2
2025-06-05,2025-06,국내자사몰,40000.0,,2
2025-06-05,2025-06,국내자사몰,157170.0,,3
2025-06-05,2025-06,국내자사몰,248100.0,,3
2025-06-05,2025-06,국내자사몰,233940.0,,3
2025-06-05,2025-06,국내자사몰,192000.0,,3
2025-06-05,2025-06,해외자사몰,89900.0,62.0,1
2025-06-05,2025-06,해외자사몰,133400.0,92.0,1
2025-06-05,2025-06,해외자사몰,118900.0,82.0,1
2025-06-05,2025-06,해외자사몰,243600.0,168.0,4
2025-06-06,2025-06,국내자사몰,38190.0,,1
2025-06-06,2025-06,국내자사몰,47115.0,,1
2025-06-06,2025-06,국내자사몰,26800.0,,2
2025-06-06,2025-06,국내자사몰,105850.0,,1
2025-06-06,2025-06,국내자사몰,51510.0,,1
2025-06-06,2025-06,국내자사몰,58710.0,,1
2025-06-06,2025-06,국내자사몰,53235.0,,1
2025-06-06,2025-06,국내자사몰,85710.0,,1
2025-06-06,2025-06,국내자사몰,146555.0,,2
2025-06-06,2025-06,국내자사몰,150200.0,,4
2025-06-06,2025-06,국내자사몰,139000.0,,3
2025-06-06,2025-06,국내자사몰,39450.0,,1
2025-06-06,2025-06,국내자사몰,85710.0,,1
2025-06-06,2025-06,국내자사몰,47115.0,,1
2025-06-06,2025-06,국내자사몰,43500.0,,1
2025-06-06,2025-06,국내자사몰,84900.0,,2
2025-06-06,2025-06,국내자사몰,49710.0,,1
2025-06-06,2025-06,국내자사몰,76950.0,,1
2025-06-06,2025-06,국내자사몰,111900.0,,1
2025-06-06,2025-06,국내자사몰,49710.0,,1
2025-06-06,2025-06,국내자사몰,24420.0,,2
2025-06-06,2025-06,국내자사몰,38190.0,,1
2025-06-06,2025-06,국내자사몰,128010.0,,1
2025-06-06,2025-06,국내자사몰,114690.0,,2
2025-06-06,2025-06,국내자사몰,59340.0,,2
2025-06-06,2025-06,국내자사몰,90040.0,,2
2025-06-06,2025-06,국내자사몰,161270.0,,2
2025-06-06,2025-06,국내자사몰,170580.0,,2
2025-06-06,2025-06,국내자사몰,57480.0,,1
2025-06-06,2025-06,국내자사몰,58710.0,,1
2025-06-06,2025-06,국내자사몰,262560.0,,4
2025-06-06,2025-06,국내자사몰,111900.0,,1
2025-06-06,2025-06,국내자사몰,42100.0,,1
2025-06-06,2025-06,국내자사몰,124000.0,,1
2025-06-06,2025-06,국내자사몰,105850.0,,1
2025-06-06,2025-06,국내자사몰,141900.0,,1
2025-06-06,2025-06,국내자사몰,223915.0,,2
2025-06-06,2025-06,국내자사몰,111900.0,,1
2025-06-06,2025-06,국내자사몰,49710.0,,1
2025-06-06,2025-06,해외자사몰,117450.0,81.0,2
2025-06-07,2025-06,국내자사몰,81300.0,,1
2025-06-07,2025-06,국내자사몰,108825.0,,3
2025-06-07,2025-06,국내자사몰,109505.0,,3
2025-06-07,2025-06,국내자사몰,107310.0,,1
2025-06-07,2025-06,국내자사몰,146640.0,,2
2025-06-07,2025-06,국내자사몰,141690.0,,2
2025-06-07,2025-06,국내자사몰,64900.0,,1
2025-06-07,2025-06,국내자사몰,85710.0,,1
2025-06-07,2025-06,국내자사몰,104700.0,,3
2025-06-07,2025-06,국내자사몰,112260.0,,3
2025-06-07,2025-06,국내자사몰,49710.0,,1
2025-06-07,2025-06,국내자사몰,100835.0,,1
2025-06-07,2025-06,국내자사몰,38190.0,,1
2025-06-07,2025-06,국내자사몰,34000.0,,2
2025-06-07,2025-06,국내자사몰,92533.0,,2
2025-06-07,2025-06,국내자사몰,49710.0,,1
2025-06-07,2025-06,국내자사몰,269645.0,,5
2025-06-07,2025-06,국내자사몰,49710.0,,1
2025-06-07,2025-06,국내자사몰,13710.0,,1
2025-06-07,2025-06,국내자사몰,70100.0,,1
2025-06-07,2025-06,국내자사몰,124000.0,,1
2025-06-07,2025-06,국내자사몰,37425.0,,1
2025-06-07,2025-06,국내자사몰,42100.0,,1
2025-06-07,2025-06,국내자사몰,83420.0,,1
2025-06-07,2025-06,국내자사몰,55615.0,,1
2025-06-07,2025-06,국내자사몰,395200.0,,6
2025-06-07,2025-06,국내자사몰,49710.0,,1
2025-06-07,2025-06,국내자사몰,220855.0,,3
2025-06-07,2025-06,국내자사몰,55380.0,,2
2025-06-07,2025-06,국내자사몰,124000.0,,1
2025-06-07,2025-06,국내자사몰,58710.0,,1
2025-06-07,2025-06,국내자사몰,42000.0,,1
2025-06-07,2025-06,국내자사몰,88000.0,,2
2025-06-07,2025-06,국내자사몰,174900.0,,2
2025-06-07,2025-06,국내자사몰,110185.0,,2
2025-06-07,2025-06,국내자사몰,58710.0,,1
2025-06-07,2025-06,국내자사몰,48315.0,,4
2025-06-07,2025-06,국내자사몰,55615.0,,1
2025-06-07,2025-06,국내자사몰,128010.0,,1
2025-06-07,2025-06,국내자사몰,305310.0,,3
2025-06-07,2025-06,해외자사몰,267307.5,184.35,5
2025-06-07,2025-06,해외자사몰,133400.0,92.0,1
2025-06-07,2025-06,해외자사몰,133400.0,92.0,1
2025-06-07,2025-06,해외자사몰,118900.0,82.0,2
2025-06-08,2025-06,국내자사몰,36235.0,,1
2025-06-08,2025-06,국내자사몰,56190.0,,1
2025-06-08,2025-06,국내자사몰,32000.0,,1
2025-06-08,2025-06,국내자사몰,111900.0,,1
2025-06-08,2025-06,국내자사몰,105850.0,,1
2025-06-08,2025-06,국내자사몰,42100.0,,1
2025-06-08,2025-06,국내자사몰,14900.0,,1
2025-06-08,2025-06,국내자사몰,38190.0,,1
2025-06-08,2025-06,국내자사몰,56190.0,,1
2025-06-08,2025-06,국내자사몰,81115.0,,1
2025-06-08,2025-06,국내자사몰,38190.0,,1
2025-06-08,2025-06,국내자사몰,172200.0,,3
2025-06-08,2025-06,국내자사몰,118900.0,,1
2025-06-08,2025-06,국내자사몰,42100.0,,1
2025-06-08,2025-06,국내자사몰,38190.0,,1
2025-06-08,2025-06,국내자사몰,38190.0,,1
2025-06-08,2025-06,국내자사몰,58710.0,,1
2025-06-08,2025-06,국내자사몰,19235.0,,1
2025-06-08,2025-06,국내자사몰,124000.0,,1
2025-06-08,2025-06,국내자사몰,14900.0,,1
2025-06-08,2025-06,국내자사몰,64900.0,,1
2025-06-08,2025-06,국내자사몰,59581.0,,1
2025-06-08,2025-06,국내자사몰,105850.0,,1
2025-06-08,2025-06,국내자사몰,56190.0,,1
2025-06-08,2025-06,국내자사몰,124000.0,,1
2025-06-08,2025-06,국내자사몰,105850.0,,1
2025-06-08,2025-06,국내자사몰,56190.0,,1
2025-06-08,2025-06,국내자사몰,74190.0,,1
2025-06-08,2025-06,국내자사몰,184000.0,,2
2025-06-08,2025-06,국내자사몰,14900.0,,1
2025-06-08,2025-06,국내자사몰,128010.0,,1
2025-06-08,2025-06,국내자사몰,56190.0,,1
2025-06-08,2025-06,국내자사몰,39450.0,,1
2025-06-08,2025-06,국내자사몰,217005.0,,2
2025-06-08,2025-06,국내자사몰,87235.0,,1
2025-06-08,2025-06,국내자사몰,228555.0,,2
2025-06-08,2025-06,국내자사몰,14900.0,,1
2025-06-08,2025-06,국내자사몰,56190.0,,1
2025-06-08,2025-06,국내자사몰,111900.0,,1
2025-06-08,2025-06,국내자사몰,38190.0,,1
2025-06-08,2025-06,해외자사몰,126150.0,87.0,1
2025-06-08,2025-06,해외자사몰,60900.0,42.0,1
2025-06-08,2025-06,해외자사몰,98600.0,68.0,1
2025-06-09,2025-06,국내자사몰,100920.0,,2
2025-06-09,2025-06,국내자사몰,58710.0,,1
2025-06-09,2025-06,국내자사몰,124000.0,,1
2025-06-09,2025-06,국내자사몰,42100.0,,1
2025-06-09,2025-06,국내자사몰,122000.0,,1
2025-06-09,2025-06,국내자사몰,105850.0,,1
2025-06-09,2025-06,국내자사몰,86700.0,,2
2025-06-09,2025-06,국내자사몰,29908.0,,1
2025-06-09,2025-06,국내자사몰,25995.0,,2
2025-06-09,2025-06,국내자사몰,128120.0,,4
2025-06-09,2025-06,국내자사몰,111900.0,,1
2025-06-09,2025-06,국내자사몰,38190.0,,1
2025-06-09,2025-06,국내자사몰,16770.0,,1
2025-06-09,2025-06,국내자사몰,13710.0,,1
2025-06-09,2025-06,국내자사몰,52565.0,,1
2025-06-09,2025-06,국내자사몰,49710.0,,1
2025-06-09,2025-06,국내자사몰,54900.0,,1
2025-06-09,2025-06,국내자사몰,47115.0,,1
2025-06-09,2025-06,국내자사몰,48815.0,,1
2025-06-09,2025-06,국내자사몰,49710.0,,1
2025-06-09,2025-06,국내자사몰,54900.0,,1
2025-06-09,2025-06,국내자사몰,64900.0,,1
2025-06-09,2025-06,국내자사몰,38190.0,,1
2025-06-09,2025-06,국내자사몰,138660.0,,2
2025-06-09,2025-06,국내자사몰,47115.0,,1
2025-06-09,2025-06,국내자사몰,165090.0,,2
2025-06-09,2025-06,국내자사몰,58710.0,,1
2025-06-09,2025-06,국내자사몰,54900.0,,1
2025-06-09,2025-06,국내자사몰,69425.0,,2
2025-06-09,2025-06,국내자사몰,55615.0,,1
2025-06-09,2025-06,국내자사몰,62100.0,,1
2025-06-09,2025-06,국내자사몰,105850.0,,1
2025-06-09,2025-06,국내자사몰,32210.0,,1
2025-06-09,2025-06,국내자사몰,38190.0,,1
2025-06-09,2025-06,국내자사몰,105850.0,,1
2025-06-09,2025-06,해외자사몰,307400.0,212.0,3
2025-06-09,2025-06,해외자사몰,133400.0,92.0,1
2025-06-09,2025-06,해외자사몰,133400.0,92.0,1
2025-06-09,2025-06,해외자사몰,43500.0,30.0,1
2025-06-10,2025-06,국내자사몰,39450.0,,1
2025-06-10,2025-06,국내자사몰,49710.0,,1
2025-06-10,2025-06,국내자사몰,100835.0,,1
2025-06-10,2025-06,국내자사몰,38190.0,,1
2025-06-10,2025-06,국내자사몰,51510.0,,1
2025-06-10,2025-06,국내자사몰,48135.0,,1
2025-06-10,2025-06,국내자사몰,32790.0,,1
2025-06-10,2025-06,국내자사몰,105850.0,,1
2025-06-10,2025-06,국내자사몰,141900.0,,1
2025-06-10,2025-06,국내자사몰,49710.0,,1
2025-06-10,2025-06,국내자사몰,146640.0,,2
2025-06-10,2025-06,국내자사몰,63800.0,,2
2025-06-10,2025-06,국내자사몰,56900.0,,1
2025-06-10,2025-06,국내자사몰,116310.0,,3
2025-06-10,2025-06,국내자사몰,42100.0,,1
2025-06-10,2025-06,국내자사몰,38190.0,,1
2025-06-10,2025-06,국내자사몰,47190.0,,1
2025-06-10,2025-06,국내자사몰,76950.0,,2
2025-06-10,2025-06,국내자사몰,127380.0,,2
2025-06-10,2025-06,국내자사몰,138900.0,,2
2025-06-10,2025-06,국내자사몰,50790.0,,1
2025-06-10,2025-06,국내자사몰,39450.0,,1
2025-06-10,2025-06,국내자사몰,134300.0,,3
2025-06-10,2025-06,국내자사몰,85710.0,,1
2025-06-10,2025-06,국내자사몰,13115.0,,1
2025-06-10,2025-06,국내자사몰,216210.0,,2
2025-06-10,2025-06,국내자사몰,38190.0,,1
2025-06-10,2025-06,해외자사몰,304500.0,210.0,4
2025-06-11,2025-06,국내자사몰,111900.0,,1
2025-06-11,2025-06,국내자사몰,124000.0,,1
2025-06-11,2025-06,국내자사몰,47190.0,,1
2025-06-11,2025-06,국내자사몰,101515.0,,1
2025-06-11,2025-06,국내자사몰,55615.0,,1
2025-06-11,2025-06,국내자사몰,47115.0,,1
2025-06-11,2025-06,국내자사몰,66450.0,,2
2025-06-11,2025-06,국내자사몰,77885.0,,2
2025-06-11,2025-06,국내자사몰,134300.0,,2
2025-06-11,2025-06,국내자사몰,47115.0,,1
2025-06-11,2025-06,국내자사몰,85710.0,,1
2025-06-11,2025-06,국내자사몰,64290.0,,2
2025-06-11,2025-06,국내자사몰,62100.0,,1
2025-06-11,2025-06,국내자사몰,74900.0,,1
2025-06-11,2025-06,국내자사몰,46290.0,,1
2025-06-11,2025-06,국내자사몰,56190.0,,1
2025-06-11,2025-06,국내자사몰,62100.0,,1
2025-06-11,2025-06,국내자사몰,141900.0,,1
2025-06-11,2025-06,국내자사몰,58710.0,,1
2025-06-11,2025-06,국내자사몰,54900.0,,1
2025-06-11,2025-06,국내자사몰,111900.0,,1
2025-06-11,2025-06,국내자사몰,101200.0,,2
2025-06-11,2025-06,국내자사몰,64516.0,,1
2025-06-11,2025-06,국내자사몰,42100.0,,1
2025-06-11,2025-06,국내자사몰,54900.0,,1
2025-06-11,2025-06,국내자사몰,49710.0,,1
2025-06-11,2025-06,국내자사몰,47145.0,,1
2025-06-11,2025-06,국내자사몰,167610.0,,2
2025-06-11,2025-06,국내자사몰,124000.0,,1
2025-06-11,2025-06,국내자사몰,49900.0,,1
2025-06-11,2025-06,국내자사몰,32500.0,,1
2025-06-11,2025-06,국내자사몰,56190.0,,1
2025-06-11,2025-06,국내자사몰,49710.0,,1
2025-06-11,2025-06,국내자사몰,111900.0,,1
2025-06-11,2025-06,국내자사몰,36235.0,,1
2025-06-11,2025-06,국내자사몰,37425.0,,1
2025-06-11,2025-06,국내자사몰,47190.0,,1
2025-06-11,2025-06,국내자사몰,61200.0,,2
2025-06-11,2025-06,국내자사몰,36235.0,,1
2025-06-11,2025-06,국내자사몰,100300.0,,3
2025-06-11,2025-06,국내자사몰,49710.0,,1
2025-06-11,2025-06,해외자사몰,182700.0,126.0,3
2025-06-12,2025-06,국내자사몰,21145.0,,1
2025-06-12,2025-06,국내자사몰,120900.0,,2
2025-06-12,2025-06,국내자사몰,30193.0,,2
2025-06-12,2025-06,국내자사몰,64900.0,,1
2025-06-12,2025-06,국내자사몰,60800.0,,2
2025-06-12,2025-06,국내자사몰,70100.0,,1
2025-06-12,2025-06,국내자사몰,58710.0,,1
2025-06-12,2025-06,국내자사몰,127380.0,,2
2025-06-12,2025-06,국내자사몰,111900.0,,1
2025-06-12,2025-06,국내자사몰,46290.0,,1
2025-06-12,2025-06,국내자사몰,94900.0,,1
2025-06-12,2025-06,국내자사몰,47115.0,,1
2025-06-12,2025-06,국내자사몰,302250.0,,7
2025-06-12,2025-06,국내자사몰,32000.0,,1
2025-06-12,2025-06,국내자사몰,119190.0,,1
2025-06-12,2025-06,국내자사몰,85890.0,,1
2025-06-12,2025-06,국내자사몰,247545.0,,7
2025-06-12,2025-06,국내자사몰,85710.0,,1
2025-06-12,2025-06,국내자사몰,65050.0,,2
2025-06-12,2025-06,국내자사몰,149965.0,,2
2025-06-12,2025-06,국내자사몰,47115.0,,1
2025-06-12,2025-06,국내자사몰,111900.0,,1
2025-06-12,2025-06,국내자사몰,93090.0,,2
2025-06-12,2025-06,국내자사몰,56190.0,,1
2025-06-12,2025-06,국내자사몰,58710.0,,1
2025-06-12,2025-06,국내자사몰,86470.0,,2
2025-06-12,2025-06,국내자사몰,40825.0,,1
2025-06-12,2025-06,국내자사몰,47500.0,,1
2025-06-12,2025-06,국내자사몰,36000.0,,1
2025-06-12,2025-06,국내자사몰,56100.0,,1
2025-06-12,2025-06,국내자사몰,33445.0,,2
2025-06-12,2025-06,국내자사몰,56460.0,,1
2025-06-12,2025-06,국내자사몰,58710.0,,1
2025-06-12,2025-06,국내자사몰,46290.0,,1
2025-06-12,2025-06,국내자사몰,105850.0,,1
2025-06-12,2025-06,국내자사몰,56190.0,,1
2025-06-12,2025-06,국내자사몰,49710.0,,1
2025-06-12,2025-06,국내자사몰,56190.0,,1
2025-06-12,2025-06,국내자사몰,53235.0,,1
2025-06-12,2025-06,해외자사몰,66700.0,46.0,1
2025-06-12,2025-06,해외자사몰,324800.0,224.0,4
2025-06-13,2025-06,국내자사몰,86470.0,,2
2025-06-13,2025-06,국내자사몰,128010.0,,1
2025-06-13,2025-06,국내자사몰,38190.0,,1
2025-06-13,2025-06,국내자사몰,57030.0,,1
2025-06-13,2025-06,국내자사몰,42100.0,,1
2025-06-13,2025-06,국내자사몰,27650.0,,2
2025-06-13,2025-06,국내자사몰,128010.0,,1
2025-06-13,2025-06,국내자사몰,81285.0,,1
2025-06-13,2025-06,국내자사몰,13710.0,,1
2025-06-13,2025-06,국내자사몰,62800.0,,2
2025-06-13,2025-06,국내자사몰,46290.0,,1
2025-06-13,2025-06,국내자사몰,47115.0,,1
2025-06-13,2025-06,국내자사몰,38190.0,,1
2025-06-13,2025-06,국내자사몰,259230.0,,3
2025-06-13,2025-06,국내자사몰,105850.0,,1
2025-06-13,2025-06,국내자사몰,57090.0,,2
2025-06-13,2025-06,국내자사몰,124000.0,,1
2025-06-13,2025-06,국내자사몰,46110.0,,1
2025-06-13,2025-06,국내자사몰,14900.0,,1
2025-06-13,2025-06,국내자사몰,111900.0,,1
2025-06-13,2025-06,국내자사몰,31890.0,,1
2025-06-13,2025-06,국내자사몰,31135.0,,1
2025-06-13,2025-06,국내자사몰,33345.0,,3
2025-06-13,2025-06,국내자사몰,90305.0,,1
2025-06-13,2025-06,국내자사몰,81115.0,,1
2025-06-13,2025-06,국내자사몰,49710.0,,1
2025-06-13,2025-06,국내자사몰,40825.0,,1
2025-06-13,2025-06,국내자사몰,49710.0,,1
2025-06-13,2025-06,국내자사몰,32500.0,,1
2025-06-13,2025-06,국내자사몰,55615.0,,1
2025-06-13,2025-06,국내자사몰,139085.0,,2
2025-06-13,2025-06,국내자사몰,53047.0,,2
2025-06-13,2025-06,해외자사몰,146450.0,101.0,1
2025-06-13,2025-06,해외자사몰,130500.0,90.0,1
2025-06-13,2025-06,해외자사몰,239250.0,165.0,3
2025-06-14,2025-06,국내자사몰,91485.0,,3
2025-06-14,2025-06,국내자사몰,56190.0,,1
2025-06-14,2025-06,국내자사몰,196770.0,,3
2025-06-14,2025-06,국내자사몰,29550.0,,1
2025-06-14,2025-06,국내자사몰,81115.0,,1
2025-06-14,2025-06,국내자사몰,100835.0,,1
2025-06-14,2025-06,국내자사몰,56190.0,,1
2025-06-14,2025-06,국내자사몰,49710.0,,1
2025-06-14,2025-06,국내자사몰,42100.0,,1
2025-06-14,2025-06,국내자사몰,128010.0,,1
2025-06-14,2025-06,국내자사몰,47190.0,,1
2025-06-14,2025-06,국내자사몰,66600.0,,2
2025-06-14,2025-06,국내자사몰,60035.0,,1
2025-06-14,2025-06,국내자사몰,38190.0,,1
2025-06-14,2025-06,국내자사몰,56482.0,,1
2025-06-14,2025-06,국내자사몰,36235.0,,1
2025-06-14,2025-06,국내자사몰,117345.0,,1
2025-06-14,2025-06,국내자사몰,166800.0,,4
2025-06-14,2025-06,국내자사몰,56100.0,,1
2025-06-14,2025-06,국내자사몰,59628.0,,1
2025-06-14,2025-06,국내자사몰,253380.0,,6
2025-06-14,2025-06,국내자사몰,281200.0,,6
2025-06-14,2025-06,국내자사몰,128010.0,,1
2025-06-14,2025-06,국내자사몰,128010.0,,1
2025-06-15,2025-06,국내자사몰,56190.0,,1
2025-06-15,2025-06,국내자사몰,53235.0,,1
2025-06-15,2025-06,국내자사몰,36235.0,,1
2025-06-15,2025-06,국내자사몰,183310.0,,4
2025-06-15,2025-06,국내자사몰,239062.0,,4
2025-06-15,2025-06,국내자사몰,38190.0,,1
2025-06-15,2025-06,국내자사몰,184484.0,,4
2025-06-15,2025-06,국내자사몰,56482.0,,1
2025-06-15,2025-06,국내자사몰,56482.0,,1
2025-06-15,2025-06,국내자사몰,161200.0,,2
2025-06-15,2025-06,국내자사몰,49710.0,,1
2025-06-15,2025-06,국내자사몰,89445.0,,2
2025-06-15,2025-06,국내자사몰,81285.0,,1
2025-06-15,2025-06,국내자사몰,56482.0,,1
2025-06-15,2025-06,국내자사몰,85710.0,,1
2025-06-15,2025-06,국내자사몰,32790.0,,1
2025-06-15,2025-06,국내자사몰,91100.0,,3
2025-06-15,2025-06,국내자사몰,128220.0,,2
2025-06-15,2025-06,국내자사몰,54900.0,,1
2025-06-15,2025-06,국내자사몰,53235.0,,1
2025-06-15,2025-06,국내자사몰,47115.0,,1
2025-06-15,2025-06,국내자사몰,54900.0,,1
2025-06-15,2025-06,국내자사몰,38190.0,,1
2025-06-15,2025-06,국내자사몰,131350.0,,2
2025-06-15,2025-06,국내자사몰,118900.0,,1
2025-06-15,2025-06,국내자사몰,118900.0,,1
2025-06-15,2025-06,국내자사몰,118900.0,,1
2025-06-15,2025-06,국내자사몰,114350.0,,2
2025-06-15,2025-06,국내자사몰,47115.0,,1
2025-06-15,2025-06,국내자사몰,81115.0,,1
2025-06-15,2025-06,국내자사몰,124590.0,,1
2025-06-15,2025-06,국내자사몰,23230.0,,2
2025-06-15,2025-06,국내자사몰,85710.0,,1
2025-06-15,2025-06,해외자사몰,72500.0,50.0,1
2025-06-15,2025-06,해외자사몰,140650.0,97.0,1
2025-06-16,2025-06,국내자사몰,49835.0,,1
2025-06-16,2025-06,국내자사몰,54425.0,,2
2025-06-16,2025-06,국내자사몰,32000.0,,1
2025-06-16,2025-06,국내자사몰,65920.0,,1
2025-06-16,2025-06,국내자사몰,231510.0,,3
2025-06-16,2025-06,국내자사몰,220177.0,,2
2025-06-16,2025-06,국내자사몰,44310.0,,1
2025-06-16,2025-06,국내자사몰,38190.0,,1
2025-06-16,2025-06,국내자사몰,138100.0,,1
2025-06-16,2025-06,국내자사몰,127695.0,,2
2025-06-16,2025-06,국내자사몰,56190.0,,1
2025-06-16,2025-06,국내자사몰,134465.0,,4
2025-06-16,2025-06,국내자사몰,142855.0,,4
2025-06-16,2025-06,국내자사몰,62100.0,,1
2025-06-16,2025-06,국내자사몰,14900.0,,1
2025-06-16,2025-06,국내자사몰,92190.0,,1
2025-06-16,2025-06,국내자사몰,46227.0,,1
2025-06-16,2025-06,국내자사몰,51417.0,,1
2025-06-16,2025-06,국내자사몰,49835.0,,1
2025-06-16,2025-06,국내자사몰,59628.0,,1
2025-06-16,2025-06,국내자사몰,59628.0,,1
2025-06-16,2025-06,국내자사몰,58100.0,,1
2025-06-16,2025-06,국내자사몰,52159.0,,1
2025-06-16,2025-06,국내자사몰,53235.0,,1
2025-06-16,2025-06,국내자사몰,59628.0,,1
2025-06-16,2025-06,국내자사몰,32000.0,,1
2025-06-16,2025-06,국내자사몰,56190.0,,1
2025-06-16,2025-06,국내자사몰,108640.0,,3
2025-06-16,2025-06,국내자사몰,121065.0,,1
2025-06-16,2025-06,국내자사몰,47115.0,,1
2025-06-16,2025-06,국내자사몰,18390.0,,1
2025-06-16,2025-06,국내자사몰,124590.0,,1
2025-06-16,2025-06,국내자사몰,49710.0,,1
2025-06-17,2025-06,국내자사몰,59628.0,,1
2025-06-17,2025-06,국내자사몰,32070.0,,2
2025-06-17,2025-06,국내자사몰,128010.0,,1
2025-06-17,2025-06,국내자사몰,54900.0,,1
2025-06-17,2025-06,국내자사몰,62100.0,,1
2025-06-17,2025-06,국내자사몰,65920.0,,1
2025-06-17,2025-06,국내자사몰,49710.0,,1
2025-06-17,2025-06,국내자사몰,210907.0,,2
2025-06-17,2025-06,국내자사몰,30550.0,,1
2025-06-17,2025-06,국내자사몰,32000.0,,1
2025-06-17,2025-06,국내자사몰,197220.0,,3
2025-06-17,2025-06,국내자사몰,120018.0,,2
2025-06-17,2025-06,국내자사몰,128233.0,,1
2025-06-17,2025-06,국내자사몰,107310.0,,1
2025-06-17,2025-06,국내자사몰,39900.0,,1
2025-06-17,2025-06,국내자사몰,38190.0,,1
2025-06-17,2025-06,국내자사몰,128840.0,,2
2025-06-17,2025-06,국내자사몰,56190.0,,1
2025-06-17,2025-06,국내자사몰,49710.0,,1
2025-06-17,2025-06,국내자사몰,49835.0,,1
2025-06-17,2025-06,국내자사몰,54900.0,,1
2025-06-17,2025-06,국내자사몰,56482.0,,1
2025-06-17,2025-06,국내자사몰,30900.0,,2
2025-06-17,2025-06,국내자사몰,127200.0,,3
2025-06-17,2025-06,국내자사몰,52590.0,,1
2025-06-17,2025-06,국내자사몰,58100.0,,1
2025-06-17,2025-06,국내자사몰,49710.0,,1
2025-06-17,2025-06,국내자사몰,49710.0,,1
2025-06-17,2025-06,국내자사몰,83000.0,,2
2025-06-17,2025-06,해외자사몰,334413.5,230.63,5
2025-06-18,2025-06,국내자사몰,44310.0,,1
2025-06-18,2025-06,국내자사몰,52815.0,,1
2025-06-18,2025-06,국내자사몰,85710.0,,1
2025-06-18,2025-06,국내자사몰,14900.0,,1
2025-06-18,2025-06,국내자사몰,20100.0,,1
2025-06-18,2025-06,국내자사몰,94900.0,,1
2025-06-18,2025-06,국내자사몰,50900.0,,1
2025-06-18,2025-06,국내자사몰,64115.0,,1
2025-06-18,2025-06,국내자사몰,43050.0,,1
2025-06-18,2025-06,국내자사몰,56190.0,,1
2025-06-18,2025-06,국내자사몰,72005.0,,2
2025-06-18,2025-06,국내자사몰,54085.0,,2
2025-06-18,2025-06,국내자사몰,44000.0,,1
2025-06-18,2025-06,국내자사몰,38190.0,,1
2025-06-18,2025-06,국내자사몰,30550.0,,1
2025-06-18,2025-06,국내자사몰,34197.0,,1
2025-06-18,2025-06,국내자사몰,164177.0,,4
2025-06-18,2025-06,국내자사몰,36235.0,,1
2025-06-18,2025-06,국내자사몰,49835.0,,1
2025-06-18,2025-06,국내자사몰,122867.0,,3
2025-06-18,2025-06,국내자사몰,59145.0,,1
2025-06-18,2025-06,국내자사몰,56190.0,,1
2025-06-18,2025-06,해외자사몰,141737.5,97.75,1
2025-06-19,2025-06,국내자사몰,56190.0,,1
2025-06-19,2025-06,국내자사몰,53482.0,,1
2025-06-19,2025-06,국내자사몰,174780.0,,2
2025-06-19,2025-06,국내자사몰,49590.0,,1
2025-06-19,2025-06,국내자사몰,50235.0,,1
2025-06-19,2025-06,국내자사몰,51900.0,,1
2025-06-19,2025-06,국내자사몰,13710.0,,1
2025-06-19,2025-06,국내자사몰,22100.0,,1
2025-06-19,2025-06,국내자사몰,49590.0,,1
2025-06-19,2025-06,국내자사몰,14900.0,,1
2025-06-19,2025-06,국내자사몰,99716.0,,1
2025-06-19,2025-06,국내자사몰,38100.0,,1
2025-06-19,2025-06,국내자사몰,59628.0,,1
2025-06-19,2025-06,국내자사몰,81210.0,,2
2025-06-19,2025-06,국내자사몰,55200.0,,1
2025-06-19,2025-06,국내자사몰,101910.0,,1
2025-06-19,2025-06,국내자사몰,52300.0,,1
2025-06-19,2025-06,국내자사몰,55200.0,,1
2025-06-19,2025-06,국내자사몰,117835.0,,1
2025-06-20,2025-06,국내자사몰,198165.0,,4
2025-06-20,2025-06,국내자사몰,75735.0,,1
2025-06-20,2025-06,국내자사몰,114835.0,,1
2025-06-20,2025-06,국내자사몰,14900.0,,1
2025-06-20,2025-06,국내자사몰,89100.0,,1
2025-06-20,2025-06,국내자사몰,89100.0,,1
2025-06-20,2025-06,국내자사몰,80190.0,,1
2025-06-20,2025-06,국내자사몰,76590.0,,1
2025-06-20,2025-06,국내자사몰,89100.0,,1
2025-06-20,2025-06,국내자사몰,80190.0,,1
2025-06-20,2025-06,국내자사몰,50490.0,,1
2025-06-20,2025-06,국내자사몰,56100.0,,1
2025-06-20,2025-06,국내자사몰,78285.0,,1
2025-06-20,2025-06,국내자사몰,46110.0,,1
2025-06-20,2025-06,국내자사몰,201780.0,,2
2025-06-20,2025-06,국내자사몰,53190.0,,1
2025-06-20,2025-06,국내자사몰,55350.0,,1
2025-06-20,2025-06,국내자사몰,52200.0,,1
2025-06-20,2025-06,국내자사몰,53190.0,,1
2025-06-20,2025-06,국내자사몰,138900.0,,1
2025-06-20,2025-06,국내자사몰,49815.0,,1
2025-06-20,2025-06,국내자사몰,56628.0,,1
2025-06-20,2025-06,국내자사몰,151560.0,,2
2025-06-20,2025-06,국내자사몰,56628.0,,1
2025-06-20,2025-06,국내자사몰,118170.0,,3
2025-06-20,2025-06,국내자사몰,53482.0,,1
2025-06-20,2025-06,국내자사몰,62920.0,,1
2025-06-20,2025-06,국내자사몰,57240.0,,1
2025-06-20,2025-06,국내자사몰,53100.0,,1
2025-06-20,2025-06,국내자사몰,56628.0,,1
2025-06-20,2025-06,국내자사몰,153000.0,,2
2025-06-20,2025-06,국내자사몰,53900.0,,1
2025-06-20,2025-06,국내자사몰,51900.0,,1
2025-06-20,2025-06,국내자사몰,82403.0,,4
2025-06-20,2025-06,국내자사몰,78115.0,,1
2025-06-20,2025-06,국내자사몰,46710.0,,1
2025-06-20,2025-06,해외자사몰,141737.5,97.75,1
2025-06-20,2025-06,해외자사몰,124700.0,86.0,2
2025-06-21,2025-06,국내자사몰,59100.0,,1
2025-06-21,2025-06,국내자사몰,133380.0,,2
2025-06-21,2025-06,국내자사몰,82890.0,,1
2025-06-21,2025-06,국내자사몰,53482.0,,1
2025-06-21,2025-06,국내자사몰,75735.0,,1
2025-06-21,2025-06,국내자사몰,84645.0,,1
2025-06-21,2025-06,국내자사몰,100470.0,,2
2025-06-21,2025-06,국내자사몰,89100.0,,1
2025-06-21,2025-06,국내자사몰,13710.0,,1
2025-06-21,2025-06,국내자사몰,72810.0,,2
2025-06-21,2025-06,국내자사몰,49815.0,,1
2025-06-21,2025-06,국내자사몰,80190.0,,1
2025-06-21,2025-06,국내자사몰,121590.0,,1
2025-06-21,2025-06,국내자사몰,121590.0,,1
2025-06-21,2025-06,국내자사몰,51765.0,,2
2025-06-21,2025-06,국내자사몰,103590.0,,1
2025-06-21,2025-06,국내자사몰,86445.0,,2
2025-06-21,2025-06,국내자사몰,77433.0,,1
2025-06-21,2025-06,국내자사몰,89100.0,,1
2025-06-21,2025-06,국내자사몰,56628.0,,1
2025-06-21,2025-06,국내자사몰,56628.0,,1
2025-06-21,2025-06,국내자사몰,69210.0,,2
2025-06-21,2025-06,국내자사몰,47195.0,,1
2025-06-21,2025-06,국내자사몰,56100.0,,1
2025-06-21,2025-06,국내자사몰,50490.0,,1
2025-06-21,2025-06,국내자사몰,75735.0,,1
2025-06-21,2025-06,국내자사몰,76590.0,,1
2025-06-21,2025-06,국내자사몰,80190.0,,1
2025-06-21,2025-06,국내자사몰,103590.0,,1
2025-06-21,2025-06,국내자사몰,56700.0,,1
2025-06-21,2025-06,국내자사몰,80190.0,,1
2025-06-21,2025-06,국내자사몰,56950.0,,2
2025-06-21,2025-06,국내자사몰,53190.0,,1
2025-06-21,2025-06,국내자사몰,28938.0,,1
2025-06-21,2025-06,국내자사몰,119731.0,,3
2025-06-21,2025-06,국내자사몰,170730.0,,3
2025-06-21,2025-06,국내자사몰,47685.0,,1
2025-06-21,2025-06,국내자사몰,75735.0,,1
2025-06-21,2025-06,국내자사몰,50490.0,,1
2025-06-21,2025-06,국내자사몰,80190.0,,1
2025-06-21,2025-06,해외자사몰,141737.5,97.75,1
2025-06-21,2025-06,해외자사몰,160950.0,111.0,1
2025-06-22,2025-06,국내자사몰,52200.0,,1
2025-06-22,2025-06,국내자사몰,50490.0,,1
2025-06-22,2025-06,국내자사몰,50900.0,,1
2025-06-22,2025-06,국내자사몰,93200.0,,3
2025-06-22,2025-06,국내자사몰,78210.0,,2
2025-06-22,2025-06,국내자사몰,53482.0,,1
2025-06-22,2025-06,국내자사몰,50490.0,,1
2025-06-22,2025-06,국내자사몰,56628.0,,1
2025-06-22,2025-06,국내자사몰,52500.0,,1
2025-06-22,2025-06,국내자사몰,56628.0,,1
2025-06-22,2025-06,국내자사몰,50490.0,,1
2025-06-22,2025-06,국내자사몰,32500.0,,1
2025-06-22,2025-06,국내자사몰,89100.0,,1
2025-06-22,2025-06,국내자사몰,79050.0,,2
2025-06-22,2025-06,국내자사몰,89100.0,,1
2025-06-22,2025-06,국내자사몰,97920.0,,2
2025-06-22,2025-06,국내자사몰,80190.0,,1
2025-06-22,2025-06,국내자사몰,50490.0,,1
2025-06-22,2025-06,국내자사몰,155300.0,,3
2025-06-22,2025-06,국내자사몰,811436.0,,10
2025-06-22,2025-06,국내자사몰,80190.0,,1
2025-06-22,2025-06,국내자사몰,80190.0,,1
2025-06-22,2025-06,국내자사몰,36235.0,,1
2025-06-22,2025-06,국내자사몰,47685.0,,1
2025-06-22,2025-06,국내자사몰,104310.0,,1
2025-06-22,2025-06,해외자사몰,188500.0,130.0,1
2025-06-22,2025-06,해외자사몰,141737.5,97.75,1
2025-06-22,2025-06,해외자사몰,163632.5,112.85,3
2025-06-23,2025-06,국내자사몰,77510.0,,2
2025-06-23,2025-06,국내자사몰,123420.0,,2
2025-06-23,2025-06,국내자사몰,47685.0,,1
2025-06-23,2025-06,국내자사몰,59100.0,,1
2025-06-23,2025-06,국내자사몰,50490.0,,1
2025-06-23,2025-06,국내자사몰,123480.0,,4
2025-06-23,2025-06,국내자사몰,73235.0,,1
2025-06-23,2025-06,국내자사몰,62920.0,,1
2025-06-23,2025-06,국내자사몰,108120.0,,3
2025-06-23,2025-06,국내자사몰,59100.0,,1
2025-06-23,2025-06,국내자사몰,78300.0,,2
2025-06-23,2025-06,국내자사몰,85209.0,,2
2025-06-23,2025-06,국내자사몰,53460.0,,1
2025-06-23,2025-06,국내자사몰,75735.0,,1
2025-06-23,2025-06,국내자사몰,80190.0,,1
2025-06-23,2025-06,국내자사몰,80190.0,,1
2025-06-23,2025-06,국내자사몰,78285.0,,1
2025-06-23,2025-06,국내자사몰,100368.0,,2
2025-06-23,2025-06,국내자사몰,59100.0,,1
2025-06-23,2025-06,국내자사몰,55350.0,,1
2025-06-23,2025-06,국내자사몰,59220.0,,2
2025-06-23,2025-06,국내자사몰,50490.0,,1
2025-06-23,2025-06,국내자사몰,52200.0,,1
2025-06-23,2025-06,국내자사몰,50490.0,,1
2025-06-23,2025-06,국내자사몰,52200.0,,1
2025-06-24,2025-06,국내자사몰,43050.0,,1
2025-06-24,2025-06,국내자사몰,50235.0,,1
2025-06-24,2025-06,국내자사몰,14900.0,,1
2025-06-24,2025-06,국내자사몰,360990.0,,9
2025-06-24,2025-06,국내자사몰,121590.0,,1
2025-06-24,2025-06,국내자사몰,47685.0,,1
2025-06-24,2025-06,국내자사몰,53190.0,,1
2025-06-24,2025-06,국내자사몰,51600.0,,1
2025-06-24,2025-06,국내자사몰,112200.0,,2
2025-06-24,2025-06,국내자사몰,60350.0,,2
2025-06-24,2025-06,국내자사몰,50235.0,,1
2025-06-24,2025-06,국내자사몰,54279.0,,2
2025-06-24,2025-06,국내자사몰,75735.0,,1
2025-06-24,2025-06,국내자사몰,47685.0,,1
2025-06-24,2025-06,국내자사몰,234957.0,,4
2025-06-24,2025-06,국내자사몰,101150.0,,1
2025-06-24,2025-06,국내자사몰,43050.0,,1
2025-06-24,2025-06,국내자사몰,188119.0,,2
2025-06-24,2025-06,국내자사몰,56628.0,,1
2025-06-24,2025-06,국내자사몰,80667.0,,3
2025-06-24,2025-06,국내자사몰,56628.0,,1
2025-06-24,2025-06,국내자사몰,40825.0,,1
2025-06-24,2025-06,국내자사몰,80190.0,,1
2025-06-24,2025-06,국내자사몰,99000.0,,1
2025-06-24,2025-06,국내자사몰,99000.0,,3
2025-06-24,2025-06,국내자사몰,50490.0,,1
2025-06-24,2025-06,국내자사몰,88047.0,,1
2025-06-24,2025-06,국내자사몰,45487.0,,1
2025-06-24,2025-06,국내자사몰,56100.0,,1
2025-06-24,2025-06,국내자사몰,78300.0,,2
2025-06-24,2025-06,해외자사몰,267887.5,184.75,3
2025-06-25,2025-06,국내자사몰,104310.0,,1
2025-06-25,2025-06,국내자사몰,36235.0,,1
2025-06-25,2025-06,국내자사몰,132930.0,,2
2025-06-25,2025-06,국내자사몰,113040.0,,2
2025-06-25,2025-06,국내자사몰,56100.0,,1
2025-06-25,2025-06,국내자사몰,48460.0,,1
2025-06-25,2025-06,국내자사몰,47685.0,,1
2025-06-25,2025-06,국내자사몰,52200.0,,1
2025-06-25,2025-06,국내자사몰,75735.0,,1
2025-06-25,2025-06,국내자사몰,194735.0,,4
2025-06-25,2025-06,국내자사몰,46110.0,,1
2025-06-25,2025-06,국내자사몰,153090.0,,3
2025-06-25,2025-06,국내자사몰,29100.0,,1
2025-06-25,2025-06,국내자사몰,48510.0,,1
2025-06-25,2025-06,국내자사몰,13710.0,,1
2025-06-25,2025-06,국내자사몰,115100.0,,1
2025-06-25,2025-06,해외자사몰,147682.5,101.85,2
2025-06-26,2025-06,국내자사몰,211950.0,,3
2025-06-26,2025-06,국내자사몰,122910.0,,2
2025-06-26,2025-06,국내자사몰,130140.0,,2
2025-06-26,2025-06,국내자사몰,123300.0,,2
2025-06-26,2025-06,국내자사몰,56100.0,,1
2025-06-26,2025-06,국내자사몰,72626.0,,2
2025-06-26,2025-06,국내자사몰,84455.0,,2
2025-06-26,2025-06,국내자사몰,147690.0,,2
2025-06-26,2025-06,국내자사몰,47500.0,,1
2025-06-26,2025-06,국내자사몰,97920.0,,2
2025-06-26,2025-06,국내자사몰,49059.0,,1
2025-06-26,2025-06,국내자사몰,80190.0,,1
2025-06-26,2025-06,국내자사몰,99675.0,,3
2025-06-26,2025-06,국내자사몰,47195.0,,1
2025-06-26,2025-06,국내자사몰,108894.0,,1
2025-06-26,2025-06,국내자사몰,115200.0,,2
2025-06-26,2025-06,국내자사몰,32605.0,,2
2025-06-26,2025-06,국내자사몰,50490.0,,1
2025-06-27,2025-06,국내자사몰,56943.0,,1
2025-06-27,2025-06,국내자사몰,80190.0,,1
2025-06-27,2025-06,국내자사몰,53190.0,,1
2025-06-27,2025-06,국내자사몰,150480.0,,3
2025-06-27,2025-06,국내자사몰,50490.0,,1
2025-06-27,2025-06,국내자사몰,56100.0,,1
2025-06-27,2025-06,국내자사몰,143997.0,,1
2025-06-27,2025-06,국내자사몰,121590.0,,1
2025-06-27,2025-06,국내자사몰,34293.0,,1
2025-06-27,2025-06,국내자사몰,50490.0,,1
2025-06-27,2025-06,국내자사몰,102255.0,,2
2025-06-27,2025-06,국내자사몰,76590.0,,2
2025-06-27,2025-06,국내자사몰,50235.0,,1
2025-06-27,2025-06,국내자사몰,80190.0,,1
2025-06-27,2025-06,국내자사몰,335200.0,,4
2025-06-27,2025-06,국내자사몰,94770.0,,2
2025-06-27,2025-06,국내자사몰,29100.0,,1
2025-06-27,2025-06,국내자사몰,70650.0,,2
2025-06-27,2025-06,국내자사몰,114835.0,,1
2025-06-27,2025-06,국내자사몰,47685.0,,1
2025-06-27,2025-06,국내자사몰,50490.0,,1
2025-06-27,2025-06,국내자사몰,56100.0,,1
2025-06-27,2025-06,국내자사몰,50490.0,,1
2025-06-27,2025-06,해외자사몰,322987.5,222.75,3
2025-06-28,2025-06,국내자사몰,24420.0,,2
2025-06-28,2025-06,국내자사몰,26800.0,,2
2025-06-28,2025-06,국내자사몰,221445.0,,5
2025-06-28,2025-06,국내자사몰,51030.0,,1
2025-06-28,2025-06,국내자사몰,52360.0,,2
2025-06-28,2025-06,국내자사몰,50490.0,,1
2025-06-28,2025-06,국내자사몰,50490.0,,1
2025-06-28,2025-06,국내자사몰,50490.0,,1
2025-06-28,2025-06,국내자사몰,59100.0,,1
2025-06-28,2025-06,국내자사몰,46890.0,,2
2025-06-28,2025-06,국내자사몰,89100.0,,1
2025-06-28,2025-06,국내자사몰,80190.0,,1
2025-06-28,2025-06,국내자사몰,53460.0,,1
2025-06-28,2025-06,국내자사몰,23790.0,,1
2025-06-28,2025-06,국내자사몰,75735.0,,1
2025-06-28,2025-06,국내자사몰,95370.0,,2
2025-06-28,2025-06,국내자사몰,50918.0,,2
2025-06-28,2025-06,국내자사몰,20190.0,,1
2025-06-28,2025-06,국내자사몰,114345.0,,1
2025-06-28,2025-06,국내자사몰,63600.0,,1
2025-06-28,2025-06,국내자사몰,114345.0,,1
2025-06-28,2025-06,국내자사몰,92820.0,,2
2025-06-28,2025-06,국내자사몰,103680.0,,2
2025-06-28,2025-06,국내자사몰,83470.0,,2
2025-06-28,2025-06,국내자사몰,35051.0,,1
2025-06-28,2025-06,국내자사몰,44310.0,,1
2025-06-29,2025-06,국내자사몰,40825.0,,1
2025-06-29,2025-06,국내자사몰,103360.0,,2
2025-06-29,2025-06,국내자사몰,103590.0,,1
2025-06-29,2025-06,국내자사몰,57240.0,,1
2025-06-29,2025-06,국내자사몰,47790.0,,1
2025-06-29,2025-06,국내자사몰,50235.0,,1
2025-06-29,2025-06,국내자사몰,13710.0,,1
2025-06-29,2025-06,국내자사몰,121590.0,,1
2025-06-29,2025-06,국내자사몰,52947.0,,1
2025-06-29,2025-06,국내자사몰,50490.0,,1
2025-06-29,2025-06,국내자사몰,30900.0,,2
2025-06-29,2025-06,국내자사몰,13710.0,,1
2025-06-29,2025-06,국내자사몰,155070.0,,4
2025-06-29,2025-06,국내자사몰,47685.0,,1
2025-06-29,2025-06,국내자사몰,128610.0,,2
2025-06-29,2025-06,국내자사몰,114835.0,,1
2025-06-29,2025-06,국내자사몰,80190.0,,1
2025-06-29,2025-06,국내자사몰,107993.0,,1
2025-06-29,2025-06,국내자사몰,239700.0,,7
2025-06-29,2025-06,국내자사몰,121590.0,,1
2025-06-29,2025-06,국내자사몰,50490.0,,1
2025-06-29,2025-06,국내자사몰,36100.0,,1
2025-06-29,2025-06,국내자사몰,87465.0,,1
2025-06-29,2025-06,국내자사몰,50490.0,,1
2025-06-29,2025-06,국내자사몰,108885.0,,2
2025-06-29,2025-06,해외자사몰,101282.5,69.85,1
2025-06-30,2025-06,국내자사몰,90015.0,,3
2025-06-30,2025-06,국내자사몰,59100.0,,1
2025-06-30,2025-06,국내자사몰,152467.0,,1
2025-06-30,2025-06,국내자사몰,104310.0,,1
2025-06-30,2025-06,국내자사몰,92610.0,,1
2025-06-30,2025-06,국내자사몰,82710.0,,1
2025-06-30,2025-06,국내자사몰,128610.0,,2
2025-06-30,2025-06,국내자사몰,31135.0,,1
2025-06-30,2025-06,국내자사몰,50235.0,,1
2025-06-30,2025-06,국내자사몰,78115.0,,1
2025-06-30,2025-06,국내자사몰,53190.0,,1
2025-06-30,2025-06,국내자사몰,75650.0,,1
2025-06-30,2025-06,국내자사몰,78115.0,,1
2025-06-30,2025-06,국내자사몰,29550.0,,1
2025-06-30,2025-06,국내자사몰,32790.0,,1
2025-06-30,2025-06,국내자사몰,53635.0,,1
2025-06-30,2025-06,국내자사몰,62640.0,,2
2025-06-30,2025-06,국내자사몰,191000.0,,1
2025-06-30,2025-06,국내자사몰,151900.0,,1
2025-06-30,2025-06,국내자사몰,129115.0,,1
2025-06-30,2025-06,국내자사몰,80100.0,,1
2025-06-30,2025-06,국내자사몰,42100.0,,1
2025-06-30,2025-06,국내자사몰,77400.0,,3
2025-06-30,2025-06,국내자사몰,78115.0,,1
2025-06-30,2025-06,국내자사몰,53190.0,,1
2025-06-30,2025-06,국내자사몰,27650.0,,1
2025-06-30,2025-06,국내자사몰,47685.0,,1
2025-06-30,2025-06,국내자사몰,20190.0,,1
2025-06-30,2025-06,국내자사몰,50490.0,,1
2025-06-30,2025-06,국내자사몰,80190.0,,1
2025-06-30,2025-06,국내자사몰,38190.0,,1
2025-06-30,2025-06,국내자사몰,80190.0,,1
2025-06-30,2025-06,국내자사몰,75735.0,,1
2025-06-30,2025-06,국내자사몰,44629.0,,1
2025-06-30,2025-06,국내자사몰,121590.0,,1
2025-06-30,2025-06,국내자사몰,50490.0,,1
2025-06-30,2025-06,국내자사몰,89100.0,,1
2025-07-01,2025-07,국내자사몰,82710.0,,1
2025-07-01,2025-07,국내자사몰,56790.0,,1
2025-07-01,2025-07,국내자사몰,50235.0,,1
2025-07-01,2025-07,국내자사몰,56790.0,,1
2025-07-01,2025-07,국내자사몰,112965.0,,2
2025-07-01,2025-07,국내자사몰,57240.0,,1
2025-07-01,2025-07,국내자사몰,53190.0,,1
2025-07-01,2025-07,국내자사몰,38190.0,,1
2025-07-01,2025-07,국내자사몰,82710.0,,1
2025-07-01,2025-07,국내자사몰,59100.0,,1
2025-07-01,2025-07,국내자사몰,56790.0,,1
2025-07-01,2025-07,국내자사몰,128350.0,,2
2025-07-01,2025-07,국내자사몰,53635.0,,1
2025-07-01,2025-07,국내자사몰,63100.0,,1
2025-07-01,2025-07,국내자사몰,50235.0,,1
2025-07-01,2025-07,국내자사몰,91900.0,,1
2025-07-01,2025-07,국내자사몰,91900.0,,1
2025-07-01,2025-07,국내자사몰,32790.0,,1
2025-07-01,2025-07,국내자사몰,36100.0,,1
2025-07-01,2025-07,국내자사몰,53190.0,,1
2025-07-01,2025-07,국내자사몰,215550.0,,3
2025-07-01,2025-07,국내자사몰,56790.0,,1
2025-07-01,2025-07,국내자사몰,131220.0,,2
2025-07-01,2025-07,해외자사몰,156237.5,107.75,1
2025-07-01,2025-07,해외자사몰,141737.5,97.75,1
2025-07-01,2025-07,해외자사몰,293987.5,202.75,2
2025-07-02,2025-07,국내자사몰,109177.0,,3
2025-07-02,2025-07,국내자사몰,59100.0,,1
2025-07-02,2025-07,국내자사몰,50235.0,,1
2025-07-02,2025-07,국내자사몰,91900.0,,1
2025-07-02,2025-07,국내자사몰,42100.0,,1
2025-07-02,2025-07,국내자사몰,80100.0,,1
2025-07-02,2025-07,국내자사몰,59100.0,,1
2025-07-02,2025-07,국내자사몰,38190.0,,1
2025-07-02,2025-07,국내자사몰,91900.0,,1
2025-07-02,2025-07,국내자사몰,80190.0,,1
2025-07-02,2025-07,국내자사몰,207570.0,,2
2025-07-02,2025-07,국내자사몰,64890.0,,1
2025-07-02,2025-07,국내자사몰,53190.0,,1
2025-07-02,2025-07,국내자사몰,82710.0,,1
2025-07-02,2025-07,국내자사몰,533591.0,,8
2025-07-02,2025-07,국내자사몰,48510.0,,1
2025-07-02,2025-07,국내자사몰,435891.0,,6
2025-07-02,2025-07,국내자사몰,53635.0,,1
2025-07-02,2025-07,국내자사몰,39900.0,,1
2025-07-02,2025-07,해외자사몰,174000.0,120.0,2
2025-07-02,2025-07,해외자사몰,121800.0,84.0,1
2025-07-02,2025-07,해외자사몰,80475.0,55.5,1
2025-07-02,2025-07,해외자사몰,237655.0,163.9,3
2025-07-03,2025-07,국내자사몰,45815.0,,1
2025-07-03,2025-07,국내자사몰,82710.0,,1
2025-07-03,2025-07,국내자사몰,91900.0,,1
2025-07-03,2025-07,국내자사몰,97200.0,,3
2025-07-03,2025-07,국내자사몰,15510.0,,1
2025-07-03,2025-07,국내자사몰,58590.0,,1
2025-07-03,2025-07,국내자사몰,89100.0,,1
2025-07-03,2025-07,국내자사몰,29100.0,,2
2025-07-03,2025-07,국내자사몰,59100.0,,1
2025-07-03,2025-07,국내자사몰,124470.0,,3
2025-07-03,2025-07,국내자사몰,46110.0,,1
2025-07-03,2025-07,국내자사몰,91900.0,,1
2025-07-03,2025-07,국내자사몰,53190.0,,1
2025-07-03,2025-07,국내자사몰,53190.0,,1
2025-07-03,2025-07,국내자사몰,80900.0,,2
2025-07-03,2025-07,국내자사몰,36000.0,,1
2025-07-03,2025-07,국내자사몰,82710.0,,1
2025-07-03,2025-07,국내자사몰,116300.0,,3
2025-07-03,2025-07,국내자사몰,91900.0,,1
2025-07-03,2025-07,해외자사몰,166750.0,115.0,2
2025-07-03,2025-07,해외자사몰,243600.0,168.0,3
2025-07-04,2025-07,국내자사몰,52080.0,,1
2025-07-04,2025-07,국내자사몰,47280.0,,1
2025-07-04,2025-07,국내자사몰,100880.0,,3
2025-07-04,2025-07,국내자사몰,248900.0,,5
2025-07-04,2025-07,국내자사몰,53190.0,,1
2025-07-04,2025-07,국내자사몰,21615.0,,1
2025-07-04,2025-07,국내자사몰,59100.0,,1
2025-07-04,2025-07,국내자사몰,155200.0,,4
2025-07-04,2025-07,국내자사몰,17535.0,,1
2025-07-04,2025-07,국내자사몰,73520.0,,1
2025-07-04,2025-07,국내자사몰,53190.0,,1
2025-07-04,2025-07,국내자사몰,53190.0,,1
2025-07-04,2025-07,국내자사몰,40145.0,,1
2025-07-04,2025-07,국내자사몰,59100.0,,1
2025-07-04,2025-07,국내자사몰,59100.0,,1
2025-07-04,2025-07,국내자사몰,59100.0,,1
2025-07-04,2025-07,국내자사몰,53190.0,,1
2025-07-04,2025-07,국내자사몰,53190.0,,1
2025-07-04,2025-07,국내자사몰,53190.0,,1
2025-07-04,2025-07,국내자사몰,53190.0,,1
2025-07-04,2025-07,국내자사몰,139546.0,,2
2025-07-04,2025-07,국내자사몰,50235.0,,1
2025-07-04,2025-07,국내자사몰,80190.0,,1
2025-07-04,2025-07,국내자사몰,37200.0,,2
2025-07-04,2025-07,국내자사몰,145530.0,,1
2025-07-04,2025-07,국내자사몰,78115.0,,1
2025-07-04,2025-07,국내자사몰,91900.0,,1
2025-07-04,2025-07,국내자사몰,59525.0,,3
2025-07-04,2025-07,국내자사몰,82710.0,,1
2025-07-04,2025-07,국내자사몰,98100.0,,2
2025-07-04,2025-07,해외자사몰,345100.0,238.0,4
2025-07-04,2025-07,해외자사몰,101500.0,70.0,1
2025-07-05,2025-07,국내자사몰,82710.0,,1
2025-07-05,2025-07,국내자사몰,40635.0,,3
2025-07-05,2025-07,국내자사몰,71280.0,,1
2025-07-05,2025-07,국내자사몰,53190.0,,1
2025-07-05,2025-07,국내자사몰,65100.0,,1
2025-07-05,2025-07,국내자사몰,47280.0,,1
2025-07-05,2025-07,국내자사몰,82710.0,,1
2025-07-05,2025-07,국내자사몰,86240.0,,2
2025-07-05,2025-07,국내자사몰,140689.0,,2
2025-07-05,2025-07,국내자사몰,195360.0,,2
2025-07-05,2025-07,국내자사몰,32320.0,,2
2025-07-05,2025-07,국내자사몰,78560.0,,2
2025-07-05,2025-07,국내자사몰,73520.0,,1
2025-07-05,2025-07,국내자사몰,63100.0,,1
2025-07-05,2025-07,국내자사몰,59100.0,,1
2025-07-05,2025-07,국내자사몰,47321.0,,1
2025-07-05,2025-07,국내자사몰,89875.0,,1
2025-07-05,2025-07,국내자사몰,53190.0,,1
2025-07-05,2025-07,국내자사몰,72192.0,,2
2025-07-05,2025-07,국내자사몰,72720.0,,3
2025-07-05,2025-07,국내자사몰,53190.0,,1
2025-07-05,2025-07,국내자사몰,164720.0,,4
2025-07-05,2025-07,국내자사몰,47280.0,,1
2025-07-05,2025-07,국내자사몰,133440.0,,3
2025-07-05,2025-07,국내자사몰,53190.0,,1
2025-07-05,2025-07,국내자사몰,90090.0,,3
2025-07-05,2025-07,국내자사몰,122320.0,,2
2025-07-05,2025-07,국내자사몰,47280.0,,1
2025-07-05,2025-07,국내자사몰,73520.0,,1
2025-07-05,2025-07,국내자사몰,122580.0,,2
2025-07-05,2025-07,국내자사몰,36431.0,,1
2025-07-05,2025-07,국내자사몰,47280.0,,1
2025-07-05,2025-07,국내자사몰,27480.0,,2
2025-07-05,2025-07,국내자사몰,74642.0,,1
2025-07-05,2025-07,국내자사몰,40739.0,,2
2025-07-05,2025-07,국내자사몰,66400.0,,2
2025-07-05,2025-07,국내자사몰,119035.0,,1
2025-07-05,2025-07,국내자사몰,116800.0,,3
2025-07-05,2025-07,국내자사몰,111231.0,,7
2025-07-05,2025-07,국내자사몰,107190.0,,1
2025-07-05,2025-07,국내자사몰,148900.0,,4
2025-07-05,2025-07,국내자사몰,88200.0,,2
2025-07-05,2025-07,국내자사몰,47643.0,,2
2025-07-05,2025-07,국내자사몰,98420.0,,2
2025-07-05,2025-07,국내자사몰,95200.0,,1
2025-07-05,2025-07,국내자사몰,82710.0,,1
2025-07-05,2025-07,국내자사몰,95490.0,,2
2025-07-05,2025-07,국내자사몰,132900.0,,3
2025-07-05,2025-07,국내자사몰,47280.0,,1
2025-07-05,2025-07,해외자사몰,148407.5,102.35,1
2025-07-06,2025-07,국내자사몰,162560.0,,2
2025-07-06,2025-07,국내자사몰,124920.0,,3
2025-07-06,2025-07,국내자사몰,141120.0,,3
2025-07-06,2025-07,국내자사몰,91900.0,,1
2025-07-06,2025-07,국내자사몰,104960.0,,2
2025-07-06,2025-07,국내자사몰,78115.0,,1
2025-07-06,2025-07,국내자사몰,38100.0,,1
2025-07-06,2025-07,국내자사몰,43120.0,,1
2025-07-06,2025-07,국내자사몰,140800.0,,3
2025-07-06,2025-07,국내자사몰,163620.0,,2
2025-07-06,2025-07,국내자사몰,91040.0,,2
2025-07-06,2025-07,국내자사몰,136710.0,,1
2025-07-06,2025-07,국내자사몰,73520.0,,1
2025-07-06,2025-07,국내자사몰,59100.0,,1
2025-07-06,2025-07,국내자사몰,154791.0,,4
2025-07-06,2025-07,국내자사몰,109000.0,,2
2025-07-06,2025-07,국내자사몰,53190.0,,1
2025-07-06,2025-07,국내자사몰,50900.0,,1
2025-07-06,2025-07,국내자사몰,136710.0,,1
2025-07-06,2025-07,국내자사몰,73520.0,,1
2025-07-06,2025-07,국내자사몰,121520.0,,1
2025-07-06,2025-07,국내자사몰,46110.0,,1
2025-07-06,2025-07,국내자사몰,190890.0,,3
2025-07-06,2025-07,국내자사몰,82710.0,,1
2025-07-06,2025-07,국내자사몰,91900.0,,1
2025-07-06,2025-07,국내자사몰,121190.0,,2
2025-07-06,2025-07,국내자사몰,47280.0,,1
2025-07-06,2025-07,국내자사몰,53190.0,,1
2025-07-06,2025-07,국내자사몰,50480.0,,1
2025-07-06,2025-07,국내자사몰,47280.0,,1
2025-07-06,2025-07,국내자사몰,47280.0,,1
2025-07-06,2025-07,해외자사몰,101500.0,70.0,1
2025-07-06,2025-07,해외자사몰,101500.0,70.0,1
2025-07-06,2025-07,해외자사몰,307400.0,212.0,3
2025-07-06,2025-07,해외자사몰,136300.0,94.0,1
2025-07-06,2025-07,해외자사몰,284200.0,196.0,3
2025-07-07,2025-07,국내자사몰,47280.0,,1
2025-07-07,2025-07,국내자사몰,199812.0,,5
2025-07-07,2025-07,국내자사몰,56790.0,,1
2025-07-07,2025-07,국내자사몰,47280.0,,1
2025-07-07,2025-07,국내자사몰,56145.0,,1
2025-07-07,2025-07,국내자사몰,59100.0,,1
2025-07-07,2025-07,국내자사몰,257760.0,,4
2025-07-07,2025-07,국내자사몰,69300.0,,2
2025-07-07,2025-07,국내자사몰,78755.0,,3
2025-07-07,2025-07,국내자사몰,103360.0,,2
2025-07-07,2025-07,국내자사몰,24900.0,,1
2025-07-07,2025-07,국내자사몰,75735.0,,1
2025-07-07,2025-07,국내자사몰,18390.0,,1
2025-07-07,2025-07,국내자사몰,56790.0,,1
2025-07-07,2025-07,국내자사몰,116800.0,,3
2025-07-07,2025-07,국내자사몰,39090.0,,1
2025-07-07,2025-07,국내자사몰,113956.0,,4
2025-07-07,2025-07,국내자사몰,53190.0,,1
2025-07-07,2025-07,국내자사몰,52080.0,,1
2025-07-07,2025-07,국내자사몰,91900.0,,1
2025-07-07,2025-07,국내자사몰,64080.0,,2
2025-07-07,2025-07,국내자사몰,73520.0,,1
2025-07-07,2025-07,국내자사몰,92169.0,,2
2025-07-07,2025-07,국내자사몰,171180.0,,2
2025-07-07,2025-07,해외자사몰,142100.0,98.0,1
2025-07-07,2025-07,해외자사몰,188500.0,130.0,1
2025-07-07,2025-07,해외자사몰,468350.0,323.0,6
2025-07-07,2025-07,해외자사몰,188500.0,130.0,2
2025-07-07,2025-07,해외자사몰,136300.0,94.0,1
2025-07-07,2025-07,해외자사몰,227650.0,157.0,3
2025-07-08,2025-07,국내자사몰,47280.0,,1
2025-07-08,2025-07,국내자사몰,53190.0,,1
2025-07-08,2025-07,국내자사몰,73680.0,,2
2025-07-08,2025-07,국내자사몰,78115.0,,1
2025-07-08,2025-07,국내자사몰,59100.0,,1
2025-07-08,2025-07,국내자사몰,83470.0,,2
2025-07-08,2025-07,국내자사몰,20100.0,,1
2025-07-08,2025-07,국내자사몰,48246.0,,1
2025-07-08,2025-07,국내자사몰,48740.0,,4
2025-07-08,2025-07,국내자사몰,112590.0,,1
2025-07-08,2025-07,국내자사몰,148680.0,,2
2025-07-08,2025-07,국내자사몰,53190.0,,1
2025-07-08,2025-07,국내자사몰,95280.0,,1
2025-07-08,2025-07,국내자사몰,70380.0,,2
2025-07-08,2025-07,국내자사몰,78200.0,,2
2025-07-08,2025-07,국내자사몰,47280.0,,1
2025-07-08,2025-07,국내자사몰,76520.0,,1
2025-07-08,2025-07,국내자사몰,82710.0,,1
2025-07-08,2025-07,국내자사몰,87305.0,,1
2025-07-08,2025-07,국내자사몰,71280.0,,1
2025-07-08,2025-07,국내자사몰,71280.0,,1
2025-07-08,2025-07,국내자사몰,94560.0,,2
2025-07-08,2025-07,국내자사몰,51305.0,,1
2025-07-08,2025-07,국내자사몰,59100.0,,1
2025-07-08,2025-07,국내자사몰,50480.0,,1
2025-07-08,2025-07,국내자사몰,56790.0,,1
2025-07-08,2025-07,국내자사몰,36431.0,,1
2025-07-08,2025-07,국내자사몰,20100.0,,1
2025-07-08,2025-07,국내자사몰,137000.0,,2
2025-07-08,2025-07,해외자사몰,302760.0,208.8,3
2025-07-08,2025-07,해외자사몰,243600.0,168.0,3
2025-07-09,2025-07,국내자사몰,53635.0,,1
2025-07-09,2025-07,국내자사몰,31800.0,,2
2025-07-09,2025-07,국내자사몰,30074.0,,1
2025-07-09,2025-07,국내자사몰,39090.0,,1
2025-07-09,2025-07,국내자사몰,53190.0,,1
2025-07-09,2025-07,국내자사몰,165780.0,,2
2025-07-09,2025-07,국내자사몰,31800.0,,2
2025-07-09,2025-07,국내자사몰,59100.0,,1
2025-07-09,2025-07,국내자사몰,100304.0,,2
2025-07-09,2025-07,국내자사몰,173600.0,,2
2025-07-09,2025-07,국내자사몰,31080.0,,1
2025-07-09,2025-07,국내자사몰,53190.0,,1
2025-07-09,2025-07,국내자사몰,168800.0,,2
2025-07-09,2025-07,국내자사몰,88722.0,,1
2025-07-09,2025-07,국내자사몰,45900.0,,2
2025-07-09,2025-07,국내자사몰,40890.0,,2
2025-07-09,2025-07,국내자사몰,73520.0,,1
2025-07-09,2025-07,국내자사몰,56790.0,,1
2025-07-09,2025-07,국내자사몰,82710.0,,1
2025-07-09,2025-07,국내자사몰,14900.0,,1
2025-07-09,2025-07,국내자사몰,174610.0,,2
2025-07-09,2025-07,국내자사몰,53190.0,,1
2025-07-09,2025-07,국내자사몰,53190.0,,1
2025-07-09,2025-07,국내자사몰,35080.0,,1
2025-07-09,2025-07,국내자사몰,48000.0,,4
2025-07-09,2025-07,국내자사몰,29400.0,,1
2025-07-09,2025-07,국내자사몰,95280.0,,1
2025-07-09,2025-07,국내자사몰,53700.0,,1
2025-07-09,2025-07,국내자사몰,102560.0,,2
2025-07-09,2025-07,국내자사몰,71280.0,,1
2025-07-09,2025-07,국내자사몰,47280.0,,1
2025-07-09,2025-07,국내자사몰,47280.0,,1
2025-07-09,2025-07,국내자사몰,73520.0,,1
2025-07-09,2025-07,해외자사몰,103095.0,71.1,2
2025-07-09,2025-07,해외자사몰,419050.0,289.0,6
2025-07-09,2025-07,해외자사몰,145725.0,100.5,2
2025-07-10,2025-07,국내자사몰,57680.0,,1
2025-07-10,2025-07,국내자사몰,51030.0,,1
2025-07-10,2025-07,국내자사몰,86560.0,,2
2025-07-10,2025-07,국내자사몰,47280.0,,1
2025-07-10,2025-07,국내자사몰,47280.0,,1
2025-07-10,2025-07,국내자사몰,24000.0,,1
2025-07-10,2025-07,국내자사몰,73520.0,,1
2025-07-10,2025-07,국내자사몰,53190.0,,1
2025-07-10,2025-07,국내자사몰,82710.0,,1
2025-07-10,2025-07,국내자사몰,50480.0,,1
2025-07-10,2025-07,국내자사몰,73520.0,,1
2025-07-10,2025-07,국내자사몰,53190.0,,1
2025-07-10,2025-07,국내자사몰,53190.0,,1
2025-07-10,2025-07,국내자사몰,84160.0,,2
2025-07-10,2025-07,국내자사몰,43100.0,,1
2025-07-10,2025-07,국내자사몰,38190.0,,1
2025-07-10,2025-07,국내자사몰,34280.0,,1
2025-07-10,2025-07,국내자사몰,69120.0,,4
2025-07-10,2025-07,국내자사몰,71280.0,,1
2025-07-10,2025-07,국내자사몰,63990.0,,3
2025-07-10,2025-07,국내자사몰,53190.0,,1
2025-07-10,2025-07,국내자사몰,38190.0,,1
2025-07-10,2025-07,국내자사몰,73520.0,,1
2025-07-10,2025-07,국내자사몰,47280.0,,1
2025-07-10,2025-07,국내자사몰,73520.0,,1
2025-07-10,2025-07,국내자사몰,47280.0,,1
2025-07-10,2025-07,해외자사몰,142100.0,98.0,1
2025-07-10,2025-07,해외자사몰,216050.0,149.0,3
2025-07-10,2025-07,해외자사몰,185600.0,128.0,3
2025-07-10,2025-07,해외자사몰,211700.0,146.0,2
2025-07-11,2025-07,국내자사몰,65100.0,,1
2025-07-11,2025-07,국내자사몰,66000.0,,2
2025-07-11,2025-07,국내자사몰,69210.0,,2
2025-07-11,2025-07,국내자사몰,71280.0,,1
2025-07-11,2025-07,국내자사몰,91900.0,,1
2025-07-11,2025-07,국내자사몰,59100.0,,1
2025-07-11,2025-07,국내자사몰,22200.0,,1
2025-07-11,2025-07,국내자사몰,42760.0,,1
2025-07-11,2025-07,국내자사몰,82710.0,,1
2025-07-11,2025-07,국내자사몰,21990.0,,1
2025-07-11,2025-07,국내자사몰,82710.0,,1
2025-07-11,2025-07,국내자사몰,50235.0,,1
2025-07-11,2025-07,국내자사몰,56790.0,,1
2025-07-11,2025-07,국내자사몰,50235.0,,1
2025-07-11,2025-07,국내자사몰,47280.0,,1
2025-07-11,2025-07,국내자사몰,158240.0,,3
2025-07-11,2025-07,국내자사몰,50480.0,,1
2025-07-11,2025-07,국내자사몰,50235.0,,1
2025-07-11,2025-07,국내자사몰,53190.0,,1
2025-07-11,2025-07,국내자사몰,152800.0,,2
2025-07-11,2025-07,국내자사몰,58590.0,,1
2025-07-11,2025-07,국내자사몰,54180.0,,3
2025-07-11,2025-07,국내자사몰,80190.0,,1
2025-07-11,2025-07,국내자사몰,51060.0,,2
2025-07-11,2025-07,국내자사몰,56700.0,,1
2025-07-11,2025-07,해외자사몰,379465.0,261.7,6
2025-07-11,2025-07,해외자사몰,131515.0,90.7,1
2025-07-11,2025-07,해외자사몰,173275.0,119.5,1
2025-07-12,2025-07,국내자사몰,145600.0,,3
2025-07-12,2025-07,국내자사몰,324578.0,,6
2025-07-12,2025-07,국내자사몰,47280.0,,1
2025-07-12,2025-07,국내자사몰,59100.0,,1
2025-07-12,2025-07,국내자사몰,53190.0,,1
2025-07-12,2025-07,국내자사몰,47280.0,,1
2025-07-12,2025-07,국내자사몰,36235.0,,1
2025-07-12,2025-07,국내자사몰,22710.0,,1
2025-07-12,2025-07,국내자사몰,100080.0,,1
2025-07-12,2025-07,국내자사몰,150560.0,,2
2025-07-12,2025-07,국내자사몰,58590.0,,1
2025-07-12,2025-07,국내자사몰,71280.0,,1
2025-07-12,2025-07,국내자사몰,91040.0,,2
2025-07-12,2025-07,국내자사몰,51510.0,,1
2025-07-12,2025-07,국내자사몰,73520.0,,1
2025-07-12,2025-07,국내자사몰,165420.0,,2
2025-07-12,2025-07,국내자사몰,80190.0,,1
2025-07-12,2025-07,국내자사몰,65790.0,,2
2025-07-12,2025-07,국내자사몰,58590.0,,1
2025-07-12,2025-07,국내자사몰,53190.0,,1
2025-07-12,2025-07,국내자사몰,53190.0,,1
2025-07-12,2025-07,국내자사몰,47280.0,,1
2025-07-12,2025-07,국내자사몰,47280.0,,1
2025-07-12,2025-07,국내자사몰,39915.0,,2
2025-07-12,2025-07,해외자사몰,142100.0,98.0,1
2025-07-12,2025-07,해외자사몰,101500.0,70.0,1
2025-07-12,2025-07,해외자사몰,737687.5,508.75,8
2025-07-12,2025-07,해외자사몰,131515.0,90.7,1
2025-07-13,2025-07,국내자사몰,53190.0,,1
2025-07-13,2025-07,국내자사몰,53190.0,,1
2025-07-13,2025-07,국내자사몰,53190.0,,1
2025-07-13,2025-07,국내자사몰,82710.0,,1
2025-07-13,2025-07,국내자사몰,38190.0,,1
2025-07-13,2025-07,국내자사몰,53190.0,,1
2025-07-13,2025-07,국내자사몰,78115.0,,1
2025-07-13,2025-07,국내자사몰,82710.0,,1
2025-07-13,2025-07,국내자사몰,80190.0,,1
2025-07-13,2025-07,국내자사몰,24000.0,,1
2025-07-13,2025-07,국내자사몰,68670.0,,2
2025-07-13,2025-07,국내자사몰,89100.0,,1
2025-07-13,2025-07,국내자사몰,151000.0,,2
2025-07-13,2025-07,국내자사몰,51840.0,,3
2025-07-13,2025-07,국내자사몰,82710.0,,1
2025-07-13,2025-07,국내자사몰,42100.0,,1
2025-07-13,2025-07,국내자사몰,22200.0,,1
2025-07-13,2025-07,국내자사몰,94560.0,,2
2025-07-13,2025-07,국내자사몰,29320.0,,3
2025-07-13,2025-07,국내자사몰,169680.0,,6
2025-07-13,2025-07,국내자사몰,47280.0,,1
2025-07-13,2025-07,국내자사몰,53190.0,,1
2025-07-13,2025-07,국내자사몰,117180.0,,2
2025-07-13,2025-07,국내자사몰,53190.0,,1
2025-07-13,2025-07,국내자사몰,99300.0,,3
2025-07-13,2025-07,국내자사몰,44340.0,,1
2025-07-13,2025-07,국내자사몰,216880.0,,4
2025-07-13,2025-07,국내자사몰,59100.0,,1
2025-07-13,2025-07,국내자사몰,73520.0,,1
2025-07-13,2025-07,국내자사몰,53190.0,,1
2025-07-13,2025-07,해외자사몰,211700.0,146.0,2
2025-07-13,2025-07,해외자사몰,101500.0,70.0,1
2025-07-13,2025-07,해외자사몰,176900.0,122.0,3
2025-07-14,2025-07,국내자사몰,59100.0,,1
2025-07-14,2025-07,국내자사몰,55200.0,,1
2025-07-14,2025-07,국내자사몰,53190.0,,1
2025-07-14,2025-07,국내자사몰,80190.0,,1
2025-07-14,2025-07,국내자사몰,53635.0,,1
2025-07-14,2025-07,국내자사몰,91900.0,,1
2025-07-14,2025-07,국내자사몰,59100.0,,1
2025-07-14,2025-07,국내자사몰,53190.0,,1
2025-07-14,2025-07,국내자사몰,53190.0,,1
2025-07-14,2025-07,국내자사몰,53190.0,,1
2025-07-14,2025-07,국내자사몰,56790.0,,1
2025-07-14,2025-07,국내자사몰,82710.0,,1
2025-07-14,2025-07,국내자사몰,53190.0,,1
2025-07-14,2025-07,국내자사몰,50235.0,,1
2025-07-14,2025-07,국내자사몰,121520.0,,1
2025-07-14,2025-07,국내자사몰,177480.0,,2
2025-07-14,2025-07,국내자사몰,47280.0,,1
2025-07-14,2025-07,국내자사몰,112080.0,,2
2025-07-14,2025-07,국내자사몰,78115.0,,1
2025-07-14,2025-07,국내자사몰,59100.0,,1
2025-07-14,2025-07,해외자사몰,443845.00000000006,306.1,8
2025-07-14,2025-07,해외자사몰,444715.0,306.7,6
2025-07-14,2025-07,해외자사몰,266510.0,183.8,3
2025-07-14,2025-07,해외자사몰,124990.0,86.2,3
2025-07-14,2025-07,해외자사몰,310300.0,214.0,4
2025-07-14,2025-07,해외자사몰,174000.0,120.0,1
2025-07-14,2025-07,해외자사몰,131515.0,90.7,1
2025-07-14,2025-07,해외자사몰,59450.0,41.0,1
2025-07-14,2025-07,해외자사몰,272455.0,187.9,3
2025-07-14,2025-07,해외자사몰,272455.0,187.9,2
2025-07-15,2025-07,국내자사몰,50235.0,,1
2025-07-15,2025-07,국내자사몰,47280.0,,1
2025-07-15,2025-07,국내자사몰,72900.0,,2
2025-07-15,2025-07,국내자사몰,173120.0,,3
2025-07-15,2025-07,국내자사몰,30360.0,,2
2025-07-15,2025-07,국내자사몰,78115.0,,1
2025-07-15,2025-07,국내자사몰,82710.0,,1
2025-07-15,2025-07,국내자사몰,93600.0,,2
2025-07-15,2025-07,국내자사몰,75735.0,,1
2025-07-15,2025-07,국내자사몰,21900.0,,1
2025-07-15,2025-07,국내자사몰,53190.0,,1
2025-07-15,2025-07,국내자사몰,53190.0,,1
2025-07-15,2025-07,국내자사몰,78115.0,,1
2025-07-15,2025-07,국내자사몰,132240.0,,3
2025-07-15,2025-07,국내자사몰,53190.0,,1
2025-07-15,2025-07,국내자사몰,59100.0,,1
2025-07-15,2025-07,국내자사몰,81760.0,,2
2025-07-15,2025-07,국내자사몰,210000.0,,8
2025-07-15,2025-07,국내자사몰,47280.0,,1
2025-07-15,2025-07,국내자사몰,109920.0,,3
2025-07-15,2025-07,국내자사몰,47280.0,,1
2025-07-15,2025-07,국내자사몰,50235.0,,1
2025-07-15,2025-07,국내자사몰,56790.0,,1
2025-07-15,2025-07,국내자사몰,216780.0,,3
2025-07-15,2025-07,국내자사몰,230760.0,,4
2025-07-15,2025-07,해외자사몰,142100.0,98.0,1
2025-07-15,2025-07,해외자사몰,136300.0,94.0,1
2025-07-15,2025-07,해외자사몰,207393.5,143.03,6
2025-07-15,2025-07,해외자사몰,242150.0,167.0,2
2025-07-15,2025-07,해외자사몰,142100.0,98.0,1
2025-07-15,2025-07,해외자사몰,131515.0,90.7,1
2025-07-15,2025-07,해외자사몰,378160.0,260.8,5
2025-07-15,2025-07,해외자사몰,136300.0,94.0,1
2025-07-16,2025-07,국내자사몰,88000.0,,2
2025-07-16,2025-07,국내자사몰,34280.0,,1
2025-07-16,2025-07,국내자사몰,71280.0,,1
2025-07-16,2025-07,국내자사몰,80190.0,,1
2025-07-16,2025-07,국내자사몰,42280.0,,1
2025-07-16,2025-07,국내자사몰,97760.0,,2
2025-07-16,2025-07,국내자사몰,59100.0,,1
2025-07-16,2025-07,국내자사몰,65520.0,,2
2025-07-16,2025-07,국내자사몰,91900.0,,1
2025-07-16,2025-07,국내자사몰,53190.0,,1
2025-07-16,2025-07,국내자사몰,53190.0,,1
2025-07-16,2025-07,국내자사몰,84645.0,,1
2025-07-16,2025-07,국내자사몰,73520.0,,1
2025-07-16,2025-07,국내자사몰,129370.0,,2
2025-07-16,2025-07,국내자사몰,136980.0,,2
2025-07-16,2025-07,국내자사몰,71280.0,,1
2025-07-16,2025-07,국내자사몰,76900.0,,2
2025-07-16,2025-07,국내자사몰,129360.0,,1
2025-07-16,2025-07,국내자사몰,73520.0,,1
2025-07-16,2025-07,해외자사몰,408900.0,282.0,3
2025-07-16,2025-07,해외자사몰,101500.0,70.0,1
2025-07-17,2025-07,국내자사몰,144900.0,,1
2025-07-17,2025-07,국내자사몰,47280.0,,1
2025-07-17,2025-07,국내자사몰,71280.0,,1
2025-07-17,2025-07,국내자사몰,47280.0,,1
2025-07-17,2025-07,국내자사몰,73520.0,,1
2025-07-17,2025-07,국내자사몰,49040.0,,3
2025-07-17,2025-07,국내자사몰,82710.0,,1
2025-07-17,2025-07,국내자사몰,64320.0,,2
2025-07-17,2025-07,국내자사몰,124290.0,,2
2025-07-17,2025-07,국내자사몰,71280.0,,1
2025-07-17,2025-07,국내자사몰,71200.0,,1
2025-07-17,2025-07,국내자사몰,50480.0,,1
2025-07-17,2025-07,국내자사몰,75735.0,,1
2025-07-17,2025-07,국내자사몰,274800.0,,7
2025-07-17,2025-07,국내자사몰,89100.0,,1
2025-07-17,2025-07,국내자사몰,91040.0,,2
2025-07-17,2025-07,국내자사몰,31800.0,,2
2025-07-17,2025-07,국내자사몰,52080.0,,1
2025-07-17,2025-07,국내자사몰,52080.0,,1
2025-07-17,2025-07,국내자사몰,53190.0,,1
2025-07-17,2025-07,국내자사몰,62640.0,,2
2025-07-17,2025-07,국내자사몰,53190.0,,1
2025-07-17,2025-07,국내자사몰,34280.0,,1
2025-07-17,2025-07,국내자사몰,53635.0,,1
2025-07-17,2025-07,국내자사몰,43120.0,,1
2025-07-17,2025-07,국내자사몰,89100.0,,1
2025-07-17,2025-07,해외자사몰,152250.0,105.0,2
2025-07-17,2025-07,해외자사몰,437900.0,302.0,6
2025-07-17,2025-07,해외자사몰,142100.0,98.0,1
2025-07-17,2025-07,해외자사몰,370330.0,255.4,4
2025-07-17,2025-07,해외자사몰,407450.0,281.0,4
2025-07-17,2025-07,해외자사몰,255490.0,176.2,2
2025-07-17,2025-07,해외자사몰,147784.0,101.92,2
2025-07-17,2025-07,해외자사몰,136300.0,94.0,1
2025-07-18,2025-07,국내자사몰,59100.0,,1
2025-07-18,2025-07,국내자사몰,64690.0,,2
2025-07-18,2025-07,국내자사몰,91900.0,,1
2025-07-18,2025-07,국내자사몰,82710.0,,1
2025-07-18,2025-07,국내자사몰,73520.0,,1
2025-07-18,2025-07,국내자사몰,78115.0,,1
2025-07-18,2025-07,국내자사몰,82710.0,,1
2025-07-18,2025-07,국내자사몰,80190.0,,1
2025-07-18,2025-07,국내자사몰,142861.0,,1
2025-07-18,2025-07,국내자사몰,73520.0,,1
2025-07-18,2025-07,국내자사몰,73520.0,,1
2025-07-18,2025-07,국내자사몰,82710.0,,1
2025-07-18,2025-07,국내자사몰,47280.0,,1
2025-07-18,2025-07,국내자사몰,50480.0,,1
2025-07-18,2025-07,국내자사몰,65100.0,,1
2025-07-18,2025-07,국내자사몰,36680.0,,2
2025-07-18,2025-07,국내자사몰,65100.0,,1
2025-07-18,2025-07,국내자사몰,89100.0,,1
2025-07-18,2025-07,국내자사몰,108200.0,,2
2025-07-18,2025-07,국내자사몰,68960.0,,2
2025-07-18,2025-07,국내자사몰,88000.0,,1
2025-07-18,2025-07,국내자사몰,58590.0,,1
2025-07-18,2025-07,국내자사몰,73520.0,,1
2025-07-18,2025-07,국내자사몰,141300.0,,2
2025-07-18,2025-07,국내자사몰,53190.0,,1
2025-07-18,2025-07,국내자사몰,39480.0,,2
2025-07-18,2025-07,국내자사몰,47280.0,,1
2025-07-18,2025-07,국내자사몰,212480.0,,6
2025-07-18,2025-07,국내자사몰,259255.0,,4
2025-07-18,2025-07,국내자사몰,57000.0,,2
2025-07-18,2025-07,국내자사몰,144900.0,,1
2025-07-18,2025-07,국내자사몰,52548.0,,1
2025-07-18,2025-07,국내자사몰,144900.0,,1
2025-07-18,2025-07,국내자사몰,82710.0,,1
2025-07-18,2025-07,국내자사몰,91900.0,,1
2025-07-18,2025-07,국내자사몰,63100.0,,1
2025-07-18,2025-07,국내자사몰,176080.0,,2
2025-07-18,2025-07,해외자사몰,142100.0,98.0,1
2025-07-18,2025-07,해외자사몰,171970.0,118.6,2
2025-07-18,2025-07,해외자사몰,184150.0,127.0,2
2025-07-18,2025-07,해외자사몰,101500.0,70.0,1
2025-07-18,2025-07,해외자사몰,226780.0,156.4,2
2025-07-18,2025-07,해외자사몰,266800.0,184.0,2
2025-07-19,2025-07,국내자사몰,53190.0,,1
2025-07-19,2025-07,국내자사몰,80190.0,,1
2025-07-19,2025-07,국내자사몰,35240.0,,2
2025-07-19,2025-07,국내자사몰,53900.0,,1
2025-07-19,2025-07,국내자사몰,53190.0,,1
2025-07-19,2025-07,국내자사몰,45900.0,,1
2025-07-19,2025-07,국내자사몰,71280.0,,1
2025-07-19,2025-07,국내자사몰,73520.0,,1
2025-07-19,2025-07,국내자사몰,73520.0,,1
2025-07-19,2025-07,국내자사몰,47280.0,,1
2025-07-19,2025-07,국내자사몰,91900.0,,1
2025-07-19,2025-07,국내자사몰,133020.0,,3
2025-07-19,2025-07,국내자사몰,70200.0,,2
2025-07-19,2025-07,국내자사몰,73520.0,,1
2025-07-19,2025-07,국내자사몰,75735.0,,1
2025-07-19,2025-07,국내자사몰,55335.0,,1
2025-07-19,2025-07,국내자사몰,58590.0,,1
2025-07-19,2025-07,국내자사몰,53190.0,,1
2025-07-19,2025-07,국내자사몰,71200.0,,2
2025-07-19,2025-07,국내자사몰,65100.0,,1
2025-07-19,2025-07,국내자사몰,47600.0,,3
2025-07-19,2025-07,국내자사몰,119019.0,,3
2025-07-19,2025-07,국내자사몰,53635.0,,1
2025-07-19,2025-07,국내자사몰,47280.0,,1
2025-07-19,2025-07,국내자사몰,73520.0,,1
2025-07-19,2025-07,국내자사몰,254535.0,,7
2025-07-19,2025-07,국내자사몰,144020.0,,5
2025-07-19,2025-07,국내자사몰,276160.0,,3
2025-07-19,2025-07,국내자사몰,138795.0,,2
2025-07-19,2025-07,국내자사몰,52080.0,,1
2025-07-19,2025-07,국내자사몰,42100.0,,1
2025-07-19,2025-07,국내자사몰,47280.0,,1
2025-07-19,2025-07,국내자사몰,323892.0,,7
2025-07-19,2025-07,국내자사몰,158800.0,,4
2025-07-19,2025-07,국내자사몰,53190.0,,1
2025-07-19,2025-07,국내자사몰,58050.0,,1
2025-07-19,2025-07,국내자사몰,80190.0,,1
2025-07-19,2025-07,국내자사몰,78560.0,,2
2025-07-19,2025-07,국내자사몰,91900.0,,1
2025-07-19,2025-07,국내자사몰,82710.0,,1
2025-07-19,2025-07,해외자사몰,142100.0,98.0,1
2025-07-19,2025-07,해외자사몰,92800.0,64.0,1
2025-07-19,2025-07,해외자사몰,107300.0,74.0,1
2025-07-19,2025-07,해외자사몰,143260.0,98.8,2
2025-07-19,2025-07,해외자사몰,151090.0,104.2,2
2025-07-19,2025-07,해외자사몰,182410.0,125.8,5
2025-07-20,2025-07,국내자사몰,73520.0,,1
2025-07-20,2025-07,국내자사몰,88960.0,,3
2025-07-20,2025-07,국내자사몰,73520.0,,1
2025-07-20,2025-07,국내자사몰,71280.0,,1
2025-07-20,2025-07,국내자사몰,80190.0,,1
2025-07-20,2025-07,국내자사몰,47280.0,,1
2025-07-20,2025-07,국내자사몰,47280.0,,1
2025-07-20,2025-07,국내자사몰,87680.0,,3
2025-07-20,2025-07,국내자사몰,73520.0,,1
2025-07-20,2025-07,국내자사몰,89000.0,,1
2025-07-20,2025-07,국내자사몰,171280.0,,3
2025-07-20,2025-07,국내자사몰,54464.0,,1
2025-07-20,2025-07,국내자사몰,135900.0,,2
2025-07-20,2025-07,국내자사몰,73520.0,,1
2025-07-20,2025-07,국내자사몰,51030.0,,1
2025-07-20,2025-07,국내자사몰,70380.0,,2
2025-07-20,2025-07,국내자사몰,47280.0,,1
2025-07-20,2025-07,국내자사몰,53190.0,,1
2025-07-20,2025-07,국내자사몰,56790.0,,1
2025-07-20,2025-07,국내자사몰,82710.0,,1
2025-07-20,2025-07,국내자사몰,53190.0,,1
2025-07-20,2025-07,국내자사몰,56015.0,,2
2025-07-20,2025-07,국내자사몰,71280.0,,1
2025-07-20,2025-07,국내자사몰,53190.0,,1
2025-07-20,2025-07,국내자사몰,65100.0,,1
2025-07-20,2025-07,국내자사몰,52080.0,,1
2025-07-20,2025-07,국내자사몰,58590.0,,1
2025-07-20,2025-07,국내자사몰,146340.0,,3
2025-07-20,2025-07,국내자사몰,91980.0,,2
2025-07-20,2025-07,국내자사몰,58590.0,,1
2025-07-20,2025-07,해외자사몰,101500.0,70.0,1
2025-07-20,2025-07,해외자사몰,131515.0,90.7,1
2025-07-20,2025-07,해외자사몰,177320.5,122.29,3
2025-07-20,2025-07,해외자사몰,142100.0,98.0,1
2025-07-20,2025-07,해외자사몰,142100.0,98.0,1
2025-07-20,2025-07,해외자사몰,254837.5,175.75,2
2025-07-21,2025-07,국내자사몰,40890.0,,2
2025-07-21,2025-07,국내자사몰,59100.0,,1
2025-07-21,2025-07,국내자사몰,71280.0,,1
2025-07-21,2025-07,국내자사몰,58590.0,,1
2025-07-21,2025-07,국내자사몰,105570.0,,2
2025-07-21,2025-07,국내자사몰,74400.0,,2
2025-07-21,2025-07,국내자사몰,110160.0,,3
2025-07-21,2025-07,국내자사몰,105680.0,,3
2025-07-21,2025-07,국내자사몰,34280.0,,1
2025-07-21,2025-07,국내자사몰,84160.0,,2
2025-07-21,2025-07,국내자사몰,144540.0,,2
2025-07-21,2025-07,국내자사몰,53635.0,,1
2025-07-21,2025-07,국내자사몰,116620.0,,2
2025-07-21,2025-07,국내자사몰,82710.0,,1
2025-07-21,2025-07,국내자사몰,52080.0,,1
2025-07-21,2025-07,국내자사몰,53190.0,,1
2025-07-21,2025-07,국내자사몰,47280.0,,1
2025-07-21,2025-07,국내자사몰,52080.0,,1
2025-07-21,2025-07,국내자사몰,52080.0,,1
2025-07-21,2025-07,국내자사몰,255996.0,,7
2025-07-21,2025-07,국내자사몰,56790.0,,1
2025-07-21,2025-07,해외자사몰,101500.0,70.0,1
2025-07-21,2025-07,해외자사몰,241280.0,166.4,2
2025-07-21,2025-07,해외자사몰,252300.0,174.0,2
2025-07-21,2025-07,해외자사몰,131515.0,90.7,1
2025-07-22,2025-07,국내자사몰,73520.0,,1
2025-07-22,2025-07,국내자사몰,63100.0,,1
2025-07-22,2025-07,국내자사몰,89100.0,,1
2025-07-22,2025-07,국내자사몰,53190.0,,1
2025-07-22,2025-07,국내자사몰,71280.0,,1
2025-07-22,2025-07,국내자사몰,186960.0,,3
2025-07-22,2025-07,국내자사몰,80190.0,,1
2025-07-22,2025-07,국내자사몰,80911.0,,1
2025-07-22,2025-07,국내자사몰,78115.0,,1
2025-07-22,2025-07,국내자사몰,58590.0,,1
2025-07-22,2025-07,국내자사몰,16680.0,,1
2025-07-22,2025-07,국내자사몰,72100.0,,1
2025-07-22,2025-07,국내자사몰,24000.0,,1
2025-07-22,2025-07,국내자사몰,91900.0,,1
2025-07-22,2025-07,국내자사몰,20280.0,,1
2025-07-22,2025-07,국내자사몰,74960.0,,3
2025-07-22,2025-07,국내자사몰,50480.0,,1
2025-07-22,2025-07,국내자사몰,67280.0,,2
2025-07-22,2025-07,국내자사몰,42100.0,,1
2025-07-22,2025-07,국내자사몰,71280.0,,1
2025-07-22,2025-07,국내자사몰,115380.0,,2
2025-07-22,2025-07,국내자사몰,47280.0,,1
2025-07-22,2025-07,국내자사몰,65840.0,,2
2025-07-22,2025-07,국내자사몰,124380.0,,2
2025-07-22,2025-07,해외자사몰,142100.0,98.0,1
2025-07-22,2025-07,해외자사몰,134850.0,93.0,1
2025-07-22,2025-07,해외자사몰,327700.0,226.0,5
2025-07-22,2025-07,해외자사몰,619715.5,427.39,11
2025-07-22,2025-07,해외자사몰,190240.0,131.2,2
2025-07-23,2025-07,국내자사몰,120800.0,,2
2025-07-23,2025-07,국내자사몰,75735.0,,1
2025-07-23,2025-07,국내자사몰,47730.0,,1
2025-07-23,2025-07,국내자사몰,109980.0,,2
2025-07-23,2025-07,국내자사몰,82710.0,,1
2025-07-23,2025-07,국내자사몰,50900.0,,1
2025-07-23,2025-07,국내자사몰,56790.0,,1
2025-07-23,2025-07,국내자사몰,53190.0,,1
2025-07-23,2025-07,국내자사몰,82710.0,,1
2025-07-23,2025-07,국내자사몰,82710.0,,1
2025-07-23,2025-07,국내자사몰,34280.0,,1
2025-07-23,2025-07,국내자사몰,73520.0,,1
2025-07-23,2025-07,국내자사몰,80190.0,,1
2025-07-23,2025-07,국내자사몰,82710.0,,1
2025-07-23,2025-07,국내자사몰,73520.0,,1
2025-07-23,2025-07,국내자사몰,74280.0,,1
2025-07-23,2025-07,국내자사몰,56790.0,,1
2025-07-23,2025-07,국내자사몰,73520.0,,1
2025-07-23,2025-07,국내자사몰,71280.0,,1
2025-07-23,2025-07,국내자사몰,70290.0,,2
2025-07-23,2025-07,국내자사몰,196400.0,,6
2025-07-23,2025-07,국내자사몰,115100.0,,1
2025-07-23,2025-07,국내자사몰,42100.0,,1
2025-07-23,2025-07,국내자사몰,86293.0,,1
2025-07-23,2025-07,국내자사몰,47280.0,,1
2025-07-23,2025-07,국내자사몰,71280.0,,1
2025-07-23,2025-07,국내자사몰,53190.0,,1
2025-07-23,2025-07,국내자사몰,82710.0,,1
2025-07-23,2025-07,국내자사몰,58590.0,,1
2025-07-23,2025-07,국내자사몰,84645.0,,1
2025-07-23,2025-07,국내자사몰,80190.0,,1
2025-07-23,2025-07,해외자사몰,142100.0,98.0,1
2025-07-23,2025-07,해외자사몰,186180.0,128.4,2
2025-07-23,2025-07,해외자사몰,156310.0,107.8,2
2025-07-23,2025-07,해외자사몰,526350.0,363.0,5
2025-07-23,2025-07,해외자사몰,448630.0,309.4,7
2025-07-23,2025-07,해외자사몰,350755.0,241.9,8
2025-07-23,2025-07,해외자사몰,131515.0,90.7,1
2025-07-24,2025-07,국내자사몰,121760.0,,2
2025-07-24,2025-07,국내자사몰,53190.0,,1
2025-07-24,2025-07,국내자사몰,50940.0,,1
2025-07-24,2025-07,국내자사몰,53190.0,,1
2025-07-24,2025-07,국내자사몰,56850.0,,1
2025-07-24,2025-07,국내자사몰,103360.0,,3
2025-07-24,2025-07,국내자사몰,82710.0,,1
2025-07-24,2025-07,국내자사몰,62560.0,,2
2025-07-24,2025-07,국내자사몰,47280.0,,1
2025-07-24,2025-07,국내자사몰,162520.0,,2
2025-07-24,2025-07,국내자사몰,134400.0,,4
2025-07-24,2025-07,국내자사몰,58590.0,,1
2025-07-24,2025-07,국내자사몰,189900.0,,2
2025-07-24,2025-07,국내자사몰,73520.0,,1
2025-07-24,2025-07,국내자사몰,89100.0,,1
2025-07-24,2025-07,국내자사몰,143280.0,,4
2025-07-24,2025-07,국내자사몰,91900.0,,1
2025-07-24,2025-07,국내자사몰,51795.0,,1
2025-07-24,2025-07,국내자사몰,50480.0,,1
2025-07-24,2025-07,국내자사몰,38190.0,,1
2025-07-24,2025-07,국내자사몰,131070.0,,2
2025-07-24,2025-07,국내자사몰,34280.0,,1
2025-07-24,2025-07,국내자사몰,53190.0,,1
2025-07-24,2025-07,국내자사몰,64080.0,,2
2025-07-24,2025-07,국내자사몰,82710.0,,1
2025-07-24,2025-07,국내자사몰,65100.0,,1
2025-07-24,2025-07,국내자사몰,50235.0,,1
2025-07-24,2025-07,국내자사몰,97760.0,,2
2025-07-24,2025-07,국내자사몰,53635.0,,1
2025-07-24,2025-07,국내자사몰,103968.0,,1
2025-07-24,2025-07,국내자사몰,82710.0,,1
2025-07-24,2025-07,국내자사몰,78170.0,,1
2025-07-24,2025-07,해외자사몰,143550.0,99.0,1
2025-07-24,2025-07,해외자사몰,439625.5,303.19,9
2025-07-24,2025-07,해외자사몰,201550.0,139.0,2
2025-07-24,2025-07,해외자사몰,179800.0,124.0,3
2025-07-24,2025-07,해외자사몰,213150.0,147.0,2
2025-07-24,2025-07,해외자사몰,218892.0,150.96,4
2025-07-24,2025-07,해외자사몰,147030.0,101.4,2
2025-07-24,2025-07,해외자사몰,136300.0,94.0,1
2025-07-24,2025-07,해외자사몰,101500.0,70.0,1
2025-07-24,2025-07,해외자사몰,138040.0,95.2,2
2025-07-24,2025-07,해외자사몰,136300.0,94.0,1
2025-07-25,2025-07,국내자사몰,73520.0,,1
2025-07-25,2025-07,국내자사몰,91900.0,,1
2025-07-25,2025-07,국내자사몰,59100.0,,1
2025-07-25,2025-07,국내자사몰,56790.0,,1
2025-07-25,2025-07,국내자사몰,37560.0,,2
2025-07-25,2025-07,국내자사몰,58590.0,,1
2025-07-25,2025-07,국내자사몰,59100.0,,1
2025-07-25,2025-07,국내자사몰,52080.0,,1
2025-07-25,2025-07,국내자사몰,55335.0,,1
2025-07-25,2025-07,국내자사몰,86900.0,,2
2025-07-25,2025-07,국내자사몰,178830.0,,3
2025-07-25,2025-07,국내자사몰,199520.0,,5
2025-07-25,2025-07,국내자사몰,91900.0,,1
2025-07-25,2025-07,국내자사몰,171889.0,,5
2025-07-25,2025-07,국내자사몰,547900.0,,9
2025-07-25,2025-07,국내자사몰,46080.0,,3
2025-07-25,2025-07,국내자사몰,91900.0,,1
2025-07-25,2025-07,국내자사몰,52080.0,,1
2025-07-25,2025-07,국내자사몰,70740.0,,2
2025-07-25,2025-07,국내자사몰,59100.0,,1
2025-07-25,2025-07,국내자사몰,71280.0,,1
2025-07-25,2025-07,국내자사몰,71280.0,,1
2025-07-25,2025-07,국내자사몰,73520.0,,1
2025-07-25,2025-07,국내자사몰,79200.0,,1
2025-07-25,2025-07,해외자사몰,142100.0,98.0,1
2025-07-25,2025-07,해외자사몰,101500.0,70.0,1
2025-07-25,2025-07,해외자사몰,184150.0,127.0,2
2025-07-25,2025-07,해외자사몰,130210.0,89.8,3
2025-07-25,2025-07,해외자사몰,185484.0,127.92,3
2025-07-25,2025-07,해외자사몰,142100.0,98.0,1
2025-07-25,2025-07,해외자사몰,111795.0,77.1,1
2025-07-26,2025-07,국내자사몰,58590.0,,1
2025-07-26,2025-07,국내자사몰,139500.0,,2
2025-07-26,2025-07,국내자사몰,52080.0,,1
2025-07-26,2025-07,국내자사몰,59100.0,,1
2025-07-26,2025-07,국내자사몰,72800.0,,2
2025-07-26,2025-07,국내자사몰,81900.0,,2
2025-07-26,2025-07,국내자사몰,82710.0,,1
2025-07-26,2025-07,국내자사몰,142480.0,,2
2025-07-26,2025-07,국내자사몰,89100.0,,1
2025-07-26,2025-07,국내자사몰,82710.0,,1
2025-07-26,2025-07,국내자사몰,36235.0,,1
2025-07-26,2025-07,국내자사몰,52080.0,,1
2025-07-26,2025-07,국내자사몰,95280.0,,1
2025-07-26,2025-07,국내자사몰,337960.0,,6
2025-07-26,2025-07,국내자사몰,73457.0,,1
2025-07-26,2025-07,국내자사몰,63100.0,,1
2025-07-26,2025-07,해외자사몰,165445.0,114.1,3
2025-07-26,2025-07,해외자사몰,131515.0,90.7,1
2025-07-26,2025-07,해외자사몰,208510.00000000003,143.8,5
2025-07-26,2025-07,해외자사몰,226780.0,156.4,3
2025-07-26,2025-07,해외자사몰,174870.0,120.6,5
2025-07-26,2025-07,해외자사몰,342200.0,236.0,3
2025-07-27,2025-07,국내자사몰,88800.0,,2
2025-07-27,2025-07,국내자사몰,42100.0,,1
2025-07-27,2025-07,국내자사몰,21900.0,,1
2025-07-27,2025-07,국내자사몰,155280.0,,3
2025-07-27,2025-07,국내자사몰,75735.0,,1
2025-07-27,2025-07,국내자사몰,34280.0,,1
2025-07-27,2025-07,국내자사몰,82710.0,,1
2025-07-27,2025-07,국내자사몰,71280.0,,1
2025-07-27,2025-07,국내자사몰,80190.0,,1
2025-07-27,2025-07,국내자사몰,71280.0,,1
2025-07-27,2025-07,국내자사몰,44780.0,,1
2025-07-27,2025-07,국내자사몰,56790.0,,1
2025-07-27,2025-07,국내자사몰,58590.0,,1
2025-07-27,2025-07,국내자사몰,52080.0,,1
2025-07-27,2025-07,국내자사몰,56790.0,,1
2025-07-27,2025-07,국내자사몰,59100.0,,1
2025-07-27,2025-07,국내자사몰,107190.0,,1
2025-07-27,2025-07,국내자사몰,111780.0,,2
2025-07-27,2025-07,국내자사몰,71280.0,,1
2025-07-27,2025-07,국내자사몰,80190.0,,1
2025-07-27,2025-07,국내자사몰,71280.0,,1
2025-07-27,2025-07,국내자사몰,52080.0,,1
2025-07-27,2025-07,국내자사몰,47280.0,,1
2025-07-27,2025-07,국내자사몰,53190.0,,1
2025-07-27,2025-07,국내자사몰,47280.0,,1
2025-07-27,2025-07,국내자사몰,42100.0,,1
2025-07-27,2025-07,국내자사몰,100080.0,,1
2025-07-27,2025-07,국내자사몰,53190.0,,1
2025-07-27,2025-07,국내자사몰,79920.0,,2
2025-07-27,2025-07,국내자사몰,123480.0,,2
2025-07-27,2025-07,국내자사몰,174160.0,,5
2025-07-27,2025-07,국내자사몰,53190.0,,1
2025-07-27,2025-07,해외자사몰,148480.0,102.4,1
2025-07-27,2025-07,해외자사몰,136300.0,94.0,1
2025-07-27,2025-07,해외자사몰,207350.0,143.0,2
2025-07-27,2025-07,해외자사몰,131515.0,90.7,1
2025-07-27,2025-07,해외자사몰,142100.0,98.0,1
2025-07-27,2025-07,해외자사몰,205900.0,142.0,5
2025-07-27,2025-07,해외자사몰,142100.0,98.0,1
2025-07-27,2025-07,해외자사몰,131515.0,90.7,1
2025-07-28,2025-07,국내자사몰,75735.0,,1
2025-07-28,2025-07,국내자사몰,99360.0,,2
2025-07-28,2025-07,국내자사몰,38559.0,,1
2025-07-28,2025-07,국내자사몰,52080.0,,1
2025-07-28,2025-07,국내자사몰,71280.0,,1
2025-07-28,2025-07,국내자사몰,123660.0,,3
2025-07-28,2025-07,국내자사몰,73520.0,,1
2025-07-28,2025-07,국내자사몰,47280.0,,1
2025-07-28,2025-07,국내자사몰,71280.0,,1
2025-07-28,2025-07,국내자사몰,89100.0,,1
2025-07-28,2025-07,국내자사몰,78115.0,,1
2025-07-28,2025-07,국내자사몰,53190.0,,1
2025-07-28,2025-07,국내자사몰,50480.0,,1
2025-07-28,2025-07,국내자사몰,58590.0,,1
2025-07-28,2025-07,국내자사몰,82710.0,,1
2025-07-28,2025-07,국내자사몰,91900.0,,1
2025-07-28,2025-07,국내자사몰,52200.0,,2
2025-07-28,2025-07,국내자사몰,82710.0,,1
2025-07-28,2025-07,국내자사몰,75735.0,,1
2025-07-28,2025-07,국내자사몰,89100.0,,1
2025-07-28,2025-07,국내자사몰,63100.0,,1
2025-07-28,2025-07,국내자사몰,71280.0,,1
2025-07-28,2025-07,국내자사몰,56790.0,,1
2025-07-28,2025-07,국내자사몰,56790.0,,1
2025-07-28,2025-07,국내자사몰,50480.0,,1
2025-07-28,2025-07,국내자사몰,70380.0,,2
2025-07-28,2025-07,국내자사몰,47280.0,,1
2025-07-28,2025-07,국내자사몰,47280.0,,1
2025-07-28,2025-07,국내자사몰,47280.0,,1
2025-07-28,2025-07,국내자사몰,86080.0,,1
2025-07-28,2025-07,국내자사몰,58590.0,,1
2025-07-28,2025-07,국내자사몰,82710.0,,1
2025-07-28,2025-07,국내자사몰,53635.0,,1
2025-07-28,2025-07,국내자사몰,50235.0,,1
2025-07-28,2025-07,국내자사몰,160080.0,,2
2025-07-28,2025-07,국내자사몰,52080.0,,1
2025-07-28,2025-07,국내자사몰,102410.0,,2
2025-07-28,2025-07,국내자사몰,57680.0,,1
2025-07-28,2025-07,국내자사몰,52080.0,,1
2025-07-28,2025-07,국내자사몰,47280.0,,1
2025-07-28,2025-07,국내자사몰,59100.0,,1
2025-07-28,2025-07,국내자사몰,35160.0,,2
2025-07-28,2025-07,국내자사몰,47280.0,,1
2025-07-28,2025-07,국내자사몰,55335.0,,1
2025-07-28,2025-07,해외자사몰,124265.0,85.7,1
2025-07-28,2025-07,해외자사몰,52200.0,36.0,1
2025-07-28,2025-07,해외자사몰,131515.0,90.7,1
2025-07-28,2025-07,해외자사몰,163850.0,113.0,2
2025-07-28,2025-07,해외자사몰,416150.0,287.0,6
2025-07-28,2025-07,해외자사몰,346550.0,239.0,6
2025-07-28,2025-07,해외자사몰,205175.0,141.5,3
2025-07-28,2025-07,해외자사몰,233885.00000000003,161.3,3
2025-07-29,2025-07,국내자사몰,82710.0,,1
2025-07-29,2025-07,국내자사몰,71280.0,,1
2025-07-29,2025-07,국내자사몰,91900.0,,1
2025-07-29,2025-07,국내자사몰,73520.0,,1
2025-07-29,2025-07,국내자사몰,42100.0,,1
2025-07-29,2025-07,국내자사몰,73520.0,,1
2025-07-29,2025-07,국내자사몰,82710.0,,1
2025-07-29,2025-07,국내자사몰,55335.0,,1
2025-07-29,2025-07,국내자사몰,53190.0,,1
2025-07-29,2025-07,국내자사몰,82710.0,,1
2025-07-29,2025-07,국내자사몰,78115.0,,1
2025-07-29,2025-07,국내자사몰,73520.0,,1
2025-07-29,2025-07,국내자사몰,52080.0,,1
2025-07-29,2025-07,국내자사몰,47280.0,,1
2025-07-29,2025-07,국내자사몰,189409.0,,3
2025-07-29,2025-07,국내자사몰,47280.0,,1
2025-07-29,2025-07,국내자사몰,73520.0,,1
2025-07-29,2025-07,국내자사몰,78560.0,,2
2025-07-29,2025-07,국내자사몰,52080.0,,1
2025-07-29,2025-07,국내자사몰,91900.0,,1
2025-07-29,2025-07,국내자사몰,59100.0,,1
2025-07-29,2025-07,국내자사몰,58590.0,,1
2025-07-29,2025-07,국내자사몰,82710.0,,1
2025-07-29,2025-07,국내자사몰,78115.0,,1
2025-07-29,2025-07,국내자사몰,82710.0,,1
2025-07-29,2025-07,국내자사몰,47280.0,,1
2025-07-29,2025-07,국내자사몰,67276.0,,1
2025-07-29,2025-07,국내자사몰,36680.0,,2
2025-07-29,2025-07,국내자사몰,73520.0,,1
2025-07-29,2025-07,국내자사몰,58590.0,,1
2025-07-29,2025-07,국내자사몰,50235.0,,1
2025-07-29,2025-07,국내자사몰,139040.0,,3
2025-07-29,2025-07,국내자사몰,50480.0,,1
2025-07-29,2025-07,국내자사몰,80190.0,,1
2025-07-29,2025-07,국내자사몰,47280.0,,1
2025-07-29,2025-07,해외자사몰,148480.0,102.4,1
2025-07-29,2025-07,해외자사몰,195460.00000000003,134.8,2
2025-07-29,2025-07,해외자사몰,136300.0,94.0,1
2025-07-29,2025-07,해외자사몰,136300.0,94.0,1
2025-07-29,2025-07,해외자사몰,87000.0,60.0,1
2025-07-30,2025-07,국내자사몰,146518.0,,5
2025-07-30,2025-07,국내자사몰,82710.0,,1
2025-07-30,2025-07,국내자사몰,53190.0,,1
2025-07-30,2025-07,국내자사몰,91900.0,,1
2025-07-30,2025-07,국내자사몰,80190.0,,1
2025-07-30,2025-07,국내자사몰,50480.0,,1
2025-07-30,2025-07,국내자사몰,88982.0,,1
2025-07-30,2025-07,국내자사몰,94560.0,,2
2025-07-30,2025-07,국내자사몰,287840.0,,5
2025-07-30,2025-07,국내자사몰,113985.0,,2
2025-07-30,2025-07,국내자사몰,53190.0,,1
2025-07-30,2025-07,국내자사몰,59100.0,,1
2025-07-30,2025-07,국내자사몰,139360.0,,3
2025-07-30,2025-07,국내자사몰,243185.0,,2
2025-07-30,2025-07,국내자사몰,52080.0,,1
2025-07-30,2025-07,국내자사몰,91900.0,,1
2025-07-30,2025-07,국내자사몰,45360.0,,1
2025-07-30,2025-07,국내자사몰,124080.0,,3
2025-07-30,2025-07,국내자사몰,135900.0,,2
2025-07-30,2025-07,국내자사몰,59100.0,,1
2025-07-30,2025-07,국내자사몰,73520.0,,1
2025-07-30,2025-07,국내자사몰,24100.0,,1
2025-07-30,2025-07,국내자사몰,50235.0,,1
2025-07-30,2025-07,국내자사몰,50480.0,,1
2025-07-30,2025-07,국내자사몰,53190.0,,1
2025-07-30,2025-07,해외자사몰,165300.0,114.0,1
2025-07-30,2025-07,해외자사몰,150437.5,103.75,2
2025-07-30,2025-07,해외자사몰,340315.0,234.7,5
2025-07-30,2025-07,해외자사몰,156310.0,107.8,2
2025-07-30,2025-07,해외자사몰,131515.0,90.7,1
2025-07-30,2025-07,해외자사몰,131515.0,90.7,1
2025-07-30,2025-07,해외자사몰,126295.0,87.1,1
2025-07-31,2025-07,국내자사몰,50235.0,,1
2025-07-31,2025-07,국내자사몰,62190.0,,1
2025-07-31,2025-07,국내자사몰,74220.0,,1
2025-07-31,2025-07,국내자사몰,69100.0,,1
2025-07-31,2025-07,국내자사몰,81515.0,,1
2025-07-31,2025-07,국내자사몰,59100.0,,1
2025-07-31,2025-07,국내자사몰,46800.0,,2
2025-07-31,2025-07,국내자사몰,80190.0,,1
2025-07-31,2025-07,국내자사몰,81515.0,,1
2025-07-31,2025-07,국내자사몰,59100.0,,1
2025-07-31,2025-07,국내자사몰,86310.0,,1
2025-07-31,2025-07,국내자사몰,91900.0,,1
2025-07-31,2025-07,국내자사몰,82710.0,,1
2025-07-31,2025-07,국내자사몰,100080.0,,1
2025-07-31,2025-07,국내자사몰,97760.0,,2
2025-07-31,2025-07,국내자사몰,101987.0,,2
2025-07-31,2025-07,국내자사몰,54900.0,,2
2025-07-31,2025-07,국내자사몰,53190.0,,1
2025-07-31,2025-07,국내자사몰,47280.0,,1
2025-07-31,2025-07,국내자사몰,53190.0,,1
2025-07-31,2025-07,국내자사몰,89100.0,,1
2025-07-31,2025-07,국내자사몰,47280.0,,1
2025-07-31,2025-07,국내자사몰,53190.0,,1
2025-07-31,2025-07,국내자사몰,73520.0,,1
2025-07-31,2025-07,국내자사몰,78115.0,,1
2025-07-31,2025-07,국내자사몰,47280.0,,1
2025-07-31,2025-07,국내자사몰,71280.0,,1
2025-07-31,2025-07,국내자사몰,48510.0,,1
2025-07-31,2025-07,해외자사몰,149350.0,103.0,1
2025-07-31,2025-07,해외자사몰,149350.0,103.0,1
2025-07-31,2025-07,해외자사몰,807650.0,557.0,11
2025-08-01,2025-08,국내자사몰,86490.0,,1
2025-08-01,2025-08,국내자사몰,86490.0,,1
2025-08-01,2025-08,국내자사몰,76880.0,,1
2025-08-01,2025-08,국내자사몰,59100.0,,1
2025-08-01,2025-08,국내자사몰,47280.0,,1
2025-08-01,2025-08,국내자사몰,50215.0,,1
2025-08-01,2025-08,국내자사몰,47280.0,,1
2025-08-01,2025-08,국내자사몰,45360.0,,1
2025-08-01,2025-08,국내자사몰,79154.0,,2
2025-08-01,2025-08,국내자사몰,50235.0,,1
2025-08-01,2025-08,국내자사몰,81315.0,,3
2025-08-01,2025-08,국내자사몰,86490.0,,1
2025-08-01,2025-08,국내자사몰,120965.0,,1
2025-08-01,2025-08,국내자사몰,47280.0,,1
2025-08-01,2025-08,국내자사몰,38040.0,,2
2025-08-01,2025-08,국내자사몰,47280.0,,1
2025-08-01,2025-08,국내자사몰,96100.0,,1
2025-08-01,2025-08,국내자사몰,49200.0,,1
2025-08-01,2025-08,국내자사몰,53190.0,,1
2025-08-01,2025-08,국내자사몰,47280.0,,1
2025-08-01,2025-08,국내자사몰,86310.0,,1
2025-08-01,2025-08,국내자사몰,47280.0,,1
2025-08-01,2025-08,국내자사몰,59100.0,,1
2025-08-01,2025-08,국내자사몰,71280.0,,1
2025-08-01,2025-08,국내자사몰,108240.0,,2
2025-08-01,2025-08,국내자사몰,51030.0,,1
2025-08-01,2025-08,국내자사몰,72800.0,,2
2025-08-01,2025-08,국내자사몰,128240.0,,2
2025-08-01,2025-08,국내자사몰,47280.0,,1
2025-08-01,2025-08,해외자사몰,194300.0,134.0,4
2025-08-01,2025-08,해외자사몰,139200.0,96.0,1
2025-08-02,2025-08,국내자사몰,47280.0,,1
2025-08-02,2025-08,국내자사몰,53190.0,,1
2025-08-02,2025-08,국내자사몰,96100.0,,1
2025-08-02,2025-08,국내자사몰,34280.0,,1
2025-08-02,2025-08,국내자사몰,64800.0,,2
2025-08-02,2025-08,국내자사몰,86490.0,,1
2025-08-02,2025-08,국내자사몰,96100.0,,1
2025-08-02,2025-08,국내자사몰,85340.0,,2
2025-08-02,2025-08,국내자사몰,94520.0,,2
2025-08-02,2025-08,국내자사몰,120960.0,,2
2025-08-02,2025-08,국내자사몰,47280.0,,1
2025-08-02,2025-08,국내자사몰,139680.0,,2
2025-08-02,2025-08,국내자사몰,55280.0,,1
2025-08-02,2025-08,국내자사몰,59100.0,,1
2025-08-02,2025-08,국내자사몰,20280.0,,1
2025-08-02,2025-08,국내자사몰,86490.0,,1
2025-08-02,2025-08,국내자사몰,53190.0,,1
2025-08-02,2025-08,국내자사몰,47280.0,,1
2025-08-02,2025-08,국내자사몰,74885.0,,2
2025-08-02,2025-08,국내자사몰,86490.0,,1
2025-08-02,2025-08,국내자사몰,73680.0,,1
2025-08-02,2025-08,국내자사몰,202480.0,,2
2025-08-02,2025-08,국내자사몰,50235.0,,1
2025-08-02,2025-08,국내자사몰,53190.0,,1
2025-08-02,2025-08,국내자사몰,50235.0,,1
2025-08-02,2025-08,국내자사몰,53190.0,,1
2025-08-02,2025-08,국내자사몰,86490.0,,1
2025-08-02,2025-08,국내자사몰,47280.0,,1
2025-08-02,2025-08,국내자사몰,128800.0,,1
2025-08-02,2025-08,국내자사몰,108122.0,,4
2025-08-02,2025-08,해외자사몰,258245.0,178.1,3
2025-08-02,2025-08,해외자사몰,138765.0,95.7,1
2025-08-02,2025-08,해외자사몰,149350.0,103.0,1
2025-08-02,2025-08,해외자사몰,149350.0,103.0,1
2025-08-02,2025-08,해외자사몰,141665.0,97.7,2
2025-08-03,2025-08,국내자사몰,56800.0,,2
2025-08-03,2025-08,국내자사몰,47280.0,,1
2025-08-03,2025-08,국내자사몰,81685.0,,1
2025-08-03,2025-08,국내자사몰,53190.0,,1
2025-08-03,2025-08,국내자사몰,81685.0,,1
2025-08-03,2025-08,국내자사몰,47280.0,,1
2025-08-03,2025-08,국내자사몰,139680.0,,2
2025-08-03,2025-08,국내자사몰,50235.0,,1
2025-08-03,2025-08,국내자사몰,53190.0,,1
2025-08-03,2025-08,국내자사몰,47280.0,,1
2025-08-03,2025-08,국내자사몰,126480.0,,2
2025-08-03,2025-08,국내자사몰,59100.0,,1
2025-08-03,2025-08,국내자사몰,55280.0,,1
2025-08-03,2025-08,국내자사몰,87495.0,,1
2025-08-03,2025-08,국내자사몰,59100.0,,1
2025-08-03,2025-08,국내자사몰,53190.0,,1
2025-08-03,2025-08,국내자사몰,36235.0,,1
2025-08-03,2025-08,국내자사몰,124160.0,,2
2025-08-03,2025-08,국내자사몰,139680.0,,2
2025-08-03,2025-08,국내자사몰,77310.0,,2
2025-08-03,2025-08,국내자사몰,47280.0,,1
2025-08-03,2025-08,국내자사몰,53190.0,,1
2025-08-03,2025-08,해외자사몰,226983.0,156.54,2
2025-08-03,2025-08,해외자사몰,217500.0,150.0,2
2025-08-03,2025-08,해외자사몰,138765.0,95.7,1
2025-08-04,2025-08,국내자사몰,76880.0,,1
2025-08-04,2025-08,국내자사몰,75870.0,,2
2025-08-04,2025-08,국내자사몰,19800.0,,1
2025-08-04,2025-08,국내자사몰,47280.0,,1
2025-08-04,2025-08,국내자사몰,47280.0,,1
2025-08-04,2025-08,국내자사몰,59100.0,,1
2025-08-04,2025-08,국내자사몰,53190.0,,1
2025-08-04,2025-08,국내자사몰,53190.0,,1
2025-08-04,2025-08,국내자사몰,96100.0,,1
2025-08-04,2025-08,국내자사몰,53190.0,,1
2025-08-04,2025-08,국내자사몰,18120.0,,1
2025-08-04,2025-08,국내자사몰,50235.0,,1
2025-08-04,2025-08,국내자사몰,65430.0,,3
2025-08-04,2025-08,국내자사몰,76880.0,,1
2025-08-04,2025-08,국내자사몰,47280.0,,1
2025-08-04,2025-08,국내자사몰,47280.0,,1
2025-08-04,2025-08,국내자사몰,40145.0,,1
2025-08-04,2025-08,해외자사몰,146450.0,101.0,1
2025-08-04,2025-08,해외자사몰,138765.0,95.7,1
2025-08-04,2025-08,해외자사몰,149350.0,103.0,1
2025-08-04,2025-08,해외자사몰,114550.0,79.0,1
2025-08-05,2025-08,국내자사몰,71190.0,,2
2025-08-05,2025-08,국내자사몰,62203.0,,2
2025-08-05,2025-08,국내자사몰,72486.0,,1
2025-08-05,2025-08,국내자사몰,51728.0,,2
2025-08-05,2025-08,국내자사몰,19800.0,,1
2025-08-05,2025-08,국내자사몰,37880.0,,1
2025-08-05,2025-08,국내자사몰,60291.0,,2
2025-08-05,2025-08,국내자사몰,53460.0,,1
2025-08-05,2025-08,국내자사몰,106106.0,,2
2025-08-05,2025-08,국내자사몰,192320.0,,3
2025-08-05,2025-08,국내자사몰,42768.0,,1
2025-08-05,2025-08,국내자사몰,61560.0,,1
2025-08-05,2025-08,국내자사몰,89120.0,,1
2025-08-05,2025-08,국내자사몰,32500.0,,1
2025-08-05,2025-08,국내자사몰,40000.0,,2
2025-08-05,2025-08,국내자사몰,500090.0,,5
2025-08-05,2025-08,국내자사몰,108405.0,,3
2025-08-05,2025-08,국내자사몰,176500.0,,4
2025-08-05,2025-08,국내자사몰,53460.0,,1
2025-08-05,2025-08,국내자사몰,78030.0,,1
2025-08-05,2025-08,국내자사몰,30440.0,,1
2025-08-05,2025-08,국내자사몰,130100.0,,3
2025-08-05,2025-08,국내자사몰,34500.0,,1
2025-08-05,2025-08,국내자사몰,28075.0,,1
2025-08-05,2025-08,국내자사몰,241584.0,,4
2025-08-05,2025-08,국내자사몰,82620.0,,1
2025-08-05,2025-08,국내자사몰,127900.0,,2
2025-08-05,2025-08,국내자사몰,53190.0,,1
2025-08-05,2025-08,국내자사몰,53190.0,,1
2025-08-05,2025-08,국내자사몰,42000.0,,1
2025-08-05,2025-08,국내자사몰,34280.0,,1
2025-08-05,2025-08,국내자사몰,48870.0,,2
2025-08-05,2025-08,국내자사몰,128800.0,,1
2025-08-05,2025-08,국내자사몰,53190.0,,1
2025-08-05,2025-08,국내자사몰,42990.0,,1
2025-08-05,2025-08,국내자사몰,55272.0,,1
2025-08-05,2025-08,해외자사몰,111795.0,77.1,1
2025-08-05,2025-08,해외자사몰,131950.0,91.0,1
2025-08-05,2025-08,해외자사몰,121800.0,84.0,1
2025-08-05,2025-08,해외자사몰,138765.0,95.7,1
2025-08-05,2025-08,해외자사몰,111650.0,77.0,1
2025-08-05,2025-08,해외자사몰,111650.0,77.0,1
2025-08-06,2025-08,국내자사몰,29460.0,,1
2025-08-06,2025-08,국내자사몰,88722.0,,1
2025-08-06,2025-08,국내자사몰,51410.0,,1
2025-08-06,2025-08,국내자사몰,78030.0,,1
2025-08-06,2025-08,국내자사몰,110656.0,,3
2025-08-06,2025-08,국내자사몰,38721.0,,1
2025-08-06,2025-08,국내자사몰,67575.0,,1
2025-08-06,2025-08,국내자사몰,58152.0,,2
2025-08-06,2025-08,국내자사몰,569648.0,,10
2025-08-06,2025-08,국내자사몰,31050.0,,1
2025-08-06,2025-08,국내자사몰,47280.0,,1
2025-08-06,2025-08,국내자사몰,48114.0,,1
2025-08-06,2025-08,국내자사몰,42624.0,,2
2025-08-06,2025-08,국내자사몰,61585.0,,1
2025-08-06,2025-08,국내자사몰,17440.0,,1
2025-08-06,2025-08,국내자사몰,93908.0,,2
2025-08-06,2025-08,국내자사몰,52000.0,,2
2025-08-06,2025-08,국내자사몰,50700.0,,1
2025-08-06,2025-08,국내자사몰,48114.0,,1
2025-08-06,2025-08,국내자사몰,82620.0,,1
2025-08-06,2025-08,국내자사몰,56250.0,,2
2025-08-06,2025-08,국내자사몰,65075.0,,2
2025-08-06,2025-08,국내자사몰,42690.0,,1
2025-08-06,2025-08,국내자사몰,73440.0,,1
2025-08-06,2025-08,국내자사몰,42768.0,,1
2025-08-06,2025-08,국내자사몰,70080.0,,1
2025-08-06,2025-08,국내자사몰,209714.0,,5
2025-08-06,2025-08,국내자사몰,71600.0,,3
2025-08-06,2025-08,국내자사몰,81110.0,,2
2025-08-06,2025-08,국내자사몰,69100.0,,1
2025-08-06,2025-08,국내자사몰,34752.0,,1
2025-08-06,2025-08,국내자사몰,131490.0,,2
2025-08-06,2025-08,국내자사몰,53190.0,,1
2025-08-06,2025-08,국내자사몰,48400.0,,1
2025-08-06,2025-08,국내자사몰,73920.0,,1
2025-08-06,2025-08,국내자사몰,92400.0,,1
2025-08-06,2025-08,국내자사몰,38190.0,,1
2025-08-06,2025-08,국내자사몰,22710.0,,1
2025-08-06,2025-08,국내자사몰,115748.0,,3
2025-08-06,2025-08,국내자사몰,48114.0,,1
2025-08-06,2025-08,국내자사몰,79032.0,,2
2025-08-06,2025-08,국내자사몰,74520.0,,2
2025-08-06,2025-08,국내자사몰,73440.0,,1
2025-08-06,2025-08,국내자사몰,43699.0,,1
2025-08-06,2025-08,국내자사몰,22720.0,,1
2025-08-06,2025-08,국내자사몰,129170.0,,3
2025-08-06,2025-08,국내자사몰,154170.0,,2
2025-08-06,2025-08,해외자사몰,198534.0,136.92,4
2025-08-06,2025-08,해외자사몰,169360.0,116.8,2
2025-08-06,2025-08,해외자사몰,136300.0,94.0,1
2025-08-06,2025-08,해외자사몰,136300.0,94.0,1
2025-08-06,2025-08,해외자사몰,89900.0,62.0,1
2025-08-07,2025-08,국내자사몰,48114.0,,1
2025-08-07,2025-08,국내자사몰,244288.0,,5
2025-08-07,2025-08,국내자사몰,305360.0,,5
2025-08-07,2025-08,국내자사몰,99810.0,,2
2025-08-07,2025-08,국내자사몰,92400.0,,1
2025-08-07,2025-08,국내자사몰,71168.0,,2
2025-08-07,2025-08,국내자사몰,73440.0,,1
2025-08-07,2025-08,국내자사몰,66600.0,,1
2025-08-07,2025-08,국내자사몰,78030.0,,1
2025-08-07,2025-08,국내자사몰,85860.0,,1
2025-08-07,2025-08,국내자사몰,233320.0,,4
2025-08-07,2025-08,국내자사몰,132090.0,,2
2025-08-07,2025-08,국내자사몰,82620.0,,1
2025-08-07,2025-08,국내자사몰,49283.0,,1
2025-08-07,2025-08,국내자사몰,82620.0,,1
2025-08-07,2025-08,국내자사몰,50235.0,,1
2025-08-07,2025-08,국내자사몰,43437.0,,3
2025-08-07,2025-08,국내자사몰,53460.0,,1
2025-08-07,2025-08,국내자사몰,135200.0,,1
2025-08-07,2025-08,국내자사몰,83160.0,,1
2025-08-07,2025-08,국내자사몰,81979.0,,4
2025-08-07,2025-08,국내자사몰,22720.0,,1
2025-08-07,2025-08,국내자사몰,67576.0,,2
2025-08-07,2025-08,국내자사몰,132090.0,,2
2025-08-07,2025-08,국내자사몰,48114.0,,1
2025-08-07,2025-08,국내자사몰,48114.0,,1
2025-08-07,2025-08,국내자사몰,82620.0,,1
2025-08-07,2025-08,국내자사몰,106335.0,,2
2025-08-07,2025-08,국내자사몰,61710.0,,2
2025-08-07,2025-08,국내자사몰,45441.0,,1
2025-08-07,2025-08,국내자사몰,38721.0,,1
2025-08-07,2025-08,국내자사몰,112434.0,,2
2025-08-07,2025-08,국내자사몰,89897.0,,3
2025-08-07,2025-08,국내자사몰,53190.0,,1
2025-08-07,2025-08,국내자사몰,45630.0,,1
2025-08-07,2025-08,국내자사몰,41128.0,,1
2025-08-07,2025-08,국내자사몰,137040.0,,2
2025-08-07,2025-08,국내자사몰,45441.0,,1
2025-08-07,2025-08,국내자사몰,16650.0,,1
2025-08-07,2025-08,국내자사몰,49085.0,,1
2025-08-07,2025-08,국내자사몰,40560.0,,1
2025-08-07,2025-08,국내자사몰,67160.0,,2
2025-08-07,2025-08,해외자사몰,210902.5,145.45,3
2025-08-07,2025-08,해외자사몰,136300.0,94.0,1
2025-08-07,2025-08,해외자사몰,161457.5,111.35,2
2025-08-07,2025-08,해외자사몰,139200.0,96.0,1
2025-08-07,2025-08,해외자사몰,350900.0,242.0,3
2025-08-07,2025-08,해외자사몰,136300.0,94.0,1
2025-08-07,2025-08,해외자사몰,146450.0,101.0,1
2025-08-07,2025-08,해외자사몰,139200.0,96.0,1
2025-08-08,2025-08,국내자사몰,83160.0,,1
2025-08-08,2025-08,국내자사몰,48114.0,,1
2025-08-08,2025-08,국내자사몰,105672.0,,2
2025-08-08,2025-08,국내자사몰,152552.0,,4
2025-08-08,2025-08,국내자사몰,64017.0,,2
2025-08-08,2025-08,국내자사몰,53460.0,,1
2025-08-08,2025-08,국내자사몰,137424.0,,3
2025-08-08,2025-08,국내자사몰,42768.0,,1
2025-08-08,2025-08,국내자사몰,38721.0,,1
2025-08-08,2025-08,국내자사몰,53190.0,,1
2025-08-08,2025-08,국내자사몰,32700.0,,1
2025-08-08,2025-08,국내자사몰,42768.0,,1
2025-08-08,2025-08,국내자사몰,23805.0,,1
2025-08-08,2025-08,국내자사몰,73920.0,,1
2025-08-08,2025-08,국내자사몰,48114.0,,1
2025-08-08,2025-08,국내자사몰,76320.0,,1
2025-08-08,2025-08,국내자사몰,91800.0,,1
2025-08-08,2025-08,국내자사몰,46600.0,,1
2025-08-08,2025-08,국내자사몰,76401.0,,1
2025-08-08,2025-08,국내자사몰,260649.0,,5
2025-08-08,2025-08,국내자사몰,155093.0,,3
2025-08-08,2025-08,국내자사몰,42768.0,,1
2025-08-08,2025-08,국내자사몰,173145.0,,2
2025-08-08,2025-08,국내자사몰,92400.0,,1
2025-08-08,2025-08,국내자사몰,38190.0,,1
2025-08-08,2025-08,국내자사몰,118881.0,,2
2025-08-08,2025-08,국내자사몰,132090.0,,2
2025-08-08,2025-08,국내자사몰,29439.0,,1
2025-08-08,2025-08,국내자사몰,73440.0,,1
2025-08-08,2025-08,국내자사몰,34280.0,,1
2025-08-08,2025-08,국내자사몰,112277.0,,2
2025-08-08,2025-08,국내자사몰,54480.0,,3
2025-08-08,2025-08,국내자사몰,121880.0,,4
2025-08-08,2025-08,국내자사몰,73920.0,,1
2025-08-08,2025-08,국내자사몰,62480.0,,2
2025-08-08,2025-08,국내자사몰,44040.0,,1
2025-08-08,2025-08,국내자사몰,181485.0,,4
2025-08-08,2025-08,국내자사몰,81680.0,,2
2025-08-08,2025-08,국내자사몰,48114.0,,1
2025-08-08,2025-08,국내자사몰,29100.0,,1
2025-08-08,2025-08,국내자사몰,45441.0,,2
2025-08-08,2025-08,국내자사몰,34950.0,,1
2025-08-08,2025-08,국내자사몰,134385.0,,2
2025-08-08,2025-08,국내자사몰,53460.0,,1
2025-08-08,2025-08,국내자사몰,78540.0,,1
2025-08-08,2025-08,국내자사몰,83160.0,,1
2025-08-08,2025-08,국내자사몰,34752.0,,1
2025-08-08,2025-08,국내자사몰,82620.0,,1
2025-08-08,2025-08,국내자사몰,34752.0,,1
2025-08-08,2025-08,국내자사몰,91800.0,,1
2025-08-08,2025-08,해외자사몰,128905.0,88.9,1
2025-08-08,2025-08,해외자사몰,136300.0,94.0,1
2025-08-08,2025-08,해외자사몰,145087.0,100.06,3
2025-08-08,2025-08,해외자사몰,207350.0,143.0,2
2025-08-08,2025-08,해외자사몰,149350.0,103.0,2
2025-08-09,2025-08,국내자사몰,82620.0,,1
2025-08-09,2025-08,국내자사몰,98915.0,,2
2025-08-09,2025-08,국내자사몰,63600.0,,1
2025-08-09,2025-08,국내자사몰,73920.0,,1
2025-08-09,2025-08,국내자사몰,83160.0,,1
2025-08-09,2025-08,국내자사몰,49032.0,,1
2025-08-09,2025-08,국내자사몰,53635.0,,1
2025-08-09,2025-08,국내자사몰,56790.0,,1
2025-08-09,2025-08,국내자사몰,42240.0,,1
2025-08-09,2025-08,국내자사몰,135200.0,,1
2025-08-09,2025-08,국내자사몰,112277.0,,2
2025-08-09,2025-08,국내자사몰,48114.0,,1
2025-08-09,2025-08,국내자사몰,83160.0,,1
2025-08-09,2025-08,국내자사몰,47280.0,,1
2025-08-09,2025-08,국내자사몰,48114.0,,1
2025-08-09,2025-08,국내자사몰,59200.0,,1
2025-08-09,2025-08,국내자사몰,48114.0,,1
2025-08-09,2025-08,국내자사몰,53190.0,,1
2025-08-09,2025-08,국내자사몰,43699.0,,1
2025-08-09,2025-08,국내자사몰,48114.0,,1
2025-08-09,2025-08,국내자사몰,118881.0,,2
2025-08-09,2025-08,국내자사몰,71975.0,,2
2025-08-09,2025-08,국내자사몰,73920.0,,1
2025-08-09,2025-08,국내자사몰,53190.0,,1
2025-08-09,2025-08,국내자사몰,78030.0,,1
2025-08-09,2025-08,국내자사몰,66600.0,,1
2025-08-09,2025-08,국내자사몰,135200.0,,1
2025-08-09,2025-08,국내자사몰,89154.0,,2
2025-08-09,2025-08,국내자사몰,40095.0,,1
2025-08-09,2025-08,국내자사몰,119190.0,,2
2025-08-09,2025-08,국내자사몰,152240.0,,2
2025-08-09,2025-08,국내자사몰,42690.0,,1
2025-08-09,2025-08,국내자사몰,92400.0,,1
2025-08-09,2025-08,국내자사몰,177968.0,,2
2025-08-09,2025-08,국내자사몰,48114.0,,1
2025-08-09,2025-08,국내자사몰,85065.0,,2
2025-08-09,2025-08,국내자사몰,112277.0,,2
2025-08-09,2025-08,국내자사몰,73440.0,,1
2025-08-09,2025-08,국내자사몰,55280.0,,1
2025-08-09,2025-08,국내자사몰,69100.0,,1
2025-08-09,2025-08,국내자사몰,76886.0,,1
2025-08-09,2025-08,해외자사몰,155005.0,106.9,2
2025-08-09,2025-08,해외자사몰,224300.5,154.69,4
2025-08-09,2025-08,해외자사몰,126295.0,87.1,1
2025-08-09,2025-08,해외자사몰,139200.0,96.0,1
2025-08-09,2025-08,해외자사몰,155150.0,107.0,2
2025-08-10,2025-08,국내자사몰,73440.0,,1
2025-08-10,2025-08,국내자사몰,82620.0,,1
2025-08-10,2025-08,국내자사몰,83160.0,,1
2025-08-10,2025-08,국내자사몰,73440.0,,1
2025-08-10,2025-08,국내자사몰,29730.0,,1
2025-08-10,2025-08,국내자사몰,92400.0,,1
2025-08-10,2025-08,국내자사몰,55280.0,,1
2025-08-10,2025-08,국내자사몰,55280.0,,1
2025-08-10,2025-08,국내자사몰,109710.0,,2
2025-08-10,2025-08,국내자사몰,47280.0,,1
2025-08-10,2025-08,국내자사몰,48114.0,,1
2025-08-10,2025-08,국내자사몰,97120.0,,2
2025-08-10,2025-08,국내자사몰,48114.0,,1
2025-08-10,2025-08,국내자사몰,77814.0,,2
2025-08-10,2025-08,국내자사몰,82620.0,,1
2025-08-10,2025-08,국내자사몰,53460.0,,1
2025-08-10,2025-08,국내자사몰,152100.0,,1
2025-08-10,2025-08,국내자사몰,75525.0,,1
2025-08-10,2025-08,국내자사몰,111780.0,,3
2025-08-10,2025-08,국내자사몰,47280.0,,1
2025-08-10,2025-08,국내자사몰,53460.0,,1
2025-08-10,2025-08,국내자사몰,68368.0,,2
2025-08-10,2025-08,국내자사몰,71568.0,,3
2025-08-10,2025-08,국내자사몰,46260.0,,2
2025-08-10,2025-08,국내자사몰,95400.0,,1
2025-08-10,2025-08,국내자사몰,48114.0,,1
2025-08-10,2025-08,국내자사몰,59100.0,,1
2025-08-10,2025-08,국내자사몰,53460.0,,1
2025-08-10,2025-08,국내자사몰,118881.0,,2
2025-08-10,2025-08,국내자사몰,80325.0,,1
2025-08-10,2025-08,국내자사몰,28075.0,,1
2025-08-10,2025-08,국내자사몰,112860.0,,2
2025-08-10,2025-08,국내자사몰,107190.0,,2
2025-08-10,2025-08,국내자사몰,118881.0,,2
2025-08-10,2025-08,국내자사몰,118881.0,,2
2025-08-10,2025-08,국내자사몰,176181.0,,5
2025-08-10,2025-08,국내자사몰,66600.0,,1
2025-08-10,2025-08,국내자사몰,112277.0,,2
2025-08-10,2025-08,국내자사몰,102400.0,,2
2025-08-10,2025-08,국내자사몰,48114.0,,1
2025-08-10,2025-08,국내자사몰,58327.0,,3
2025-08-10,2025-08,국내자사몰,83304.0,,2
2025-08-10,2025-08,국내자사몰,53460.0,,1
2025-08-10,2025-08,국내자사몰,94280.0,,2
2025-08-10,2025-08,국내자사몰,123968.0,,2
2025-08-10,2025-08,국내자사몰,79500.0,,1
2025-08-10,2025-08,국내자사몰,104728.0,,2
2025-08-10,2025-08,국내자사몰,58152.0,,2
2025-08-10,2025-08,국내자사몰,92400.0,,1
2025-08-10,2025-08,국내자사몰,41128.0,,1
2025-08-10,2025-08,해외자사몰,126295.0,87.1,1
2025-08-10,2025-08,해외자사몰,107300.0,74.0,1
2025-08-10,2025-08,해외자사몰,326250.0,225.0,3
2025-08-10,2025-08,해외자사몰,225475.0,155.5,2
2025-08-10,2025-08,해외자사몰,136300.0,94.0,1
2025-08-10,2025-08,해외자사몰,126295.0,87.1,1
2025-08-10,2025-08,해외자사몰,128905.0,88.9,1
2025-08-10,2025-08,해외자사몰,239250.0,165.0,2
2025-08-11,2025-08,국내자사몰,47020.0,,2
2025-08-11,2025-08,국내자사몰,48600.0,,1
2025-08-11,2025-08,국내자사몰,78840.0,,1
2025-08-11,2025-08,국내자사몰,45390.0,,2
2025-08-11,2025-08,국내자사몰,160245.0,,2
2025-08-11,2025-08,국내자사몰,48600.0,,1
2025-08-11,2025-08,국내자사몰,59100.0,,1
2025-08-11,2025-08,국내자사몰,48114.0,,1
2025-08-11,2025-08,국내자사몰,42768.0,,1
2025-08-11,2025-08,국내자사몰,73886.0,,1
2025-08-11,2025-08,국내자사몰,42768.0,,1
2025-08-11,2025-08,국내자사몰,85600.0,,2
2025-08-11,2025-08,국내자사몰,78540.0,,1
2025-08-11,2025-08,국내자사몰,233590.0,,3
2025-08-11,2025-08,국내자사몰,48114.0,,1
2025-08-11,2025-08,국내자사몰,112345.0,,3
2025-08-11,2025-08,국내자사몰,48114.0,,1
2025-08-11,2025-08,국내자사몰,118881.0,,2
2025-08-11,2025-08,국내자사몰,76140.0,,2
2025-08-11,2025-08,국내자사몰,48114.0,,1
2025-08-11,2025-08,국내자사몰,53460.0,,1
2025-08-11,2025-08,국내자사몰,64888.0,,2
2025-08-11,2025-08,국내자사몰,78030.0,,1
2025-08-11,2025-08,국내자사몰,83160.0,,1
2025-08-11,2025-08,국내자사몰,48114.0,,1
2025-08-11,2025-08,국내자사몰,169000.0,,1
2025-08-11,2025-08,국내자사몰,42690.0,,1
2025-08-11,2025-08,국내자사몰,42690.0,,1
2025-08-11,2025-08,국내자사몰,55280.0,,1
2025-08-11,2025-08,국내자사몰,95400.0,,1
2025-08-11,2025-08,국내자사몰,147360.0,,2
2025-08-11,2025-08,국내자사몰,54000.0,,1
2025-08-11,2025-08,국내자사몰,152100.0,,1
2025-08-11,2025-08,국내자사몰,78200.0,,2
2025-08-11,2025-08,국내자사몰,51114.0,,1
2025-08-11,2025-08,국내자사몰,48114.0,,1
2025-08-11,2025-08,국내자사몰,48114.0,,1
2025-08-11,2025-08,국내자사몰,66610.0,,2
2025-08-11,2025-08,국내자사몰,48114.0,,1
2025-08-11,2025-08,국내자사몰,53460.0,,1
2025-08-11,2025-08,국내자사몰,104904.0,,2
2025-08-11,2025-08,국내자사몰,126369.0,,2
2025-08-11,2025-08,국내자사몰,47190.0,,1
2025-08-11,2025-08,해외자사몰,139200.0,96.0,1
2025-08-11,2025-08,해외자사몰,207060.00000000003,142.8,2
2025-08-11,2025-08,해외자사몰,72500.0,50.0,2
2025-08-11,2025-08,해외자사몰,395516.5,272.77,11
2025-08-11,2025-08,해외자사몰,139200.0,96.0,1
2025-08-11,2025-08,해외자사몰,250270.0,172.6,3
2025-08-11,2025-08,해외자사몰,188500.0,130.0,5
2025-08-11,2025-08,해외자사몰,310880.0,214.4,2
2025-08-11,2025-08,해외자사몰,136300.0,94.0,1
2025-08-11,2025-08,해외자사몰,136300.0,94.0,1
2025-08-12,2025-08,국내자사몰,66600.0,,1
2025-08-12,2025-08,국내자사몰,71550.0,,1
2025-08-12,2025-08,국내자사몰,43200.0,,1
2025-08-12,2025-08,국내자사몰,73920.0,,1
2025-08-12,2025-08,국내자사몰,231087.0,,2
2025-08-12,2025-08,국내자사몰,98100.0,,2
2025-08-12,2025-08,국내자사몰,150020.0,,2
2025-08-12,2025-08,국내자사몰,39240.0,,1
2025-08-12,2025-08,국내자사몰,92400.0,,1
2025-08-12,2025-08,국내자사몰,73920.0,,1
2025-08-12,2025-08,국내자사몰,55280.0,,1
2025-08-12,2025-08,국내자사몰,66160.0,,3
2025-08-12,2025-08,국내자사몰,54675.0,,1
2025-08-12,2025-08,국내자사몰,54060.0,,1
2025-08-12,2025-08,국내자사몰,41467.0,,1
2025-08-12,2025-08,국내자사몰,36000.0,,1
2025-08-12,2025-08,국내자사몰,51638.0,,1
2025-08-12,2025-08,국내자사몰,88227.0,,1
2025-08-12,2025-08,국내자사몰,29550.0,,1
2025-08-12,2025-08,국내자사몰,54675.0,,1
2025-08-12,2025-08,국내자사몰,99840.0,,2
2025-08-12,2025-08,국내자사몰,80760.0,,2
2025-08-12,2025-08,국내자사몰,124800.0,,2
2025-08-12,2025-08,국내자사몰,46269.0,,1
2025-08-12,2025-08,국내자사몰,101550.0,,1
2025-08-12,2025-08,국내자사몰,49300.0,,1
2025-08-12,2025-08,국내자사몰,99840.0,,2
2025-08-12,2025-08,국내자사몰,85887.0,,3
2025-08-12,2025-08,국내자사몰,106677.0,,4
2025-08-12,2025-08,국내자사몰,254560.0,,5
2025-08-12,2025-08,국내자사몰,64600.0,,1
2025-08-12,2025-08,국내자사몰,104160.0,,2
2025-08-12,2025-08,국내자사몰,73920.0,,1
2025-08-12,2025-08,국내자사몰,83160.0,,1
2025-08-12,2025-08,국내자사몰,83160.0,,1
2025-08-12,2025-08,국내자사몰,71750.0,,1
2025-08-12,2025-08,국내자사몰,45630.0,,1
2025-08-12,2025-08,국내자사몰,73920.0,,1
2025-08-12,2025-08,국내자사몰,51600.0,,1
2025-08-12,2025-08,국내자사몰,55280.0,,1
2025-08-12,2025-08,국내자사몰,112320.0,,2
2025-08-12,2025-08,국내자사몰,85600.0,,2
2025-08-12,2025-08,국내자사몰,43200.0,,1
2025-08-12,2025-08,국내자사몰,172840.0,,4
2025-08-12,2025-08,국내자사몰,73000.0,,2
2025-08-12,2025-08,국내자사몰,53200.0,,1
2025-08-12,2025-08,국내자사몰,92400.0,,1
2025-08-12,2025-08,국내자사몰,31080.0,,1
2025-08-12,2025-08,국내자사몰,152467.0,,1
2025-08-12,2025-08,국내자사몰,125864.0,,3
2025-08-12,2025-08,국내자사몰,40422.0,,1
2025-08-12,2025-08,국내자사몰,63600.0,,1
2025-08-12,2025-08,국내자사몰,112320.0,,2
2025-08-12,2025-08,국내자사몰,173880.0,,3
2025-08-12,2025-08,국내자사몰,38040.0,,2
2025-08-12,2025-08,국내자사몰,40230.0,,2
2025-08-12,2025-08,국내자사몰,46477.0,,1
2025-08-12,2025-08,국내자사몰,48600.0,,1
2025-08-12,2025-08,국내자사몰,62900.0,,1
2025-08-12,2025-08,국내자사몰,74000.0,,1
2025-08-12,2025-08,해외자사몰,163560.0,112.8,2
2025-08-12,2025-08,해외자사몰,139200.0,96.0,1
2025-08-12,2025-08,해외자사몰,139345.0,96.1,1
2025-08-12,2025-08,해외자사몰,179408.5,123.73,3
2025-08-12,2025-08,해외자사몰,249400.0,172.0,2
2025-08-12,2025-08,해외자사몰,166750.0,115.0,2
2025-08-12,2025-08,해외자사몰,139200.0,96.0,1
2025-08-12,2025-08,해외자사몰,152395.0,105.1,1
2025-08-12,2025-08,해외자사몰,150800.0,104.0,1
2025-08-12,2025-08,해외자사몰,230028.0,158.64,3
2025-08-13,2025-08,국내자사몰,164815.0,,3
2025-08-13,2025-08,국내자사몰,46400.0,,1
2025-08-13,2025-08,국내자사몰,66600.0,,1
2025-08-13,2025-08,국내자사몰,73920.0,,1
2025-08-13,2025-08,국내자사몰,88695.0,,1
2025-08-13,2025-08,국내자사몰,88695.0,,1
2025-08-13,2025-08,국내자사몰,21525.0,,1
2025-08-13,2025-08,국내자사몰,57240.0,,1
2025-08-13,2025-08,국내자사몰,36000.0,,1
2025-08-13,2025-08,국내자사몰,100320.0,,2
2025-08-13,2025-08,국내자사몰,54675.0,,1
2025-08-13,2025-08,국내자사몰,56250.0,,2
2025-08-13,2025-08,국내자사몰,137980.0,,3
2025-08-13,2025-08,국내자사몰,22710.0,,1
2025-08-13,2025-08,국내자사몰,104468.0,,3
2025-08-13,2025-08,국내자사몰,50880.0,,1
2025-08-13,2025-08,국내자사몰,41700.0,,1
2025-08-13,2025-08,국내자사몰,50880.0,,1
2025-08-13,2025-08,국내자사몰,59200.0,,1
2025-08-13,2025-08,국내자사몰,116865.0,,2
2025-08-13,2025-08,국내자사몰,40560.0,,1
2025-08-13,2025-08,국내자사몰,40560.0,,1
2025-08-13,2025-08,국내자사몰,100328.0,,2
2025-08-13,2025-08,국내자사몰,155720.0,,3
2025-08-13,2025-08,국내자사몰,72796.0,,1
2025-08-13,2025-08,국내자사몰,167562.0,,5
2025-08-13,2025-08,국내자사몰,59600.0,,1
2025-08-13,2025-08,국내자사몰,73920.0,,1
2025-08-13,2025-08,국내자사몰,79209.0,,1
2025-08-13,2025-08,국내자사몰,143667.0,,2
2025-08-13,2025-08,국내자사몰,79500.0,,1
2025-08-13,2025-08,국내자사몰,78540.0,,1
2025-08-13,2025-08,국내자사몰,32700.0,,1
2025-08-13,2025-08,국내자사몰,85600.0,,2
2025-08-13,2025-08,국내자사몰,152100.0,,1
2025-08-13,2025-08,국내자사몰,96300.0,,2
2025-08-13,2025-08,국내자사몰,21615.0,,1
2025-08-13,2025-08,국내자사몰,81360.0,,2
2025-08-13,2025-08,국내자사몰,73920.0,,1
2025-08-13,2025-08,국내자사몰,83160.0,,1
2025-08-13,2025-08,국내자사몰,111121.0,,3
2025-08-13,2025-08,국내자사몰,29550.0,,1
2025-08-13,2025-08,국내자사몰,112320.0,,2
2025-08-13,2025-08,국내자사몰,144883.0,,3
2025-08-13,2025-08,국내자사몰,146488.0,,4
2025-08-13,2025-08,국내자사몰,369936.0,,7
2025-08-13,2025-08,국내자사몰,88695.0,,1
2025-08-13,2025-08,국내자사몰,52947.0,,1
2025-08-13,2025-08,국내자사몰,124800.0,,2
2025-08-13,2025-08,국내자사몰,152100.0,,1
2025-08-13,2025-08,국내자사몰,73920.0,,1
2025-08-13,2025-08,국내자사몰,91800.0,,2
2025-08-13,2025-08,국내자사몰,103275.0,,2
2025-08-13,2025-08,국내자사몰,83160.0,,1
2025-08-13,2025-08,국내자사몰,72650.0,,2
2025-08-13,2025-08,국내자사몰,124800.0,,2
2025-08-13,2025-08,국내자사몰,51638.0,,1
2025-08-13,2025-08,국내자사몰,60750.0,,1
2025-08-13,2025-08,국내자사몰,55280.0,,1
2025-08-13,2025-08,국내자사몰,54675.0,,1
2025-08-13,2025-08,국내자사몰,51638.0,,1
2025-08-13,2025-08,국내자사몰,116491.0,,2
2025-08-13,2025-08,해외자사몰,139200.0,96.0,1
2025-08-13,2025-08,해외자사몰,249095.5,171.79,4
2025-08-13,2025-08,해외자사몰,135430.0,93.4,2
2025-08-13,2025-08,해외자사몰,130210.0,89.8,1
2025-08-13,2025-08,해외자사몰,192980.5,133.09,3
2025-08-13,2025-08,해외자사몰,231420.0,159.6,4
2025-08-13,2025-08,해외자사몰,177393.0,122.34,4
2025-08-13,2025-08,해외자사몰,139200.0,96.0,1
2025-08-13,2025-08,해외자사몰,253750.0,175.0,2
2025-08-14,2025-08,국내자사몰,135000.0,,2
2025-08-14,2025-08,국내자사몰,113920.0,,2
2025-08-14,2025-08,국내자사몰,54675.0,,1
2025-08-14,2025-08,국내자사몰,32700.0,,1
2025-08-14,2025-08,국내자사몰,55280.0,,1
2025-08-14,2025-08,국내자사몰,86181.0,,1
2025-08-14,2025-08,국내자사몰,54675.0,,1
2025-08-14,2025-08,국내자사몰,114480.0,,2
2025-08-14,2025-08,국내자사몰,114480.0,,2
2025-08-14,2025-08,국내자사몰,32160.0,,1
2025-08-14,2025-08,국내자사몰,128790.0,,2
2025-08-14,2025-08,국내자사몰,83160.0,,1
2025-08-14,2025-08,국내자사몰,143997.0,,1
2025-08-14,2025-08,국내자사몰,117819.0,,2
2025-08-14,2025-08,국내자사몰,105240.0,,2
2025-08-14,2025-08,국내자사몰,112320.0,,2
2025-08-14,2025-08,국내자사몰,60750.0,,1
2025-08-14,2025-08,국내자사몰,51638.0,,1
2025-08-14,2025-08,국내자사몰,112320.0,,2
2025-08-14,2025-08,국내자사몰,103725.0,,2
2025-08-14,2025-08,국내자사몰,59337.0,,2
2025-08-14,2025-08,국내자사몰,78540.0,,1
2025-08-14,2025-08,국내자사몰,66600.0,,1
2025-08-14,2025-08,국내자사몰,58000.0,,1
2025-08-14,2025-08,국내자사몰,48600.0,,1
2025-08-14,2025-08,국내자사몰,83160.0,,1
2025-08-14,2025-08,국내자사몰,63325.0,,1
2025-08-14,2025-08,국내자사몰,65725.0,,1
2025-08-14,2025-08,국내자사몰,47200.0,,1
2025-08-14,2025-08,국내자사몰,92400.0,,1
2025-08-14,2025-08,국내자사몰,143650.0,,1
2025-08-14,2025-08,국내자사몰,83160.0,,1
2025-08-14,2025-08,국내자사몰,48600.0,,1
2025-08-14,2025-08,국내자사몰,99840.0,,2
2025-08-14,2025-08,국내자사몰,29400.0,,1
2025-08-14,2025-08,국내자사몰,52245.0,,1
2025-08-14,2025-08,국내자사몰,42100.0,,1
2025-08-14,2025-08,국내자사몰,22305.0,,1
2025-08-14,2025-08,국내자사몰,99840.0,,2
2025-08-14,2025-08,국내자사몰,143650.0,,1
2025-08-14,2025-08,국내자사몰,128505.0,,2
2025-08-14,2025-08,국내자사몰,99840.0,,2
2025-08-14,2025-08,국내자사몰,52245.0,,1
2025-08-14,2025-08,국내자사몰,67050.0,,1
2025-08-14,2025-08,국내자사몰,67050.0,,1
2025-08-14,2025-08,국내자사몰,62190.0,,1
2025-08-14,2025-08,국내자사몰,54675.0,,1
2025-08-14,2025-08,국내자사몰,31215.0,,1
2025-08-14,2025-08,국내자사몰,143040.0,,3
2025-08-14,2025-08,국내자사몰,59440.0,,2
2025-08-14,2025-08,국내자사몰,73680.0,,1
2025-08-14,2025-08,국내자사몰,66600.0,,1
2025-08-14,2025-08,국내자사몰,48600.0,,1
2025-08-14,2025-08,국내자사몰,106080.0,,2
2025-08-14,2025-08,국내자사몰,73920.0,,1
2025-08-14,2025-08,국내자사몰,48600.0,,1
2025-08-14,2025-08,국내자사몰,82890.0,,1
2025-08-14,2025-08,국내자사몰,44880.0,,2
2025-08-14,2025-08,해외자사몰,128905.0,88.9,1
2025-08-14,2025-08,해외자사몰,180844.0,124.72,3
2025-08-14,2025-08,해외자사몰,128905.0,88.9,1
2025-08-14,2025-08,해외자사몰,139200.0,96.0,1
2025-08-14,2025-08,해외자사몰,139200.0,96.0,1
2025-08-14,2025-08,해외자사몰,277153.0,191.14,2
2025-08-14,2025-08,해외자사몰,128905.0,88.9,1
2025-08-14,2025-08,해외자사몰,232000.0,160.0,2
2025-08-14,2025-08,해외자사몰,150800.0,104.0,1
2025-08-14,2025-08,해외자사몰,106720.0,73.6,1
2025-08-14,2025-08,해외자사몰,173275.0,119.5,2
2025-08-14,2025-08,해외자사몰,139200.0,96.0,1
2025-08-15,2025-08,국내자사몰,46440.0,,1
2025-08-15,2025-08,국내자사몰,52245.0,,1
2025-08-15,2025-08,국내자사몰,82890.0,,1
2025-08-15,2025-08,국내자사몰,60988.0,,1
2025-08-15,2025-08,국내자사몰,99360.0,,3
2025-08-15,2025-08,국내자사몰,83160.0,,1
2025-08-15,2025-08,국내자사몰,83800.0,,2
2025-08-15,2025-08,국내자사몰,71368.0,,2
2025-08-15,2025-08,국내자사몰,59466.0,,1
2025-08-15,2025-08,국내자사몰,43770.0,,1
2025-08-15,2025-08,국내자사몰,48300.0,,1
2025-08-15,2025-08,국내자사몰,44580.0,,1
2025-08-15,2025-08,국내자사몰,54675.0,,1
2025-08-15,2025-08,국내자사몰,41505.0,,1
2025-08-15,2025-08,국내자사몰,48600.0,,1
2025-08-15,2025-08,국내자사몰,48600.0,,1
2025-08-15,2025-08,국내자사몰,66600.0,,1
2025-08-15,2025-08,국내자사몰,60800.0,,1
2025-08-15,2025-08,국내자사몰,83160.0,,1
2025-08-15,2025-08,국내자사몰,32500.0,,1
2025-08-15,2025-08,국내자사몰,102400.0,,2
2025-08-15,2025-08,국내자사몰,49300.0,,1
2025-08-15,2025-08,국내자사몰,92247.0,,2
2025-08-15,2025-08,국내자사몰,83160.0,,1
2025-08-15,2025-08,국내자사몰,64880.0,,2
2025-08-15,2025-08,국내자사몰,68400.0,,1
2025-08-15,2025-08,국내자사몰,60750.0,,1
2025-08-15,2025-08,국내자사몰,78440.0,,1
2025-08-15,2025-08,국내자사몰,162836.0,,3
2025-08-15,2025-08,국내자사몰,78300.0,,2
2025-08-15,2025-08,국내자사몰,40560.0,,1
2025-08-15,2025-08,국내자사몰,146240.0,,3
2025-08-15,2025-08,국내자사몰,50245.0,,1
2025-08-15,2025-08,국내자사몰,60420.0,,1
2025-08-15,2025-08,국내자사몰,64395.0,,1
2025-08-15,2025-08,국내자사몰,187640.0,,4
2025-08-15,2025-08,국내자사몰,63600.0,,1
2025-08-15,2025-08,국내자사몰,152100.0,,1
2025-08-15,2025-08,국내자사몰,227000.0,,3
2025-08-15,2025-08,국내자사몰,38190.0,,1
2025-08-15,2025-08,국내자사몰,72800.0,,2
2025-08-15,2025-08,국내자사몰,99840.0,,2
2025-08-15,2025-08,국내자사몰,116128.0,,3
2025-08-15,2025-08,국내자사몰,48600.0,,1
2025-08-15,2025-08,국내자사몰,54675.0,,1
2025-08-15,2025-08,국내자사몰,26700.0,,1
2025-08-15,2025-08,국내자사몰,70508.0,,3
2025-08-15,2025-08,국내자사몰,48600.0,,1
2025-08-15,2025-08,국내자사몰,63600.0,,1
2025-08-15,2025-08,국내자사몰,79500.0,,1
2025-08-15,2025-08,국내자사몰,106080.0,,2
2025-08-15,2025-08,국내자사몰,164520.0,,3
2025-08-15,2025-08,해외자사몰,241918.0,166.84,4
2025-08-15,2025-08,해외자사몰,176900.0,122.0,2
2025-08-15,2025-08,해외자사몰,150800.0,104.0,1
2025-08-15,2025-08,해외자사몰,128905.0,88.9,1
2025-08-15,2025-08,해외자사몰,232000.0,160.0,2
2025-08-15,2025-08,해외자사몰,128905.0,88.9,1
2025-08-15,2025-08,해외자사몰,157615.0,108.7,2
2025-08-15,2025-08,해외자사몰,232000.0,160.0,2
2025-08-15,2025-08,해외자사몰,139200.0,96.0,1
2025-08-15,2025-08,해외자사몰,232000.0,160.0,2
2025-08-15,2025-08,해외자사몰,303325.5,209.19,3
2025-08-15,2025-08,해외자사몰,124700.0,86.0,1
2025-08-15,2025-08,해외자사몰,139200.0,96.0,1
2025-08-15,2025-08,해외자사몰,128905.0,88.9,1
2025-08-15,2025-08,해외자사몰,139200.0,96.0,1
2025-08-15,2025-08,해외자사몰,139200.0,96.0,1
2025-08-15,2025-08,해외자사몰,128905.0,88.9,1
2025-08-15,2025-08,해외자사몰,139200.0,96.0,1
2025-08-15,2025-08,해외자사몰,253750.0,175.0,2
2025-08-15,2025-08,해외자사몰,150800.0,104.0,1
2025-08-15,2025-08,해외자사몰,139200.0,96.0,1
2025-08-15,2025-08,해외자사몰,128905.0,88.9,1
2025-08-15,2025-08,해외자사몰,128905.0,88.9,1
2025-08-15,2025-08,해외자사몰,178350.0,123.0,2
2025-08-16,2025-08,국내자사몰,48600.0,,1
2025-08-16,2025-08,국내자사몰,32160.0,,1
2025-08-16,2025-08,국내자사몰,54675.0,,1
2025-08-16,2025-08,국내자사몰,107100.0,,1
2025-08-16,2025-08,국내자사몰,54000.0,,1
2025-08-16,2025-08,국내자사몰,88695.0,,1
2025-08-16,2025-08,국내자사몰,61650.0,,2
2025-08-16,2025-08,국내자사몰,28480.0,,1
2025-08-16,2025-08,국내자사몰,59200.0,,1
2025-08-16,2025-08,국내자사몰,73920.0,,1
2025-08-16,2025-08,국내자사몰,99840.0,,2
2025-08-16,2025-08,국내자사몰,88695.0,,1
2025-08-16,2025-08,국내자사몰,75525.0,,1
2025-08-16,2025-08,국내자사몰,75525.0,,1
2025-08-16,2025-08,국내자사몰,59466.0,,1
2025-08-16,2025-08,국내자사몰,60750.0,,1
2025-08-16,2025-08,국내자사몰,36520.0,,2
2025-08-16,2025-08,국내자사몰,46269.0,,1
2025-08-16,2025-08,국내자사몰,143650.0,,1
2025-08-16,2025-08,국내자사몰,40062.0,,1
2025-08-16,2025-08,국내자사몰,64575.0,,1
2025-08-16,2025-08,국내자사몰,330648.0,,8
2025-08-16,2025-08,국내자사몰,235188.0,,4
2025-08-16,2025-08,국내자사몰,70000.0,,1
2025-08-16,2025-08,국내자사몰,135406.0,,2
2025-08-16,2025-08,국내자사몰,54675.0,,1
2025-08-16,2025-08,국내자사몰,54675.0,,1
2025-08-16,2025-08,국내자사몰,100880.0,,3
2025-08-16,2025-08,국내자사몰,57200.0,,2
2025-08-16,2025-08,국내자사몰,112320.0,,2
2025-08-16,2025-08,국내자사몰,60750.0,,1
2025-08-16,2025-08,해외자사몰,139200.0,96.0,1
2025-08-16,2025-08,해외자사몰,253750.0,175.0,2
2025-08-16,2025-08,해외자사몰,185295.5,127.79,3
2025-08-16,2025-08,해외자사몰,128905.0,88.9,1
2025-08-16,2025-08,해외자사몰,358150.0,247.0,4
2025-08-16,2025-08,해외자사몰,139200.0,96.0,1
2025-08-16,2025-08,해외자사몰,253750.0,175.0,2
2025-08-16,2025-08,해외자사몰,196765.0,135.7,2
2025-08-16,2025-08,해외자사몰,128905.0,88.9,1
2025-08-16,2025-08,해외자사몰,139200.0,96.0,1
2025-08-16,2025-08,해외자사몰,94105.0,64.9,1
2025-08-17,2025-08,국내자사몰,22500.0,,1
2025-08-17,2025-08,국내자사몰,52947.0,,1
2025-08-17,2025-08,국내자사몰,57400.0,,1
2025-08-17,2025-08,국내자사몰,34280.0,,1
2025-08-17,2025-08,국내자사몰,60750.0,,1
2025-08-17,2025-08,국내자사몰,28075.0,,1
2025-08-17,2025-08,국내자사몰,207160.0,,4
2025-08-17,2025-08,국내자사몰,79500.0,,1
2025-08-17,2025-08,국내자사몰,90855.0,,2
2025-08-17,2025-08,국내자사몰,73680.0,,1
2025-08-17,2025-08,국내자사몰,66600.0,,1
2025-08-17,2025-08,국내자사몰,59200.0,,1
2025-08-17,2025-08,국내자사몰,82890.0,,1
2025-08-17,2025-08,국내자사몰,117600.0,,3
2025-08-17,2025-08,국내자사몰,67575.0,,1
2025-08-17,2025-08,국내자사몰,114538.0,,2
2025-08-17,2025-08,국내자사몰,60800.0,,1
2025-08-17,2025-08,국내자사몰,33960.0,,2
2025-08-17,2025-08,국내자사몰,55280.0,,1
2025-08-17,2025-08,국내자사몰,80760.0,,2
2025-08-17,2025-08,국내자사몰,83768.0,,1
2025-08-17,2025-08,국내자사몰,129923.0,,2
2025-08-17,2025-08,국내자사몰,115200.0,,2
2025-08-17,2025-08,국내자사몰,44276.0,,1
2025-08-17,2025-08,국내자사몰,89441.0,,1
2025-08-17,2025-08,국내자사몰,73920.0,,1
2025-08-17,2025-08,국내자사몰,32160.0,,1
2025-08-17,2025-08,국내자사몰,54000.0,,1
2025-08-17,2025-08,국내자사몰,56250.0,,2
2025-08-17,2025-08,국내자사몰,54675.0,,1
2025-08-17,2025-08,국내자사몰,171855.0,,2
2025-08-17,2025-08,국내자사몰,114871.0,,2
2025-08-17,2025-08,국내자사몰,61560.0,,1
2025-08-17,2025-08,국내자사몰,100710.0,,2
2025-08-17,2025-08,국내자사몰,21233.0,,1
2025-08-17,2025-08,국내자사몰,48600.0,,1
2025-08-17,2025-08,국내자사몰,92400.0,,1
2025-08-17,2025-08,국내자사몰,78540.0,,1
2025-08-17,2025-08,국내자사몰,54720.0,,1
2025-08-17,2025-08,국내자사몰,54675.0,,1
2025-08-17,2025-08,국내자사몰,88040.0,,3
2025-08-17,2025-08,국내자사몰,54675.0,,1
2025-08-17,2025-08,국내자사몰,63855.0,,2
2025-08-17,2025-08,국내자사몰,83160.0,,2
2025-08-17,2025-08,국내자사몰,108000.0,,2
2025-08-17,2025-08,국내자사몰,35944.0,,1
2025-08-17,2025-08,국내자사몰,56250.0,,2
2025-08-17,2025-08,국내자사몰,43120.0,,2
2025-08-17,2025-08,국내자사몰,72803.0,,3
2025-08-17,2025-08,국내자사몰,71750.0,,1
2025-08-17,2025-08,국내자사몰,102400.0,,2
2025-08-17,2025-08,국내자사몰,113920.0,,2
2025-08-17,2025-08,국내자사몰,66600.0,,1
2025-08-17,2025-08,국내자사몰,120222.0,,2
2025-08-17,2025-08,해외자사몰,139345.0,96.1,1
2025-08-17,2025-08,해외자사몰,184150.0,127.0,2
2025-08-17,2025-08,해외자사몰,146000.5,100.69,2
2025-08-17,2025-08,해외자사몰,139345.0,96.1,1
2025-08-17,2025-08,해외자사몰,610653.0,421.14,10
2025-08-17,2025-08,해외자사몰,177973.0,122.74,2
2025-08-17,2025-08,해외자사몰,232000.0,160.0,2
2025-08-17,2025-08,해외자사몰,450080.0,310.4,5
2025-08-17,2025-08,해외자사몰,150800.0,104.0,1
2025-08-17,2025-08,해외자사몰,113245.0,78.1,1
2025-08-17,2025-08,해외자사몰,139200.0,96.0,1
2025-08-17,2025-08,해외자사몰,139200.0,96.0,1
2025-08-17,2025-08,해외자사몰,128905.0,88.9,1
2025-08-17,2025-08,해외자사몰,128905.0,88.9,1
2025-08-17,2025-08,해외자사몰,130210.0,89.8,1
2025-08-17,2025-08,해외자사몰,410495.00000000006,283.1,4
2025-08-17,2025-08,해외자사몰,175885.0,121.3,3
2025-08-17,2025-08,해외자사몰,253750.0,175.0,2
2025-08-17,2025-08,해외자사몰,172550.0,119.0,2
2025-08-17,2025-08,해외자사몰,137895.0,95.1,1
2025-08-18,2025-08,국내자사몰,51300.0,,2
2025-08-18,2025-08,국내자사몰,43200.0,,1
2025-08-18,2025-08,국내자사몰,135200.0,,1
2025-08-18,2025-08,국내자사몰,56400.0,,1
2025-08-18,2025-08,국내자사몰,74500.0,,1
2025-08-18,2025-08,국내자사몰,78900.0,,2
2025-08-18,2025-08,국내자사몰,86800.0,,2
2025-08-18,2025-08,국내자사몰,54720.0,,1
2025-08-18,2025-08,국내자사몰,37800.0,,2
2025-08-18,2025-08,국내자사몰,68400.0,,1
2025-08-18,2025-08,국내자사몰,21900.0,,1
2025-08-18,2025-08,국내자사몰,50880.0,,1
2025-08-18,2025-08,국내자사몰,78900.0,,2
2025-08-18,2025-08,국내자사몰,36040.0,,1
2025-08-18,2025-08,국내자사몰,88000.0,,2
2025-08-18,2025-08,국내자사몰,54000.0,,1
2025-08-18,2025-08,국내자사몰,88695.0,,1
2025-08-18,2025-08,국내자사몰,59170.0,,1
2025-08-18,2025-08,국내자사몰,59600.0,,1
2025-08-18,2025-08,국내자사몰,51638.0,,1
2025-08-18,2025-08,국내자사몰,55968.0,,1
2025-08-18,2025-08,국내자사몰,60800.0,,1
2025-08-18,2025-08,국내자사몰,151519.0,,3
2025-08-18,2025-08,국내자사몰,73920.0,,1
2025-08-18,2025-08,국내자사몰,82890.0,,1
2025-08-18,2025-08,국내자사몰,57680.0,,2
2025-08-18,2025-08,국내자사몰,87040.0,,2
2025-08-18,2025-08,국내자사몰,49500.0,,1
2025-08-18,2025-08,국내자사몰,60750.0,,1
2025-08-18,2025-08,국내자사몰,147585.0,,3
2025-08-18,2025-08,국내자사몰,48600.0,,1
2025-08-18,2025-08,국내자사몰,83768.0,,1
2025-08-18,2025-08,국내자사몰,51638.0,,1
2025-08-18,2025-08,국내자사몰,26700.0,,1
2025-08-18,2025-08,국내자사몰,240283.0,,4
2025-08-18,2025-08,국내자사몰,53090.0,,2
2025-08-18,2025-08,해외자사몰,245122.50000000003,169.05,3
2025-08-18,2025-08,해외자사몰,385700.0,266.0,4
2025-08-18,2025-08,해외자사몰,150800.0,104.0,1
2025-08-18,2025-08,해외자사몰,102805.0,70.9,1
2025-08-18,2025-08,해외자사몰,128905.0,88.9,1
2025-08-18,2025-08,해외자사몰,62350.0,43.0,1
2025-08-19,2025-08,국내자사몰,69420.0,,1
2025-08-19,2025-08,국내자사몰,60750.0,,1
2025-08-19,2025-08,국내자사몰,67830.0,,1
2025-08-19,2025-08,국내자사몰,73680.0,,1
2025-08-19,2025-08,국내자사몰,69120.0,,2
2025-08-19,2025-08,국내자사몰,32280.0,,2
2025-08-19,2025-08,국내자사몰,36235.0,,1
2025-08-19,2025-08,국내자사몰,46400.0,,1
2025-08-19,2025-08,국내자사몰,54000.0,,1
2025-08-19,2025-08,국내자사몰,126900.0,,1
2025-08-19,2025-08,국내자사몰,135690.0,,3
2025-08-19,2025-08,국내자사몰,51410.0,,1
2025-08-19,2025-08,국내자사몰,29550.0,,1
2025-08-19,2025-08,국내자사몰,32500.0,,1
2025-08-19,2025-08,국내자사몰,52200.0,,1
2025-08-19,2025-08,국내자사몰,69120.0,,2
2025-08-19,2025-08,국내자사몰,48600.0,,1
2025-08-19,2025-08,국내자사몰,38100.0,,1
2025-08-19,2025-08,국내자사몰,54720.0,,1
2025-08-19,2025-08,국내자사몰,78285.0,,1
2025-08-19,2025-08,국내자사몰,69960.0,,1
2025-08-19,2025-08,국내자사몰,108900.0,,2
2025-08-19,2025-08,국내자사몰,60750.0,,1
2025-08-19,2025-08,국내자사몰,67050.0,,1
2025-08-19,2025-08,국내자사몰,20100.0,,1
2025-08-19,2025-08,국내자사몰,60750.0,,1
2025-08-19,2025-08,국내자사몰,62190.0,,1
2025-08-19,2025-08,국내자사몰,137930.0,,3
2025-08-19,2025-08,국내자사몰,48600.0,,1
2025-08-19,2025-08,국내자사몰,50880.0,,1
2025-08-19,2025-08,국내자사몰,54000.0,,1
2025-08-19,2025-08,국내자사몰,51638.0,,1
2025-08-19,2025-08,국내자사몰,62190.0,,1
2025-08-19,2025-08,국내자사몰,52500.0,,1
2025-08-19,2025-08,국내자사몰,43200.0,,1
2025-08-19,2025-08,국내자사몰,98010.0,,2
2025-08-19,2025-08,국내자사몰,57240.0,,1
2025-08-19,2025-08,국내자사몰,73680.0,,1
2025-08-19,2025-08,국내자사몰,29550.0,,1
2025-08-19,2025-08,국내자사몰,62964.0,,1
2025-08-19,2025-08,국내자사몰,46100.0,,1
2025-08-19,2025-08,국내자사몰,46170.0,,2
2025-08-19,2025-08,국내자사몰,39240.0,,1
2025-08-19,2025-08,해외자사몰,128905.0,88.9,1
2025-08-19,2025-08,해외자사몰,128905.0,88.9,1
2025-08-19,2025-08,해외자사몰,253750.0,175.0,2
2025-08-19,2025-08,해외자사몰,197345.0,136.1,3
2025-08-19,2025-08,해외자사몰,113245.0,78.1,1
2025-08-19,2025-08,해외자사몰,139345.0,96.1,1
2025-08-20,2025-08,국내자사몰,47907.0,,1
2025-08-20,2025-08,국내자사몰,45900.0,,1
2025-08-20,2025-08,국내자사몰,49300.0,,1
2025-08-20,2025-08,국내자사몰,54675.0,,1
2025-08-20,2025-08,국내자사몰,26100.0,,1
2025-08-20,2025-08,국내자사몰,50880.0,,1
2025-08-20,2025-08,국내자사몰,66520.0,,2
2025-08-20,2025-08,국내자사몰,54720.0,,1
2025-08-20,2025-08,국내자사몰,82890.0,,1
2025-08-20,2025-08,국내자사몰,85050.0,,2
2025-08-20,2025-08,국내자사몰,109350.0,,2
2025-08-20,2025-08,국내자사몰,46440.0,,1
2025-08-20,2025-08,국내자사몰,63600.0,,1
2025-08-20,2025-08,국내자사몰,51638.0,,1
2025-08-20,2025-08,국내자사몰,51720.0,,3
2025-08-20,2025-08,국내자사몰,81940.0,,2
2025-08-20,2025-08,국내자사몰,58735.0,,1
2025-08-20,2025-08,국내자사몰,73800.0,,2
2025-08-20,2025-08,국내자사몰,62190.0,,1
2025-08-20,2025-08,국내자사몰,51400.0,,2
2025-08-20,2025-08,국내자사몰,40422.0,,1
2025-08-20,2025-08,국내자사몰,69120.0,,2
2025-08-20,2025-08,국내자사몰,56400.0,,1
2025-08-20,2025-08,국내자사몰,89681.0,,1
2025-08-20,2025-08,국내자사몰,143650.0,,1
2025-08-20,2025-08,국내자사몰,178650.0,,2
2025-08-20,2025-08,국내자사몰,98550.0,,1
2025-08-20,2025-08,국내자사몰,73680.0,,1
2025-08-20,2025-08,국내자사몰,68786.0,,1
2025-08-20,2025-08,국내자사몰,152100.0,,1
2025-08-20,2025-08,국내자사몰,52200.0,,1
2025-08-20,2025-08,국내자사몰,64544.0,,2
2025-08-20,2025-08,국내자사몰,40062.0,,1
2025-08-20,2025-08,국내자사몰,55968.0,,1
2025-08-20,2025-08,국내자사몰,54720.0,,1
2025-08-20,2025-08,국내자사몰,40560.0,,1
2025-08-20,2025-08,국내자사몰,138600.0,,2
2025-08-20,2025-08,국내자사몰,46100.0,,1
2025-08-20,2025-08,국내자사몰,46100.0,,1
2025-08-20,2025-08,국내자사몰,43200.0,,1
2025-08-20,2025-08,국내자사몰,106624.0,,2
2025-08-20,2025-08,국내자사몰,24900.0,,1
2025-08-20,2025-08,해외자사몰,105545.5,72.79,1
2025-08-20,2025-08,해외자사몰,150800.0,104.0,1
2025-08-20,2025-08,해외자사몰,129035.5,88.99,2
2025-08-20,2025-08,해외자사몰,92800.0,64.0,1
2025-08-20,2025-08,해외자사몰,243745.0,168.1,3
2025-08-20,2025-08,해외자사몰,139345.0,96.1,1
2025-08-20,2025-08,해외자사몰,113245.0,78.1,1
2025-08-20,2025-08,해외자사몰,128905.0,88.9,1
2025-08-20,2025-08,해외자사몰,139200.0,96.0,1
2025-08-20,2025-08,해외자사몰,139200.0,96.0,1
2025-08-20,2025-08,해외자사몰,139200.0,96.0,1
2025-08-20,2025-08,해외자사몰,388339.0,267.82,5
2025-08-20,2025-08,해외자사몰,139200.0,96.0,1
2025-08-20,2025-08,해외자사몰,128905.0,88.9,1
2025-08-21,2025-08,국내자사몰,257395.0,,7
2025-08-21,2025-08,국내자사몰,78840.0,,1
2025-08-21,2025-08,국내자사몰,143650.0,,1
2025-08-21,2025-08,국내자사몰,74475.0,,2
2025-08-21,2025-08,국내자사몰,134980.0,,3
2025-08-21,2025-08,국내자사몰,35944.0,,1
2025-08-21,2025-08,국내자사몰,135900.0,,2
2025-08-21,2025-08,국내자사몰,54675.0,,1
2025-08-21,2025-08,국내자사몰,20100.0,,1
2025-08-21,2025-08,국내자사몰,21525.0,,1
2025-08-21,2025-08,국내자사몰,124497.0,,2
2025-08-21,2025-08,국내자사몰,54675.0,,1
2025-08-21,2025-08,국내자사몰,58830.0,,1
2025-08-21,2025-08,국내자사몰,141000.0,,1
2025-08-21,2025-08,국내자사몰,51918.0,,2
2025-08-21,2025-08,국내자사몰,37830.0,,1
2025-08-21,2025-08,국내자사몰,70580.0,,2
2025-08-21,2025-08,국내자사몰,203200.0,,3
2025-08-21,2025-08,국내자사몰,103275.0,,2
2025-08-21,2025-08,국내자사몰,161685.0,,3
2025-08-21,2025-08,국내자사몰,52200.0,,1
2025-08-21,2025-08,국내자사몰,54675.0,,1
2025-08-21,2025-08,국내자사몰,51918.0,,2
2025-08-21,2025-08,해외자사몰,263450.5,181.69,4
2025-08-21,2025-08,해외자사몰,164140.0,113.2,2
2025-08-21,2025-08,해외자사몰,132820.0,91.6,2
2025-08-21,2025-08,해외자사몰,128905.0,88.9,1
2025-08-21,2025-08,해외자사몰,139200.0,96.0,1
2025-08-22,2025-08,국내자사몰,50880.0,,1
2025-08-22,2025-08,국내자사몰,78840.0,,1
2025-08-22,2025-08,국내자사몰,60750.0,,1
2025-08-22,2025-08,국내자사몰,89370.0,,2
2025-08-22,2025-08,국내자사몰,55280.0,,1
2025-08-22,2025-08,국내자사몰,54000.0,,1
2025-08-22,2025-08,국내자사몰,55280.0,,1
2025-08-22,2025-08,국내자사몰,110160.0,,2
2025-08-22,2025-08,국내자사몰,97020.0,,3
2025-08-22,2025-08,국내자사몰,100386.0,,2
2025-08-22,2025-08,국내자사몰,102360.0,,2
2025-08-22,2025-08,국내자사몰,61560.0,,1
2025-08-22,2025-08,국내자사몰,52050.0,,1
2025-08-22,2025-08,국내자사몰,63650.0,,1
2025-08-22,2025-08,국내자사몰,216630.0,,6
2025-08-22,2025-08,국내자사몰,48600.0,,1
2025-08-22,2025-08,국내자사몰,48600.0,,1
2025-08-22,2025-08,국내자사몰,58140.0,,1
2025-08-22,2025-08,국내자사몰,43770.0,,1
2025-08-22,2025-08,국내자사몰,44580.0,,1
2025-08-22,2025-08,국내자사몰,48600.0,,1
2025-08-22,2025-08,국내자사몰,96320.0,,3
2025-08-22,2025-08,국내자사몰,24900.0,,1
2025-08-22,2025-08,국내자사몰,83486.0,,1
2025-08-22,2025-08,국내자사몰,50700.0,,1
2025-08-22,2025-08,국내자사몰,54720.0,,1
2025-08-22,2025-08,국내자사몰,40320.0,,2
2025-08-22,2025-08,국내자사몰,57240.0,,1
2025-08-22,2025-08,국내자사몰,75008.0,,2
2025-08-22,2025-08,국내자사몰,209841.0,,5
2025-08-22,2025-08,국내자사몰,46400.0,,1
2025-08-22,2025-08,국내자사몰,60750.0,,1
2025-08-22,2025-08,해외자사몰,150800.0,104.0,1
2025-08-22,2025-08,해외자사몰,101500.0,70.0,1
2025-08-22,2025-08,해외자사몰,150800.0,104.0,1
2025-08-22,2025-08,해외자사몰,155150.0,107.0,2
2025-08-22,2025-08,해외자사몰,128905.0,88.9,1
2025-08-22,2025-08,해외자사몰,110838.0,76.44,1
2025-08-22,2025-08,해외자사몰,139200.0,96.0,1
2025-08-22,2025-08,해외자사몰,139345.0,96.1,1
2025-08-22,2025-08,해외자사몰,277820.0,191.6,4
2025-08-23,2025-08,국내자사몰,48600.0,,1
2025-08-23,2025-08,국내자사몰,57240.0,,1
2025-08-23,2025-08,국내자사몰,62964.0,,1
2025-08-23,2025-08,국내자사몰,38003.0,,1
2025-08-23,2025-08,국내자사몰,62354.0,,2
2025-08-23,2025-08,국내자사몰,68400.0,,1
2025-08-23,2025-08,국내자사몰,56144.0,,2
2025-08-23,2025-08,국내자사몰,287725.0,,4
2025-08-23,2025-08,국내자사몰,43770.0,,1
2025-08-23,2025-08,국내자사몰,57375.0,,1
2025-08-23,2025-08,국내자사몰,62190.0,,1
2025-08-23,2025-08,국내자사몰,126225.0,,2
2025-08-23,2025-08,국내자사몰,48300.0,,1
2025-08-23,2025-08,국내자사몰,41505.0,,1
2025-08-23,2025-08,국내자사몰,61560.0,,1
2025-08-23,2025-08,국내자사몰,48600.0,,1
2025-08-23,2025-08,국내자사몰,48600.0,,1
2025-08-23,2025-08,국내자사몰,60750.0,,1
2025-08-23,2025-08,국내자사몰,89600.0,,2
2025-08-23,2025-08,국내자사몰,57240.0,,1
2025-08-23,2025-08,국내자사몰,41505.0,,1
2025-08-23,2025-08,국내자사몰,89370.0,,2
2025-08-23,2025-08,국내자사몰,360756.0,,7
2025-08-23,2025-08,국내자사몰,117828.0,,2
2025-08-23,2025-08,국내자사몰,40422.0,,1
2025-08-23,2025-08,국내자사몰,48600.0,,1
2025-08-23,2025-08,국내자사몰,24900.0,,1
2025-08-23,2025-08,국내자사몰,133830.0,,4
2025-08-23,2025-08,해외자사몰,139200.0,96.0,1
2025-08-23,2025-08,해외자사몰,139200.0,96.0,1
2025-08-23,2025-08,해외자사몰,216050.0,149.0,2
2025-08-23,2025-08,해외자사몰,139345.0,96.1,1
2025-08-23,2025-08,해외자사몰,128905.0,88.9,1
2025-08-24,2025-08,국내자사몰,54000.0,,1
2025-08-24,2025-08,국내자사몰,102376.0,,3
2025-08-24,2025-08,국내자사몰,48600.0,,1
2025-08-24,2025-08,국내자사몰,44180.0,,1
2025-08-24,2025-08,국내자사몰,54720.0,,1
2025-08-24,2025-08,국내자사몰,66330.0,,2
2025-08-24,2025-08,국내자사몰,73680.0,,1
2025-08-24,2025-08,국내자사몰,73680.0,,1
2025-08-24,2025-08,국내자사몰,54000.0,,1
2025-08-24,2025-08,국내자사몰,217640.0,,3
2025-08-24,2025-08,국내자사몰,82890.0,,1
2025-08-24,2025-08,국내자사몰,105515.0,,2
2025-08-24,2025-08,국내자사몰,43200.0,,1
2025-08-24,2025-08,국내자사몰,35944.0,,1
2025-08-24,2025-08,국내자사몰,82890.0,,1
2025-08-24,2025-08,국내자사몰,39240.0,,1
2025-08-24,2025-08,국내자사몰,59600.0,,1
2025-08-24,2025-08,국내자사몰,82890.0,,1
2025-08-24,2025-08,국내자사몰,43770.0,,1
2025-08-24,2025-08,국내자사몰,43770.0,,1
2025-08-24,2025-08,국내자사몰,67500.0,,1
2025-08-24,2025-08,국내자사몰,56160.0,,2
2025-08-24,2025-08,국내자사몰,55968.0,,1
2025-08-24,2025-08,국내자사몰,127840.0,,3
2025-08-24,2025-08,국내자사몰,77640.0,,2
2025-08-24,2025-08,국내자사몰,54675.0,,1
2025-08-24,2025-08,국내자사몰,40422.0,,1
2025-08-24,2025-08,국내자사몰,89370.0,,2
2025-08-24,2025-08,국내자사몰,21615.0,,1
2025-08-24,2025-08,국내자사몰,43770.0,,1
2025-08-24,2025-08,국내자사몰,45040.0,,2
2025-08-24,2025-08,국내자사몰,54000.0,,1
2025-08-24,2025-08,국내자사몰,43200.0,,1
2025-08-24,2025-08,국내자사몰,205470.0,,4
2025-08-24,2025-08,국내자사몰,51726.0,,1
2025-08-24,2025-08,국내자사몰,43826.0,,1
2025-08-24,2025-08,국내자사몰,60750.0,,1
2025-08-24,2025-08,해외자사몰,128905.0,88.9,1
2025-08-24,2025-08,해외자사몰,190240.0,131.2,2
2025-08-24,2025-08,해외자사몰,139200.0,96.0,1
2025-08-24,2025-08,해외자사몰,218297.50000000003,150.55,3
2025-08-24,2025-08,해외자사몰,232000.0,160.0,2
2025-08-25,2025-08,국내자사몰,54675.0,,1
2025-08-25,2025-08,국내자사몰,116550.0,,3
2025-08-25,2025-08,국내자사몰,56400.0,,1
2025-08-25,2025-08,국내자사몰,54000.0,,1
2025-08-25,2025-08,국내자사몰,34850.0,,1
2025-08-25,2025-08,국내자사몰,48600.0,,1
2025-08-25,2025-08,국내자사몰,54000.0,,1
2025-08-25,2025-08,국내자사몰,144320.0,,3
2025-08-25,2025-08,국내자사몰,81944.0,,3
2025-08-25,2025-08,국내자사몰,187850.0,,1
2025-08-25,2025-08,국내자사몰,46400.0,,1
2025-08-25,2025-08,국내자사몰,28877.0,,1
2025-08-25,2025-08,국내자사몰,128252.0,,3
2025-08-25,2025-08,국내자사몰,143650.0,,1
2025-08-25,2025-08,국내자사몰,122280.0,,2
2025-08-25,2025-08,국내자사몰,79880.0,,2
2025-08-25,2025-08,국내자사몰,67500.0,,1
2025-08-25,2025-08,국내자사몰,79880.0,,2
2025-08-25,2025-08,국내자사몰,29550.0,,1
2025-08-25,2025-08,국내자사몰,169000.0,,1
2025-08-25,2025-08,국내자사몰,34280.0,,1
2025-08-25,2025-08,국내자사몰,120015.0,,2
2025-08-25,2025-08,국내자사몰,38190.0,,1
2025-08-25,2025-08,국내자사몰,78285.0,,1
2025-08-25,2025-08,국내자사몰,50078.0,,1
2025-08-25,2025-08,국내자사몰,206104.0,,4
2025-08-25,2025-08,국내자사몰,155224.0,,3
2025-08-25,2025-08,국내자사몰,56464.0,,2
2025-08-25,2025-08,국내자사몰,70580.0,,2
2025-08-25,2025-08,국내자사몰,108720.0,,2
2025-08-25,2025-08,국내자사몰,148860.0,,3
2025-08-25,2025-08,국내자사몰,75040.0,,2
2025-08-25,2025-08,국내자사몰,69930.0,,2
2025-08-25,2025-08,국내자사몰,56680.0,,2
2025-08-25,2025-08,국내자사몰,57240.0,,1
2025-08-25,2025-08,국내자사몰,27990.0,,1
2025-08-25,2025-08,국내자사몰,73680.0,,1
2025-08-25,2025-08,국내자사몰,46400.0,,1
2025-08-25,2025-08,해외자사몰,134850.0,93.0,2
2025-08-25,2025-08,해외자사몰,128905.0,88.9,1
2025-08-25,2025-08,해외자사몰,150800.0,104.0,1
2025-08-25,2025-08,해외자사몰,128905.0,88.9,1
2025-08-25,2025-08,해외자사몰,150800.0,104.0,1
2025-08-25,2025-08,해외자사몰,253750.0,175.0,2
2025-08-25,2025-08,해외자사몰,139200.0,96.0,1
2025-08-25,2025-08,해외자사몰,139200.0,96.0,1
2025-08-26,2025-08,국내자사몰,48600.0,,1
2025-08-26,2025-08,국내자사몰,52947.0,,1
2025-08-26,2025-08,국내자사몰,54060.0,,1
2025-08-26,2025-08,국내자사몰,48600.0,,1
2025-08-26,2025-08,국내자사몰,30073.0,,1
2025-08-26,2025-08,국내자사몰,71550.0,,1
2025-08-26,2025-08,국내자사몰,47064.0,,1
2025-08-26,2025-08,국내자사몰,60750.0,,1
2025-08-26,2025-08,국내자사몰,190480.0,,2
2025-08-26,2025-08,국내자사몰,65984.0,,2
2025-08-26,2025-08,국내자사몰,47064.0,,1
2025-08-26,2025-08,국내자사몰,92853.0,,2
2025-08-26,2025-08,국내자사몰,36040.0,,1
2025-08-26,2025-08,국내자사몰,57000.0,,1
2025-08-26,2025-08,국내자사몰,72725.0,,2
2025-08-26,2025-08,국내자사몰,54000.0,,1
2025-08-26,2025-08,국내자사몰,43200.0,,1
2025-08-26,2025-08,국내자사몰,54720.0,,1
2025-08-26,2025-08,국내자사몰,52200.0,,1
2025-08-26,2025-08,국내자사몰,54675.0,,1
2025-08-26,2025-08,국내자사몰,46400.0,,1
2025-08-26,2025-08,국내자사몰,54675.0,,1
2025-08-26,2025-08,국내자사몰,48600.0,,1
2025-08-26,2025-08,국내자사몰,54000.0,,1
2025-08-26,2025-08,국내자사몰,49300.0,,1
2025-08-26,2025-08,국내자사몰,40700.0,,1
2025-08-26,2025-08,국내자사몰,234360.0,,3
2025-08-26,2025-08,국내자사몰,56400.0,,1
2025-08-26,2025-08,국내자사몰,84328.0,,2
2025-08-26,2025-08,국내자사몰,110560.0,,2
2025-08-26,2025-08,국내자사몰,55280.0,,1
2025-08-26,2025-08,국내자사몰,137520.0,,4
2025-08-26,2025-08,국내자사몰,54675.0,,1
2025-08-26,2025-08,해외자사몰,106720.0,73.6,1
2025-08-26,2025-08,해외자사몰,152250.0,105.0,3
2025-08-27,2025-08,국내자사몰,28075.0,,1
2025-08-27,2025-08,국내자사몰,54675.0,,1
2025-08-27,2025-08,국내자사몰,57240.0,,1
2025-08-27,2025-08,국내자사몰,97100.0,,2
2025-08-27,2025-08,국내자사몰,79600.0,,2
2025-08-27,2025-08,국내자사몰,151148.0,,3
2025-08-27,2025-08,국내자사몰,112800.0,,1
2025-08-27,2025-08,국내자사몰,58830.0,,1
2025-08-27,2025-08,국내자사몰,157500.0,,3
2025-08-27,2025-08,국내자사몰,45900.0,,1
2025-08-27,2025-08,국내자사몰,23529.0,,1
2025-08-27,2025-08,국내자사몰,132660.0,,3
2025-08-27,2025-08,국내자사몰,41128.0,,1
2025-08-27,2025-08,국내자사몰,78285.0,,1
2025-08-27,2025-08,국내자사몰,41128.0,,1
2025-08-27,2025-08,국내자사몰,44180.0,,1
2025-08-27,2025-08,국내자사몰,35944.0,,1
2025-08-27,2025-08,국내자사몰,76144.0,,2
2025-08-27,2025-08,국내자사몰,47064.0,,1
2025-08-27,2025-08,국내자사몰,52200.0,,1
2025-08-27,2025-08,국내자사몰,54675.0,,1
2025-08-27,2025-08,국내자사몰,60750.0,,1
2025-08-27,2025-08,국내자사몰,58000.0,,1
2025-08-27,2025-08,국내자사몰,48600.0,,1
2025-08-27,2025-08,국내자사몰,44180.0,,1
2025-08-27,2025-08,국내자사몰,54675.0,,1
2025-08-27,2025-08,국내자사몰,86022.0,,2
2025-08-27,2025-08,국내자사몰,69100.0,,1
2025-08-27,2025-08,국내자사몰,42107.0,,1
2025-08-27,2025-08,국내자사몰,115677.0,,4
2025-08-27,2025-08,국내자사몰,50880.0,,1
2025-08-27,2025-08,국내자사몰,71100.0,,1
2025-08-27,2025-08,국내자사몰,43200.0,,1
2025-08-27,2025-08,국내자사몰,225624.0,,5
2025-08-27,2025-08,국내자사몰,52424.0,,1
2025-08-27,2025-08,국내자사몰,68400.0,,1
2025-08-27,2025-08,국내자사몰,67500.0,,1
2025-08-27,2025-08,국내자사몰,57330.0,,2
2025-08-27,2025-08,국내자사몰,47700.0,,1
2025-08-27,2025-08,국내자사몰,40422.0,,1
2025-08-27,2025-08,국내자사몰,54146.0,,2
2025-08-27,2025-08,국내자사몰,114480.0,,2
2025-08-27,2025-08,국내자사몰,114402.0,,3
2025-08-27,2025-08,국내자사몰,78840.0,,1
2025-08-27,2025-08,국내자사몰,43200.0,,1
2025-08-27,2025-08,국내자사몰,50880.0,,1
2025-08-27,2025-08,국내자사몰,57375.0,,1
2025-08-27,2025-08,국내자사몰,97875.0,,2
2025-08-27,2025-08,국내자사몰,24060.0,,1
2025-08-27,2025-08,해외자사몰,139200.0,96.0,1
2025-08-27,2025-08,해외자사몰,435710.5,300.49,5
2025-08-27,2025-08,해외자사몰,139200.0,96.0,1
2025-08-27,2025-08,해외자사몰,72065.0,49.7,1
2025-08-27,2025-08,해외자사몰,128905.0,88.9,1
2025-08-27,2025-08,해외자사몰,182120.0,125.6,2
2025-08-27,2025-08,해외자사몰,128905.0,88.9,1
2025-08-28,2025-08,국내자사몰,48600.0,,1
2025-08-28,2025-08,국내자사몰,48600.0,,1
2025-08-28,2025-08,국내자사몰,54720.0,,1
2025-08-28,2025-08,국내자사몰,24300.0,,1
2025-08-28,2025-08,국내자사몰,51638.0,,1
2025-08-28,2025-08,국내자사몰,60750.0,,1
2025-08-28,2025-08,국내자사몰,24300.0,,1
2025-08-28,2025-08,국내자사몰,52200.0,,1
2025-08-28,2025-08,국내자사몰,48600.0,,1
2025-08-28,2025-08,국내자사몰,87495.0,,1
2025-08-28,2025-08,국내자사몰,100845.0,,2
2025-08-28,2025-08,국내자사몰,48600.0,,1
2025-08-28,2025-08,국내자사몰,194064.0,,3
2025-08-28,2025-08,국내자사몰,73680.0,,1
2025-08-28,2025-08,국내자사몰,61560.0,,1
2025-08-28,2025-08,국내자사몰,61560.0,,1
2025-08-28,2025-08,국내자사몰,48600.0,,1
2025-08-28,2025-08,국내자사몰,48600.0,,1
2025-08-28,2025-08,국내자사몰,88695.0,,1
2025-08-28,2025-08,국내자사몰,54720.0,,1
2025-08-28,2025-08,국내자사몰,109080.0,,2
2025-08-28,2025-08,국내자사몰,38003.0,,1
2025-08-28,2025-08,국내자사몰,101520.0,,3
2025-08-28,2025-08,국내자사몰,54000.0,,1
2025-08-28,2025-08,국내자사몰,85421.0,,2
2025-08-28,2025-08,국내자사몰,65482.0,,2
2025-08-28,2025-08,국내자사몰,48600.0,,1
2025-08-28,2025-08,국내자사몰,63270.0,,1
2025-08-28,2025-08,해외자사몰,139345.0,96.1,1
2025-08-29,2025-08,국내자사몰,50880.0,,1
2025-08-29,2025-08,국내자사몰,48600.0,,1
2025-08-29,2025-08,국내자사몰,52947.0,,1
2025-08-29,2025-08,국내자사몰,66528.0,,2
2025-08-29,2025-08,국내자사몰,48600.0,,1
2025-08-29,2025-08,국내자사몰,66150.0,,2
2025-08-29,2025-08,국내자사몰,135200.0,,1
2025-08-29,2025-08,국내자사몰,44580.0,,1
2025-08-29,2025-08,국내자사몰,48600.0,,1
2025-08-29,2025-08,국내자사몰,135200.0,,1
2025-08-29,2025-08,국내자사몰,76800.0,,2
2025-08-29,2025-08,국내자사몰,58000.0,,1
2025-08-29,2025-08,국내자사몰,150000.0,,3
2025-08-29,2025-08,국내자사몰,35944.0,,1
2025-08-29,2025-08,국내자사몰,63600.0,,1
2025-08-29,2025-08,국내자사몰,168144.0,,2
2025-08-29,2025-08,국내자사몰,68400.0,,1
2025-08-29,2025-08,국내자사몰,61560.0,,1
2025-08-29,2025-08,국내자사몰,95000.0,,2
2025-08-29,2025-08,국내자사몰,54000.0,,1
2025-08-29,2025-08,국내자사몰,60750.0,,1
2025-08-29,2025-08,국내자사몰,48600.0,,1
2025-08-29,2025-08,국내자사몰,143650.0,,1
2025-08-29,2025-08,국내자사몰,36264.0,,1
2025-08-29,2025-08,국내자사몰,48600.0,,1
2025-08-29,2025-08,국내자사몰,89584.0,,4
2025-08-29,2025-08,국내자사몰,52200.0,,1
2025-08-29,2025-08,국내자사몰,45900.0,,1
2025-08-29,2025-08,국내자사몰,48600.0,,1
2025-08-29,2025-08,국내자사몰,52200.0,,1
2025-08-29,2025-08,해외자사몰,132095.0,91.1,1
2025-08-30,2025-08,국내자사몰,54000.0,,1
2025-08-30,2025-08,국내자사몰,50880.0,,1
2025-08-30,2025-08,국내자사몰,204400.0,,4
2025-08-30,2025-08,국내자사몰,97280.0,,2
2025-08-30,2025-08,국내자사몰,114808.0,,3
2025-08-30,2025-08,국내자사몰,75353.0,,2
2025-08-30,2025-08,국내자사몰,60750.0,,1
2025-08-30,2025-08,국내자사몰,54675.0,,1
2025-08-30,2025-08,국내자사몰,41128.0,,1
2025-08-30,2025-08,국내자사몰,79500.0,,1
2025-08-30,2025-08,국내자사몰,43200.0,,1
2025-08-30,2025-08,국내자사몰,169000.0,,1
2025-08-30,2025-08,국내자사몰,58000.0,,1
2025-08-30,2025-08,국내자사몰,110664.0,,2
2025-08-30,2025-08,국내자사몰,54675.0,,1
2025-08-30,2025-08,국내자사몰,52947.0,,1
2025-08-30,2025-08,국내자사몰,63600.0,,1
2025-08-30,2025-08,국내자사몰,107510.0,,3
2025-08-30,2025-08,국내자사몰,45630.0,,1
2025-08-30,2025-08,국내자사몰,85200.0,,2
2025-08-30,2025-08,국내자사몰,54060.0,,1
2025-08-30,2025-08,국내자사몰,152100.0,,1
2025-08-30,2025-08,국내자사몰,54720.0,,1
2025-08-30,2025-08,국내자사몰,60240.0,,2
2025-08-30,2025-08,국내자사몰,64005.0,,2
2025-08-30,2025-08,국내자사몰,51212.0,,1
2025-08-30,2025-08,해외자사몰,128905.0,88.9,1
2025-08-30,2025-08,해외자사몰,194155.0,133.9,2
2025-08-31,2025-08,국내자사몰,48600.0,,1
2025-08-31,2025-08,국내자사몰,111780.0,,3
2025-08-31,2025-08,국내자사몰,99600.0,,2
2025-08-31,2025-08,국내자사몰,31665.0,,1
2025-08-31,2025-08,국내자사몰,94800.0,,2
2025-08-31,2025-08,국내자사몰,349964.0,,11
2025-08-31,2025-08,국내자사몰,109350.0,,2
2025-08-31,2025-08,국내자사몰,141000.0,,1
2025-08-31,2025-08,국내자사몰,57375.0,,1
2025-08-31,2025-08,국내자사몰,46400.0,,1
2025-08-31,2025-08,국내자사몰,111986.0,,2
2025-08-31,2025-08,국내자사몰,134120.0,,2
2025-08-31,2025-08,국내자사몰,92100.0,,1
2025-08-31,2025-08,국내자사몰,60750.0,,1
2025-08-31,2025-08,국내자사몰,58050.0,,1
2025-08-31,2025-08,국내자사몰,62325.0,,2
2025-08-31,2025-08,국내자사몰,82760.0,,2
2025-08-31,2025-08,국내자사몰,54000.0,,1
2025-08-31,2025-08,국내자사몰,89700.0,,2
2025-08-31,2025-08,국내자사몰,61859.0,,1
2025-08-31,2025-08,국내자사몰,44580.0,,1
2025-08-31,2025-08,국내자사몰,63030.0,,2
2025-08-31,2025-08,국내자사몰,167864.0,,4
2025-08-31,2025-08,국내자사몰,66720.0,,2
2025-08-31,2025-08,해외자사몰,139345.0,96.1,1
2025-08-31,2025-08,해외자사몰,128905.0,88.9,1
2025-09-01,2025-09,국내자사몰,193313.0,,5
2025-09-01,2025-09,국내자사몰,97380.0,,2
2025-09-01,2025-09,국내자사몰,52200.0,,1
2025-09-01,2025-09,국내자사몰,48600.0,,1
2025-09-01,2025-09,국내자사몰,50880.0,,1
2025-09-01,2025-09,국내자사몰,63600.0,,1
2025-09-01,2025-09,국내자사몰,35040.0,,1
2025-09-01,2025-09,국내자사몰,46400.0,,1
2025-09-01,2025-09,국내자사몰,63600.0,,1
2025-09-01,2025-09,국내자사몰,54675.0,,1
2025-09-01,2025-09,국내자사몰,39091.0,,1
2025-09-01,2025-09,국내자사몰,88695.0,,1
2025-09-01,2025-09,국내자사몰,48600.0,,1
2025-09-01,2025-09,국내자사몰,97200.0,,2
2025-09-01,2025-09,국내자사몰,46269.0,,1
2025-09-01,2025-09,국내자사몰,40800.0,,1
2025-09-01,2025-09,국내자사몰,132750.0,,3
2025-09-01,2025-09,국내자사몰,25275.0,,1
2025-09-01,2025-09,국내자사몰,184440.0,,3
2025-09-01,2025-09,국내자사몰,54720.0,,1
2025-09-01,2025-09,국내자사몰,60750.0,,1
2025-09-01,2025-09,국내자사몰,63450.0,,1
2025-09-01,2025-09,국내자사몰,135200.0,,1
2025-09-01,2025-09,국내자사몰,54000.0,,1
2025-09-01,2025-09,국내자사몰,48600.0,,1
2025-09-01,2025-09,국내자사몰,105504.0,,3
2025-09-01,2025-09,국내자사몰,98550.0,,1
2025-09-01,2025-09,국내자사몰,153864.0,,4
2025-09-01,2025-09,국내자사몰,43350.0,,1
2025-09-01,2025-09,국내자사몰,60750.0,,1
2025-09-01,2025-09,해외자사몰,146450.0,101.0,1
2025-09-01,2025-09,해외자사몰,139200.0,96.0,1
2025-09-01,2025-09,해외자사몰,150800.0,104.0,1
2025-09-02,2025-09,국내자사몰,98550.0,,1
2025-09-02,2025-09,국내자사몰,48600.0,,1
2025-09-02,2025-09,국내자사몰,135200.0,,1
2025-09-02,2025-09,국내자사몰,51000.0,,1
2025-09-02,2025-09,국내자사몰,70580.0,,2
2025-09-02,2025-09,국내자사몰,83768.0,,1
2025-09-02,2025-09,국내자사몰,55280.0,,1
2025-09-02,2025-09,국내자사몰,69100.0,,1
2025-09-02,2025-09,국내자사몰,38190.0,,1
2025-09-02,2025-09,국내자사몰,89262.0,,2
2025-09-02,2025-09,국내자사몰,61560.0,,1
2025-09-02,2025-09,국내자사몰,83331.0,,2
2025-09-02,2025-09,국내자사몰,40800.0,,1
2025-09-02,2025-09,국내자사몰,58000.0,,1
2025-09-02,2025-09,국내자사몰,20100.0,,1
2025-09-02,2025-09,국내자사몰,51638.0,,1
2025-09-02,2025-09,국내자사몰,48600.0,,1
2025-09-02,2025-09,국내자사몰,48600.0,,1
2025-09-02,2025-09,국내자사몰,52200.0,,1
2025-09-02,2025-09,국내자사몰,54675.0,,1
2025-09-02,2025-09,국내자사몰,141372.0,,4
2025-09-02,2025-09,국내자사몰,66650.0,,1
2025-09-02,2025-09,국내자사몰,61560.0,,1
2025-09-02,2025-09,국내자사몰,62190.0,,1
2025-09-02,2025-09,국내자사몰,58520.0,,3
2025-09-02,2025-09,국내자사몰,79203.0,,4
2025-09-02,2025-09,국내자사몰,54000.0,,1
2025-09-02,2025-09,국내자사몰,45900.0,,1
2025-09-02,2025-09,국내자사몰,35944.0,,1
2025-09-02,2025-09,국내자사몰,101120.0,,2
2025-09-02,2025-09,해외자사몰,139200.0,96.0,1
2025-09-02,2025-09,해외자사몰,139345.0,96.1,1
2025-09-03,2025-09,국내자사몰,88695.0,,1
2025-09-03,2025-09,국내자사몰,54060.0,,1
2025-09-03,2025-09,국내자사몰,35944.0,,1
2025-09-03,2025-09,국내자사몰,43350.0,,1
2025-09-03,2025-09,국내자사몰,78840.0,,1
2025-09-03,2025-09,국내자사몰,52200.0,,1
2025-09-03,2025-09,국내자사몰,86400.0,,2
2025-09-03,2025-09,국내자사몰,34280.0,,1
2025-09-03,2025-09,국내자사몰,88695.0,,1
2025-09-03,2025-09,국내자사몰,54000.0,,1
2025-09-03,2025-09,국내자사몰,45900.0,,1
2025-09-03,2025-09,국내자사몰,143650.0,,1
2025-09-03,2025-09,국내자사몰,52200.0,,1
2025-09-03,2025-09,국내자사몰,135200.0,,1
2025-09-03,2025-09,국내자사몰,129960.0,,3
2025-09-03,2025-09,국내자사몰,23790.0,,1
2025-09-03,2025-09,국내자사몰,48600.0,,1
2025-09-03,2025-09,해외자사몰,139200.0,96.0,1
2025-09-03,2025-09,해외자사몰,139200.0,96.0,1
2025-09-04,2025-09,국내자사몰,40062.0,,1
2025-09-04,2025-09,국내자사몰,23250.0,,1
2025-09-04,2025-09,국내자사몰,135200.0,,1
2025-09-04,2025-09,국내자사몰,61560.0,,1
2025-09-04,2025-09,국내자사몰,52770.0,,1
2025-09-04,2025-09,국내자사몰,112800.0,,1
2025-09-04,2025-09,국내자사몰,38190.0,,1
2025-09-04,2025-09,국내자사몰,69100.0,,1
2025-09-04,2025-09,국내자사몰,54000.0,,1
2025-09-04,2025-09,국내자사몰,55280.0,,1
2025-09-04,2025-09,국내자사몰,44180.0,,1
2025-09-04,2025-09,국내자사몰,52200.0,,1
2025-09-04,2025-09,국내자사몰,178400.0,,2
2025-09-04,2025-09,국내자사몰,58320.0,,2
2025-09-04,2025-09,국내자사몰,103276.0,,2
2025-09-04,2025-09,국내자사몰,81360.0,,2
2025-09-04,2025-09,국내자사몰,50000.0,,1
2025-09-04,2025-09,국내자사몰,44580.0,,1
2025-09-04,2025-09,국내자사몰,41880.0,,2
2025-09-04,2025-09,국내자사몰,88695.0,,1
2025-09-04,2025-09,국내자사몰,147150.0,,4
2025-09-04,2025-09,국내자사몰,49343.0,,1
2025-09-04,2025-09,국내자사몰,51638.0,,1
2025-09-04,2025-09,국내자사몰,187332.0,,4
2025-09-05,2025-09,국내자사몰,58000.0,,1
2025-09-05,2025-09,국내자사몰,54675.0,,1
2025-09-05,2025-09,국내자사몰,98550.0,,1
2025-09-05,2025-09,국내자사몰,101550.0,,1
2025-09-05,2025-09,국내자사몰,74700.0,,1
2025-09-05,2025-09,국내자사몰,35895.0,,1
2025-09-05,2025-09,국내자사몰,78702.0,,2
2025-09-05,2025-09,국내자사몰,68400.0,,1
2025-09-05,2025-09,국내자사몰,54675.0,,1
2025-09-05,2025-09,국내자사몰,52200.0,,1
2025-09-05,2025-09,국내자사몰,71550.0,,1
2025-09-05,2025-09,국내자사몰,40422.0,,1
2025-09-05,2025-09,국내자사몰,52245.0,,1
2025-09-05,2025-09,해외자사몰,228665.0,157.7,3
2025-09-05,2025-09,해외자사몰,139200.0,96.0,1
2025-09-05,2025-09,해외자사몰,128905.0,88.9,1
2025-09-06,2025-09,국내자사몰,106046.0,,2
2025-09-06,2025-09,국내자사몰,96080.0,,2
2025-09-06,2025-09,국내자사몰,57240.0,,1
2025-09-06,2025-09,국내자사몰,51410.0,,1
2025-09-06,2025-09,국내자사몰,57240.0,,1
2025-09-06,2025-09,국내자사몰,144288.0,,4
2025-09-06,2025-09,국내자사몰,48600.0,,1
2025-09-06,2025-09,국내자사몰,52947.0,,1
2025-09-06,2025-09,국내자사몰,78840.0,,1
2025-09-06,2025-09,국내자사몰,52200.0,,1
2025-09-06,2025-09,국내자사몰,51638.0,,1
2025-09-06,2025-09,국내자사몰,77760.0,,2
2025-09-06,2025-09,국내자사몰,55100.0,,1
2025-09-06,2025-09,국내자사몰,35400.0,,1
2025-09-06,2025-09,해외자사몰,194300.0,134.0,1
2025-09-07,2025-09,국내자사몰,88695.0,,1
2025-09-07,2025-09,국내자사몰,45900.0,,1
2025-09-07,2025-09,국내자사몰,43200.0,,1
2025-09-07,2025-09,국내자사몰,146369.0,,1
2025-09-07,2025-09,국내자사몰,88695.0,,1
2025-09-07,2025-09,국내자사몰,116280.0,,1
2025-09-07,2025-09,국내자사몰,82890.0,,1
2025-09-07,2025-09,국내자사몰,68850.0,,1
2025-09-07,2025-09,국내자사몰,155709.0,,3
2025-09-07,2025-09,국내자사몰,42100.0,,1
2025-09-07,2025-09,국내자사몰,22710.0,,1
2025-09-07,2025-09,국내자사몰,45900.0,,1
2025-09-07,2025-09,국내자사몰,143650.0,,1
2025-09-07,2025-09,국내자사몰,48600.0,,1
2025-09-07,2025-09,국내자사몰,96080.0,,2
2025-09-07,2025-09,국내자사몰,71550.0,,1
2025-09-07,2025-09,해외자사몰,212570.0,146.6,1
2025-09-07,2025-09,해외자사몰,212570.0,146.6,1
2025-09-07,2025-09,해외자사몰,305500.5,210.69,3
2025-09-07,2025-09,해외자사몰,212570.0,146.6,1
2025-09-08,2025-09,국내자사몰,232560.0,,2
2025-09-08,2025-09,국내자사몰,261630.0,,2
2025-09-08,2025-09,국내자사몰,232920.0,,2
2025-09-08,2025-09,국내자사몰,72665.0,,1
2025-09-08,2025-09,국내자사몰,110160.0,,1
2025-09-08,2025-09,국내자사몰,110160.0,,1
2025-09-08,2025-09,국내자사몰,116640.0,,1
2025-09-08,2025-09,국내자사몰,116640.0,,1
2025-09-08,2025-09,국내자사몰,110160.0,,1
2025-09-08,2025-09,국내자사몰,98550.0,,1
2025-09-08,2025-09,국내자사몰,110160.0,,1
2025-09-08,2025-09,국내자사몰,50700.0,,1
2025-09-08,2025-09,국내자사몰,110160.0,,1
2025-09-08,2025-09,국내자사몰,106588.0,,1
2025-09-08,2025-09,국내자사몰,51638.0,,1
2025-09-08,2025-09,국내자사몰,129200.0,,1
2025-09-08,2025-09,국내자사몰,45900.0,,1
2025-09-08,2025-09,국내자사몰,51000.0,,1
2025-09-08,2025-09,국내자사몰,112496.0,,1
2025-09-08,2025-09,국내자사몰,78285.0,,1
2025-09-08,2025-09,국내자사몰,116640.0,,1
2025-09-08,2025-09,국내자사몰,83768.0,,1
2025-09-08,2025-09,국내자사몰,43350.0,,1
2025-09-08,2025-09,국내자사몰,129600.0,,1
2025-09-08,2025-09,국내자사몰,51068.0,,1
2025-09-08,2025-09,국내자사몰,103680.0,,1
2025-09-08,2025-09,국내자사몰,121662.0,,1
2025-09-08,2025-09,해외자사몰,212570.0,146.6,1
2025-09-08,2025-09,해외자사몰,212570.0,146.6,1
2025-09-08,2025-09,해외자사몰,313722.0,216.36,4
2025-09-08,2025-09,해외자사몰,194938.0,134.44,1
2025-09-08,2025-09,해외자사몰,194938.0,134.44,1
2025-09-08,2025-09,해외자사몰,194938.0,134.44,1
2025-09-08,2025-09,해외자사몰,194938.0,134.44,1
2025-09-08,2025-09,해외자사몰,212570.0,146.6,1
2025-09-08,2025-09,해외자사몰,338256.0,233.28,2
2025-09-08,2025-09,해외자사몰,212570.0,146.6,1
2025-09-08,2025-09,해외자사몰,352640.0,243.2,2
2025-09-08,2025-09,해외자사몰,235770.0,162.6,1
2025-09-08,2025-09,해외자사몰,212570.0,146.6,1
2025-09-08,2025-09,해외자사몰,211265.0,145.7,1
2025-09-08,2025-09,해외자사몰,194938.0,134.44,1
2025-09-08,2025-09,해외자사몰,194938.0,134.44,1
2025-09-08,2025-09,해외자사몰,194938.0,134.44,1
2025-09-08,2025-09,해외자사몰,212570.0,146.6,1
2025-09-09,2025-09,국내자사몰,188445.0,,2
2025-09-09,2025-09,국내자사몰,119444.0,,1
2025-09-09,2025-09,국내자사몰,247435.0,,2
2025-09-09,2025-09,국내자사몰,129600.0,,1
2025-09-09,2025-09,국내자사몰,110160.0,,1
2025-09-09,2025-09,국내자사몰,129600.0,,1
2025-09-09,2025-09,국내자사몰,137275.0,,1
2025-09-09,2025-09,국내자사몰,129600.0,,1
2025-09-09,2025-09,국내자사몰,91800.0,,1
2025-09-09,2025-09,국내자사몰,52743.0,,1
2025-09-09,2025-09,국내자사몰,80750.0,,1
2025-09-09,2025-09,국내자사몰,145350.0,,1
2025-09-09,2025-09,국내자사몰,116640.0,,1
2025-09-09,2025-09,국내자사몰,110160.0,,1
2025-09-09,2025-09,국내자사몰,110160.0,,1
2025-09-09,2025-09,국내자사몰,116640.0,,1
2025-09-09,2025-09,국내자사몰,110160.0,,1
2025-09-09,2025-09,국내자사몰,116640.0,,1
2025-09-09,2025-09,국내자사몰,129600.0,,1
2025-09-09,2025-09,국내자사몰,116640.0,,1
2025-09-09,2025-09,국내자사몰,116640.0,,1
2025-09-09,2025-09,국내자사몰,116640.0,,1
2025-09-09,2025-09,국내자사몰,116829.0,,1
2025-09-09,2025-09,국내자사몰,82890.0,,1
2025-09-09,2025-09,국내자사몰,110160.0,,1
2025-09-09,2025-09,국내자사몰,110160.0,,1
2025-09-09,2025-09,국내자사몰,103680.0,,1
2025-09-09,2025-09,국내자사몰,116640.0,,1
2025-09-09,2025-09,국내자사몰,161500.0,,1
2025-09-09,2025-09,국내자사몰,110160.0,,1
2025-09-09,2025-09,국내자사몰,129200.0,,1
2025-09-09,2025-09,국내자사몰,103680.0,,1
2025-09-09,2025-09,국내자사몰,110160.0,,1
2025-09-09,2025-09,국내자사몰,120465.0,,1
2025-09-09,2025-09,해외자사몰,240120.0,165.6,2
2025-09-09,2025-09,해외자사몰,194300.0,134.0,1
2025-09-09,2025-09,해외자사몰,212570.0,146.6,1
2025-09-09,2025-09,해외자사몰,212570.0,146.6,1
2025-09-09,2025-09,해외자사몰,194938.0,134.44,1
2025-09-09,2025-09,해외자사몰,212570.0,146.6,1
2025-09-09,2025-09,해외자사몰,212570.0,146.6,1
2025-09-09,2025-09,해외자사몰,212570.0,146.6,1
2025-09-09,2025-09,해외자사몰,194300.0,134.0,1
2025-09-09,2025-09,해외자사몰,212570.0,146.6,1
2025-09-09,2025-09,해외자사몰,212570.0,146.6,1
2025-09-09,2025-09,해외자사몰,212570.0,146.6,1
2025-09-10,2025-09,국내자사몰,137275.0,,1
2025-09-10,2025-09,국내자사몰,53900.0,,1
2025-09-10,2025-09,국내자사몰,116640.0,,1
2025-09-10,2025-09,국내자사몰,116640.0,,1
2025-09-10,2025-09,국내자사몰,130275.0,,3
2025-09-10,2025-09,국내자사몰,145350.0,,1
2025-09-10,2025-09,국내자사몰,110160.0,,1
2025-09-10,2025-09,국내자사몰,78030.0,,2
2025-09-10,2025-09,국내자사몰,116640.0,,1
2025-09-10,2025-09,국내자사몰,116640.0,,1
2025-09-10,2025-09,국내자사몰,68850.0,,1
2025-09-10,2025-09,국내자사몰,116640.0,,1
2025-09-10,2025-09,국내자사몰,110160.0,,1
2025-09-10,2025-09,국내자사몰,113160.0,,1
2025-09-10,2025-09,국내자사몰,172800.0,,2
2025-09-10,2025-09,국내자사몰,137275.0,,1
2025-09-10,2025-09,국내자사몰,161500.0,,1
2025-09-10,2025-09,국내자사몰,110160.0,,1
2025-09-10,2025-09,국내자사몰,247095.0,,2
2025-09-10,2025-09,국내자사몰,92100.0,,1
2025-09-10,2025-09,국내자사몰,103680.0,,1
2025-09-10,2025-09,국내자사몰,44000.0,,1
2025-09-10,2025-09,국내자사몰,137275.0,,1
2025-09-10,2025-09,국내자사몰,55845.0,,1
2025-09-10,2025-09,국내자사몰,184238.0,,3
2025-09-10,2025-09,국내자사몰,116640.0,,1
2025-09-10,2025-09,국내자사몰,129600.0,,1
2025-09-10,2025-09,국내자사몰,129600.0,,1
2025-09-10,2025-09,국내자사몰,110160.0,,1
2025-09-10,2025-09,국내자사몰,119213.0,,2
2025-09-10,2025-09,국내자사몰,129600.0,,1
2025-09-10,2025-09,국내자사몰,110160.0,,1
2025-09-10,2025-09,국내자사몰,140250.0,,2
2025-09-10,2025-09,국내자사몰,68850.0,,1
2025-09-10,2025-09,국내자사몰,110160.0,,1
2025-09-10,2025-09,국내자사몰,153425.0,,1
2025-09-10,2025-09,국내자사몰,116640.0,,1
2025-09-10,2025-09,국내자사몰,116640.0,,1
2025-09-10,2025-09,해외자사몰,228520.0,157.6,2
2025-09-10,2025-09,해외자사몰,373520.00000000006,257.6,4
2025-09-10,2025-09,해외자사몰,345752.5,238.45,4
2025-09-10,2025-09,해외자사몰,327917.5,226.15,2
2025-09-10,2025-09,해외자사몰,980055.0,675.9,9
2025-09-10,2025-09,해외자사몰,212570.0,146.6,1
2025-09-10,2025-09,해외자사몰,212570.0,146.6,1
2025-09-10,2025-09,해외자사몰,205349.0,141.62,2
2025-09-10,2025-09,해외자사몰,212570.0,146.6,1
2025-09-10,2025-09,해외자사몰,292102.5,201.45,2
2025-09-10,2025-09,해외자사몰,517650.0,357.0,4
2025-09-10,2025-09,해외자사몰,212570.0,146.6,1
2025-09-10,2025-09,해외자사몰,255635.00000000003,176.3,2
2025-09-10,2025-09,해외자사몰,212570.0,146.6,1
2025-09-10,2025-09,해외자사몰,371055.0,255.9,2
2025-09-10,2025-09,해외자사몰,212570.0,146.6,1
2025-09-10,2025-09,해외자사몰,262160.0,180.8,2
2025-09-10,2025-09,해외자사몰,235770.0,162.6,1
2025-09-11,2025-09,국내자사몰,116640.0,,1
2025-09-11,2025-09,국내자사몰,126225.0,,2
2025-09-11,2025-09,국내자사몰,129600.0,,1
2025-09-11,2025-09,국내자사몰,233280.0,,2
2025-09-11,2025-09,국내자사몰,116640.0,,1
2025-09-11,2025-09,국내자사몰,84397.0,,1
2025-09-11,2025-09,국내자사몰,116640.0,,1
2025-09-11,2025-09,국내자사몰,109820.0,,1
2025-09-11,2025-09,국내자사몰,107660.0,,1
2025-09-11,2025-09,국내자사몰,107660.0,,1
2025-09-11,2025-09,국내자사몰,110160.0,,1
2025-09-11,2025-09,국내자사몰,21900.0,,1
2025-09-11,2025-09,국내자사몰,116640.0,,1
2025-09-11,2025-09,국내자사몰,129200.0,,1
2025-09-11,2025-09,국내자사몰,119640.0,,1
2025-09-11,2025-09,국내자사몰,213840.0,,2
2025-09-11,2025-09,국내자사몰,35870.0,,1
2025-09-11,2025-09,국내자사몰,137275.0,,1
2025-09-11,2025-09,국내자사몰,85860.0,,1
2025-09-11,2025-09,국내자사몰,297458.0,,4
2025-09-11,2025-09,국내자사몰,109820.0,,1
2025-09-11,2025-09,국내자사몰,116640.0,,1
2025-09-11,2025-09,국내자사몰,145350.0,,1
2025-09-11,2025-09,국내자사몰,194401.0,,2
2025-09-11,2025-09,국내자사몰,109820.0,,1
2025-09-11,2025-09,국내자사몰,137275.0,,1
2025-09-11,2025-09,국내자사몰,204728.0,,2
2025-09-11,2025-09,국내자사몰,161500.0,,1
2025-09-11,2025-09,국내자사몰,73680.0,,1
2025-09-11,2025-09,국내자사몰,62525.0,,1
2025-09-11,2025-09,국내자사몰,152515.0,,2
2025-09-11,2025-09,국내자사몰,66470.0,,1
2025-09-11,2025-09,국내자사몰,109820.0,,1
2025-09-11,2025-09,국내자사몰,161500.0,,1
2025-09-11,2025-09,국내자사몰,116640.0,,1
2025-09-11,2025-09,국내자사몰,259200.0,,2
2025-09-11,2025-09,국내자사몰,116640.0,,1
2025-09-11,2025-09,국내자사몰,110160.0,,1
2025-09-11,2025-09,국내자사몰,76500.0,,1
2025-09-11,2025-09,국내자사몰,145350.0,,1
2025-09-11,2025-09,국내자사몰,91800.0,,1
2025-09-11,2025-09,국내자사몰,110160.0,,1
2025-09-11,2025-09,국내자사몰,178470.0,,3
2025-09-11,2025-09,국내자사몰,48510.0,,1
2025-09-11,2025-09,국내자사몰,110160.0,,1
2025-09-11,2025-09,국내자사몰,110160.0,,1
2025-09-11,2025-09,국내자사몰,74290.0,,1
2025-09-11,2025-09,국내자사몰,145350.0,,1
2025-09-11,2025-09,국내자사몰,68459.0,,1
2025-09-11,2025-09,국내자사몰,145350.0,,1
2025-09-11,2025-09,국내자사몰,143980.0,,1
2025-09-11,2025-09,국내자사몰,116640.0,,1
2025-09-11,2025-09,국내자사몰,50490.0,,1
2025-09-11,2025-09,해외자사몰,212570.0,146.6,1
2025-09-11,2025-09,해외자사몰,663085.0,457.3,5
2025-09-11,2025-09,해외자사몰,345172.5,238.05,2
2025-09-11,2025-09,해외자사몰,644061.0,444.18,4
2025-09-11,2025-09,해외자사몰,203754.00000000003,140.52,1
2025-09-11,2025-09,해외자사몰,212570.0,146.6,1
2025-09-11,2025-09,해외자사몰,235770.0,162.6,1
2025-09-11,2025-09,해외자사몰,212570.0,146.6,1
2025-09-11,2025-09,해외자사몰,212570.0,146.6,1
2025-09-11,2025-09,해외자사몰,333775.5,230.19,2
2025-09-12,2025-09,국내자사몰,137275.0,,1
2025-09-12,2025-09,국내자사몰,55845.0,,1
2025-09-12,2025-09,국내자사몰,119000.0,,1
2025-09-12,2025-09,국내자사몰,116640.0,,1
2025-09-12,2025-09,국내자사몰,107100.0,,1
2025-09-12,2025-09,국내자사몰,129600.0,,1
2025-09-12,2025-09,국내자사몰,66470.0,,1
2025-09-12,2025-09,국내자사몰,110160.0,,1
2025-09-12,2025-09,국내자사몰,110160.0,,1
2025-09-12,2025-09,국내자사몰,125460.0,,1
2025-09-12,2025-09,국내자사몰,110160.0,,1
2025-09-12,2025-09,국내자사몰,161500.0,,1
2025-09-12,2025-09,국내자사몰,379313.0,,4
2025-09-12,2025-09,국내자사몰,119213.0,,2
2025-09-12,2025-09,국내자사몰,423938.0,,4
2025-09-12,2025-09,국내자사몰,119213.0,,2
2025-09-12,2025-09,국내자사몰,145350.0,,1
2025-09-12,2025-09,국내자사몰,116280.0,,1
2025-09-12,2025-09,국내자사몰,143650.0,,1
2025-09-12,2025-09,국내자사몰,74203.0,,1
2025-09-12,2025-09,국내자사몰,137275.0,,1
2025-09-12,2025-09,국내자사몰,84150.0,,1
2025-09-12,2025-09,국내자사몰,110160.0,,1
2025-09-12,2025-09,국내자사몰,119740.0,,1
2025-09-12,2025-09,국내자사몰,214200.0,,2
2025-09-12,2025-09,국내자사몰,119213.0,,2
2025-09-12,2025-09,국내자사몰,130050.0,,1
2025-09-12,2025-09,국내자사몰,110160.0,,1
2025-09-12,2025-09,국내자사몰,129600.0,,1
2025-09-12,2025-09,국내자사몰,46335.0,,1
2025-09-12,2025-09,국내자사몰,202300.0,,2
2025-09-12,2025-09,국내자사몰,226100.0,,2
2025-09-12,2025-09,국내자사몰,129600.0,,1
2025-09-12,2025-09,국내자사몰,46048.0,,2
2025-09-12,2025-09,국내자사몰,107100.0,,1
2025-09-12,2025-09,국내자사몰,110160.0,,1
2025-09-12,2025-09,국내자사몰,110160.0,,1
2025-09-12,2025-09,해외자사몰,212570.0,146.6,1
2025-09-12,2025-09,해외자사몰,236350.0,163.0,1
2025-09-12,2025-09,해외자사몰,203754.00000000003,140.52,1
2025-09-12,2025-09,해외자사몰,428837.5,295.75,5
2025-09-12,2025-09,해외자사몰,1258382.5,867.85,9
2025-09-12,2025-09,해외자사몰,212570.0,146.6,1
2025-09-12,2025-09,해외자사몰,212570.0,146.6,1
2025-09-12,2025-09,해외자사몰,517650.0,357.0,4
2025-09-12,2025-09,해외자사몰,447470.00000000006,308.6,3
2025-09-12,2025-09,해외자사몰,212570.0,146.6,1
2025-09-12,2025-09,해외자사몰,212570.0,146.6,1
2025-09-12,2025-09,해외자사몰,410988.0,283.44,3
2025-09-12,2025-09,해외자사몰,211265.0,145.7,1
2025-09-12,2025-09,해외자사몰,304993.0,210.34,5
2025-09-12,2025-09,해외자사몰,212570.0,146.6,1
2025-09-13,2025-09,국내자사몰,52245.0,,1
2025-09-13,2025-09,국내자사몰,66470.0,,1
2025-09-13,2025-09,국내자사몰,110160.0,,1
2025-09-13,2025-09,국내자사몰,122825.0,,1
2025-09-13,2025-09,국내자사몰,116640.0,,1
2025-09-13,2025-09,국내자사몰,116280.0,,1
2025-09-13,2025-09,국내자사몰,137275.0,,1
2025-09-13,2025-09,국내자사몰,42366.0,,1
2025-09-13,2025-09,국내자사몰,127005.0,,1
2025-09-13,2025-09,국내자사몰,52743.0,,1
2025-09-13,2025-09,국내자사몰,93500.0,,1
2025-09-13,2025-09,국내자사몰,66470.0,,1
2025-09-13,2025-09,국내자사몰,286500.0,,3
2025-09-13,2025-09,국내자사몰,129600.0,,1
2025-09-13,2025-09,국내자사몰,137275.0,,1
2025-09-13,2025-09,국내자사몰,137275.0,,1
2025-09-13,2025-09,국내자사몰,110160.0,,1
2025-09-13,2025-09,국내자사몰,101745.0,,1
2025-09-13,2025-09,국내자사몰,137275.0,,1
2025-09-13,2025-09,국내자사몰,202300.0,,2
2025-09-13,2025-09,국내자사몰,66470.0,,1
2025-09-13,2025-09,국내자사몰,58948.0,,1
2025-09-13,2025-09,국내자사몰,116640.0,,1
2025-09-13,2025-09,국내자사몰,272723.0,,3
2025-09-13,2025-09,국내자사몰,109820.0,,1
2025-09-13,2025-09,국내자사몰,116280.0,,1
2025-09-13,2025-09,국내자사몰,137275.0,,1
2025-09-13,2025-09,국내자사몰,116640.0,,1
2025-09-13,2025-09,국내자사몰,110160.0,,1
2025-09-13,2025-09,국내자사몰,110160.0,,1
2025-09-13,2025-09,국내자사몰,119213.0,,2
2025-09-13,2025-09,국내자사몰,143827.0,,2
2025-09-13,2025-09,국내자사몰,110160.0,,1
2025-09-13,2025-09,국내자사몰,110160.0,,1
2025-09-13,2025-09,국내자사몰,126225.0,,2
2025-09-13,2025-09,국내자사몰,137275.0,,1
2025-09-13,2025-09,국내자사몰,116640.0,,1
2025-09-13,2025-09,해외자사몰,212570.0,146.6,1
2025-09-13,2025-09,해외자사몰,194300.0,134.0,1
2025-09-13,2025-09,해외자사몰,320450.0,221.0,3
2025-09-13,2025-09,해외자사몰,203754.00000000003,140.52,1
2025-09-13,2025-09,해외자사몰,385018.5,265.53,3
2025-09-13,2025-09,해외자사몰,212570.0,146.6,1
2025-09-13,2025-09,해외자사몰,212570.0,146.6,1
2025-09-13,2025-09,해외자사몰,419122.5,289.05,3
2025-09-13,2025-09,해외자사몰,305950.0,211.0,2
2025-09-14,2025-09,국내자사몰,155550.0,,2
2025-09-14,2025-09,국내자사몰,161500.0,,1
2025-09-14,2025-09,국내자사몰,129600.0,,1
2025-09-14,2025-09,국내자사몰,143650.0,,1
2025-09-14,2025-09,국내자사몰,103275.0,,1
2025-09-14,2025-09,국내자사몰,65025.0,,1
2025-09-14,2025-09,국내자사몰,161500.0,,1
2025-09-14,2025-09,국내자사몰,215306.0,,3
2025-09-14,2025-09,국내자사몰,110160.0,,1
2025-09-14,2025-09,국내자사몰,113220.0,,2
2025-09-14,2025-09,국내자사몰,126225.0,,2
2025-09-14,2025-09,국내자사몰,110160.0,,1
2025-09-14,2025-09,국내자사몰,137275.0,,1
2025-09-14,2025-09,국내자사몰,110160.0,,1
2025-09-14,2025-09,국내자사몰,145350.0,,1
2025-09-14,2025-09,국내자사몰,145350.0,,1
2025-09-14,2025-09,국내자사몰,116640.0,,1
2025-09-14,2025-09,국내자사몰,145350.0,,1
2025-09-14,2025-09,국내자사몰,98831.0,,1
2025-09-14,2025-09,국내자사몰,110160.0,,1
2025-09-14,2025-09,국내자사몰,126671.0,,1
2025-09-14,2025-09,국내자사몰,156416.0,,3
2025-09-14,2025-09,국내자사몰,109820.0,,1
2025-09-14,2025-09,국내자사몰,129600.0,,1
2025-09-14,2025-09,국내자사몰,132218.0,,2
2025-09-14,2025-09,국내자사몰,145350.0,,1
2025-09-14,2025-09,국내자사몰,162563.0,,2
2025-09-14,2025-09,국내자사몰,116640.0,,1
2025-09-14,2025-09,국내자사몰,152100.0,,1
2025-09-14,2025-09,국내자사몰,78200.0,,1
2025-09-14,2025-09,국내자사몰,116640.0,,1
2025-09-14,2025-09,국내자사몰,110160.0,,1
2025-09-14,2025-09,국내자사몰,116640.0,,1
2025-09-14,2025-09,해외자사몰,182700.0,126.0,1
2025-09-14,2025-09,해외자사몰,212570.0,146.6,1
2025-09-14,2025-09,해외자사몰,460172.0,317.36,4
2025-09-14,2025-09,해외자사몰,649527.5,447.95,5
2025-09-14,2025-09,해외자사몰,314360.0,216.8,3
2025-09-14,2025-09,해외자사몰,351335.0,242.3,2
2025-09-14,2025-09,해외자사몰,282329.5,194.71,4
2025-09-14,2025-09,해외자사몰,432607.50000000006,298.35,3
2025-09-14,2025-09,해외자사몰,346260.0,238.8,5
2025-09-14,2025-09,해외자사몰,212570.0,146.6,1
2025-09-14,2025-09,해외자사몰,212570.0,146.6,1
2025-09-14,2025-09,해외자사몰,212570.0,146.6,1
2025-09-14,2025-09,해외자사몰,105270.0,72.6,1
2025-09-15,2025-09,국내자사몰,119213.0,,2
2025-09-15,2025-09,국내자사몰,110160.0,,1
2025-09-15,2025-09,국내자사몰,116640.0,,1
2025-09-15,2025-09,국내자사몰,110160.0,,1
2025-09-15,2025-09,국내자사몰,52743.0,,1
2025-09-15,2025-09,국내자사몰,140250.0,,2
2025-09-15,2025-09,국내자사몰,103360.0,,1
2025-09-15,2025-09,국내자사몰,369199.0,,5
2025-09-15,2025-09,국내자사몰,116640.0,,1
2025-09-15,2025-09,국내자사몰,145350.0,,1
2025-09-15,2025-09,국내자사몰,145350.0,,1
2025-09-15,2025-09,국내자사몰,116640.0,,1
2025-09-15,2025-09,국내자사몰,200855.0,,3
2025-09-15,2025-09,국내자사몰,116640.0,,1
2025-09-15,2025-09,국내자사몰,115236.0,,1
2025-09-15,2025-09,국내자사몰,66470.0,,1
2025-09-15,2025-09,국내자사몰,152100.0,,1
2025-09-15,2025-09,국내자사몰,116640.0,,1
2025-09-15,2025-09,국내자사몰,141000.0,,1
2025-09-15,2025-09,국내자사몰,168300.0,,2
2025-09-15,2025-09,국내자사몰,107317.0,,1
2025-09-15,2025-09,국내자사몰,191650.0,,2
2025-09-15,2025-09,국내자사몰,129600.0,,1
2025-09-15,2025-09,국내자사몰,121125.0,,1
2025-09-15,2025-09,국내자사몰,122740.0,,1
2025-09-15,2025-09,국내자사몰,125531.0,,1
2025-09-15,2025-09,국내자사몰,139981.0,,1
2025-09-15,2025-09,국내자사몰,479385.0,,6
2025-09-15,2025-09,국내자사몰,50490.0,,1
2025-09-15,2025-09,국내자사몰,107150.0,,1
2025-09-15,2025-09,국내자사몰,145350.0,,1
2025-09-15,2025-09,국내자사몰,116640.0,,1
2025-09-15,2025-09,국내자사몰,50490.0,,1
2025-09-15,2025-09,국내자사몰,109820.0,,1
2025-09-15,2025-09,해외자사몰,212570.0,146.6,1
2025-09-15,2025-09,해외자사몰,332775.0,229.5,3
2025-09-15,2025-09,해외자사몰,229100.0,158.0,2
2025-09-15,2025-09,해외자사몰,235770.0,162.6,1
2025-09-15,2025-09,해외자사몰,411408.5,283.73,4
2025-09-15,2025-09,해외자사몰,182700.0,126.0,1
2025-09-15,2025-09,해외자사몰,212570.0,146.6,1
2025-09-15,2025-09,해외자사몰,212570.0,146.6,1
2025-09-15,2025-09,해외자사몰,107735.0,74.3,1
2025-09-15,2025-09,해외자사몰,212570.0,146.6,1
2025-09-15,2025-09,해외자사몰,212570.0,146.6,1
2025-09-16,2025-09,국내자사몰,110160.0,,1
2025-09-16,2025-09,국내자사몰,109820.0,,1
2025-09-16,2025-09,국내자사몰,116280.0,,1
2025-09-16,2025-09,국내자사몰,137275.0,,1
2025-09-16,2025-09,국내자사몰,113759.0,,1
2025-09-16,2025-09,국내자사몰,137275.0,,1
2025-09-16,2025-09,국내자사몰,110160.0,,1
2025-09-16,2025-09,국내자사몰,129600.0,,1
2025-09-16,2025-09,국내자사몰,137275.0,,1
2025-09-16,2025-09,국내자사몰,62050.0,,1
2025-09-16,2025-09,국내자사몰,78200.0,,1
2025-09-16,2025-09,국내자사몰,123000.0,,1
2025-09-16,2025-09,국내자사몰,116640.0,,1
2025-09-16,2025-09,국내자사몰,110160.0,,1
2025-09-16,2025-09,국내자사몰,110160.0,,1
2025-09-16,2025-09,국내자사몰,110160.0,,1
2025-09-16,2025-09,국내자사몰,110160.0,,1
2025-09-16,2025-09,국내자사몰,110455.0,,1
2025-09-16,2025-09,국내자사몰,145350.0,,1
2025-09-16,2025-09,국내자사몰,110160.0,,1
2025-09-16,2025-09,국내자사몰,110160.0,,1
2025-09-16,2025-09,국내자사몰,286565.0,,2
2025-09-16,2025-09,국내자사몰,110160.0,,1
2025-09-16,2025-09,국내자사몰,110160.0,,1
2025-09-16,2025-09,국내자사몰,129600.0,,1
2025-09-16,2025-09,국내자사몰,110160.0,,1
2025-09-16,2025-09,국내자사몰,110160.0,,1
2025-09-16,2025-09,국내자사몰,116640.0,,1
2025-09-16,2025-09,국내자사몰,110160.0,,1
2025-09-16,2025-09,국내자사몰,84150.0,,1
2025-09-16,2025-09,국내자사몰,116640.0,,1
2025-09-16,2025-09,국내자사몰,114155.0,,2
2025-09-16,2025-09,국내자사몰,119213.0,,2
2025-09-16,2025-09,국내자사몰,116640.0,,1
2025-09-16,2025-09,국내자사몰,145350.0,,1
2025-09-16,2025-09,국내자사몰,47685.0,,1
2025-09-16,2025-09,국내자사몰,57375.0,,1
2025-09-16,2025-09,국내자사몰,157590.0,,2
2025-09-16,2025-09,국내자사몰,181050.0,,2
2025-09-16,2025-09,국내자사몰,116640.0,,1
2025-09-16,2025-09,국내자사몰,233362.0,,3
2025-09-16,2025-09,국내자사몰,101180.0,,1
2025-09-16,2025-09,국내자사몰,166898.0,,3
2025-09-16,2025-09,해외자사몰,499844.00000000006,344.72,5
2025-09-16,2025-09,해외자사몰,157035.0,108.3,1
2025-09-16,2025-09,해외자사몰,212570.0,146.6,1
2025-09-16,2025-09,해외자사몰,304456.5,209.97,4
2025-09-16,2025-09,해외자사몰,212570.0,146.6,1
2025-09-16,2025-09,해외자사몰,212570.0,146.6,1
2025-09-16,2025-09,해외자사몰,212570.0,146.6,1
2025-09-16,2025-09,해외자사몰,182700.0,126.0,1
2025-09-16,2025-09,해외자사몰,345172.5,238.05,2
2025-09-16,2025-09,해외자사몰,306631.5,211.47,2
2025-09-16,2025-09,해외자사몰,212570.0,146.6,1
2025-09-16,2025-09,해외자사몰,374535.0,258.3,2
2025-09-17,2025-09,국내자사몰,110160.0,,1
2025-09-17,2025-09,국내자사몰,86400.0,,1
2025-09-17,2025-09,국내자사몰,118456.0,,1
2025-09-17,2025-09,국내자사몰,110160.0,,1
2025-09-17,2025-09,국내자사몰,161500.0,,1
2025-09-17,2025-09,국내자사몰,110160.0,,1
2025-09-17,2025-09,국내자사몰,110160.0,,1
2025-09-17,2025-09,국내자사몰,74375.0,,1
2025-09-17,2025-09,국내자사몰,116640.0,,1
2025-09-17,2025-09,국내자사몰,86400.0,,1
2025-09-17,2025-09,국내자사몰,138491.0,,2
2025-09-17,2025-09,국내자사몰,70380.0,,1
2025-09-17,2025-09,국내자사몰,110160.0,,1
2025-09-17,2025-09,국내자사몰,129600.0,,1
2025-09-17,2025-09,국내자사몰,79475.0,,1
2025-09-17,2025-09,국내자사몰,126225.0,,2
2025-09-17,2025-09,국내자사몰,56100.0,,1
2025-09-17,2025-09,국내자사몰,57375.0,,1
2025-09-17,2025-09,국내자사몰,145350.0,,1
2025-09-17,2025-09,국내자사몰,93500.0,,1
2025-09-17,2025-09,국내자사몰,110160.0,,1
2025-09-17,2025-09,국내자사몰,110160.0,,1
2025-09-17,2025-09,국내자사몰,110160.0,,1
2025-09-17,2025-09,국내자사몰,110160.0,,1
2025-09-17,2025-09,국내자사몰,119213.0,,2
2025-09-17,2025-09,국내자사몰,110160.0,,1
2025-09-17,2025-09,국내자사몰,116640.0,,1
2025-09-17,2025-09,국내자사몰,145350.0,,1
2025-09-17,2025-09,국내자사몰,52743.0,,1
2025-09-17,2025-09,국내자사몰,110160.0,,1
2025-09-17,2025-09,국내자사몰,92489.0,,1
2025-09-17,2025-09,국내자사몰,92489.0,,1
2025-09-17,2025-09,국내자사몰,137275.0,,1
2025-09-17,2025-09,국내자사몰,109820.0,,1
2025-09-17,2025-09,국내자사몰,110160.0,,1
2025-09-17,2025-09,국내자사몰,78200.0,,1
2025-09-17,2025-09,국내자사몰,123120.0,,1
2025-09-17,2025-09,국내자사몰,345780.0,,3
2025-09-17,2025-09,국내자사몰,110160.0,,1
2025-09-17,2025-09,국내자사몰,66470.0,,1
2025-09-17,2025-09,국내자사몰,129200.0,,1
2025-09-17,2025-09,해외자사몰,212570.0,146.6,1
2025-09-17,2025-09,해외자사몰,212570.0,146.6,1
2025-09-17,2025-09,해외자사몰,202521.5,139.67,1
2025-09-17,2025-09,해외자사몰,212570.0,146.6,1
2025-09-17,2025-09,해외자사몰,371055.0,255.9,3
2025-09-17,2025-09,해외자사몰,645830.0,445.4,6
2025-09-17,2025-09,해외자사몰,203754.00000000003,140.52,1
2025-09-17,2025-09,해외자사몰,274122.5,189.05,2
2025-09-17,2025-09,해외자사몰,212570.0,146.6,1
2025-09-17,2025-09,해외자사몰,524581.0,361.78,4
2025-09-17,2025-09,해외자사몰,212570.0,146.6,1
2025-09-17,2025-09,해외자사몰,418078.5,288.33,3
2025-09-17,2025-09,해외자사몰,322770.0,222.6,2
2025-09-17,2025-09,해외자사몰,212570.0,146.6,1
2025-09-18,2025-09,국내자사몰,331245.0,,3
2025-09-18,2025-09,국내자사몰,93500.0,,1
2025-09-18,2025-09,국내자사몰,153893.0,,2
2025-09-18,2025-09,국내자사몰,55845.0,,1
2025-09-18,2025-09,국내자사몰,140250.0,,2
2025-09-18,2025-09,국내자사몰,137275.0,,1
2025-09-18,2025-09,국내자사몰,74375.0,,1
2025-09-18,2025-09,국내자사몰,52743.0,,1
2025-09-18,2025-09,국내자사몰,218153.0,,3
2025-09-18,2025-09,국내자사몰,63750.0,,1
2025-09-18,2025-09,국내자사몰,101150.0,,1
2025-09-18,2025-09,국내자사몰,142154.0,,1
2025-09-18,2025-09,국내자사몰,161500.0,,1
2025-09-18,2025-09,국내자사몰,116640.0,,1
2025-09-18,2025-09,국내자사몰,145350.0,,1
2025-09-18,2025-09,국내자사몰,110160.0,,1
2025-09-18,2025-09,국내자사몰,119213.0,,2
2025-09-18,2025-09,국내자사몰,139443.0,,2
2025-09-18,2025-09,국내자사몰,99450.0,,1
2025-09-18,2025-09,국내자사몰,63355.0,,1
2025-09-18,2025-09,국내자사몰,145350.0,,1
2025-09-18,2025-09,국내자사몰,137275.0,,1
2025-09-18,2025-09,국내자사몰,116640.0,,1
2025-09-18,2025-09,국내자사몰,145350.0,,1
2025-09-18,2025-09,국내자사몰,157165.0,,2
2025-09-18,2025-09,국내자사몰,78200.0,,1
2025-09-18,2025-09,국내자사몰,116280.0,,1
2025-09-18,2025-09,국내자사몰,184238.0,,3
2025-09-18,2025-09,국내자사몰,114140.0,,1
2025-09-18,2025-09,국내자사몰,61226.0,,1
2025-09-18,2025-09,국내자사몰,50490.0,,1
2025-09-18,2025-09,국내자사몰,116280.0,,1
2025-09-18,2025-09,국내자사몰,84150.0,,1
2025-09-18,2025-09,국내자사몰,81090.0,,1
2025-09-18,2025-09,국내자사몰,116640.0,,1
2025-09-18,2025-09,국내자사몰,175950.0,,2
2025-09-18,2025-09,국내자사몰,116640.0,,1
2025-09-18,2025-09,해외자사몰,212570.0,146.6,1
2025-09-18,2025-09,해외자사몰,529105.0,364.9,4
2025-09-18,2025-09,해외자사몰,212570.0,146.6,1
2025-09-18,2025-09,해외자사몰,353510.0,243.8,3
2025-09-18,2025-09,해외자사몰,235770.0,162.6,1
2025-09-18,2025-09,해외자사몰,212570.0,146.6,1
2025-09-18,2025-09,해외자사몰,291551.5,201.07,2
2025-09-18,2025-09,해외자사몰,212570.0,146.6,1
2025-09-19,2025-09,국내자사몰,116640.0,,1
2025-09-19,2025-09,국내자사몰,175568.0,,2
2025-09-19,2025-09,국내자사몰,79790.0,,1
2025-09-19,2025-09,국내자사몰,129600.0,,1
2025-09-19,2025-09,국내자사몰,72900.0,,1
2025-09-19,2025-09,국내자사몰,110160.0,,1
2025-09-19,2025-09,국내자사몰,110160.0,,1
2025-09-19,2025-09,국내자사몰,129600.0,,1
2025-09-19,2025-09,국내자사몰,173401.0,,3
2025-09-19,2025-09,국내자사몰,105300.0,,1
2025-09-19,2025-09,국내자사몰,261990.0,,2
2025-09-19,2025-09,국내자사몰,54850.0,,1
2025-09-19,2025-09,국내자사몰,116640.0,,1
2025-09-19,2025-09,국내자사몰,116640.0,,1
2025-09-19,2025-09,국내자사몰,113780.0,,1
2025-09-19,2025-09,국내자사몰,47685.0,,1
2025-09-19,2025-09,국내자사몰,159120.0,,2
2025-09-19,2025-09,국내자사몰,65610.0,,1
2025-09-19,2025-09,국내자사몰,72900.0,,1
2025-09-19,2025-09,국내자사몰,116640.0,,1
2025-09-19,2025-09,국내자사몰,270810.0,,4
2025-09-19,2025-09,국내자사몰,137275.0,,1
2025-09-19,2025-09,국내자사몰,110160.0,,1
2025-09-19,2025-09,국내자사몰,66470.0,,1
2025-09-19,2025-09,국내자사몰,116640.0,,1
2025-09-19,2025-09,국내자사몰,55845.0,,1
2025-09-19,2025-09,국내자사몰,62050.0,,1
2025-09-19,2025-09,국내자사몰,218918.0,,3
2025-09-19,2025-09,해외자사몰,306631.5,211.47,2
2025-09-19,2025-09,해외자사몰,230985.00000000003,159.3,2
2025-09-19,2025-09,해외자사몰,212570.0,146.6,1
2025-09-19,2025-09,해외자사몰,211265.0,145.7,1
2025-09-19,2025-09,해외자사몰,235770.0,162.6,1
2025-09-19,2025-09,해외자사몰,235770.0,162.6,1
2025-09-19,2025-09,해외자사몰,235770.0,162.6,1
2025-09-19,2025-09,해외자사몰,124903.0,86.14,2
2025-09-19,2025-09,해외자사몰,235770.0,162.6,1
2025-09-19,2025-09,해외자사몰,333775.5,230.19,2
2025-09-20,2025-09,국내자사몰,161500.0,,1
2025-09-20,2025-09,국내자사몰,122740.0,,1
2025-09-20,2025-09,국내자사몰,166898.0,,3
2025-09-20,2025-09,국내자사몰,101745.0,,1
2025-09-20,2025-09,국내자사몰,171360.0,,3
2025-09-20,2025-09,국내자사몰,137275.0,,1
2025-09-20,2025-09,국내자사몰,52743.0,,1
2025-09-20,2025-09,국내자사몰,85236.0,,1
2025-09-20,2025-09,국내자사몰,76500.0,,1
2025-09-20,2025-09,국내자사몰,116640.0,,1
2025-09-20,2025-09,국내자사몰,137275.0,,1
2025-09-20,2025-09,국내자사몰,129600.0,,1
2025-09-20,2025-09,국내자사몰,181050.0,,2
2025-09-20,2025-09,국내자사몰,116640.0,,1
2025-09-20,2025-09,국내자사몰,134300.0,,2
2025-09-20,2025-09,국내자사몰,116640.0,,1
2025-09-20,2025-09,국내자사몰,129600.0,,1
2025-09-20,2025-09,국내자사몰,161500.0,,1
2025-09-20,2025-09,국내자사몰,116640.0,,1
2025-09-20,2025-09,국내자사몰,161500.0,,1
2025-09-20,2025-09,국내자사몰,116640.0,,1
2025-09-20,2025-09,국내자사몰,126225.0,,2
2025-09-20,2025-09,국내자사몰,116640.0,,1
2025-09-20,2025-09,국내자사몰,120870.0,,2
2025-09-20,2025-09,국내자사몰,144290.0,,1
2025-09-20,2025-09,국내자사몰,110160.0,,1
2025-09-20,2025-09,국내자사몰,107100.0,,1
2025-09-20,2025-09,해외자사몰,174290.0,120.2,1
2025-09-20,2025-09,해외자사몰,235770.0,162.6,1
2025-09-20,2025-09,해외자사몰,352640.0,243.2,2
2025-09-20,2025-09,해외자사몰,212570.0,146.6,1
2025-09-20,2025-09,해외자사몰,212570.0,146.6,1
2025-09-20,2025-09,해외자사몰,306631.5,211.47,2
2025-09-20,2025-09,해외자사몰,314360.0,216.8,3
2025-09-20,2025-09,해외자사몰,516432.00000000006,356.16,4
2025-09-20,2025-09,해외자사몰,422820.00000000006,291.6,3
2025-09-20,2025-09,해외자사몰,218500.5,150.69,2
2025-09-20,2025-09,해외자사몰,212570.0,146.6,1
2025-09-20,2025-09,해외자사몰,228520.0,157.6,2
2025-09-21,2025-09,국내자사몰,52743.0,,1
2025-09-21,2025-09,국내자사몰,56100.0,,1
2025-09-21,2025-09,국내자사몰,137275.0,,1
2025-09-21,2025-09,국내자사몰,96093.0,,1
2025-09-21,2025-09,국내자사몰,110160.0,,1
2025-09-21,2025-09,국내자사몰,58948.0,,1
2025-09-21,2025-09,국내자사몰,116640.0,,1
2025-09-21,2025-09,국내자사몰,102000.0,,1
2025-09-21,2025-09,국내자사몰,126225.0,,2
2025-09-21,2025-09,국내자사몰,116640.0,,1
2025-09-21,2025-09,국내자사몰,210970.0,,2
2025-09-21,2025-09,국내자사몰,54188.0,,1
2025-09-21,2025-09,국내자사몰,280500.0,,2
2025-09-21,2025-09,국내자사몰,116280.0,,1
2025-09-21,2025-09,국내자사몰,122825.0,,1
2025-09-21,2025-09,국내자사몰,75264.0,,1
2025-09-21,2025-09,국내자사몰,110160.0,,1
2025-09-21,2025-09,국내자사몰,284750.0,,3
2025-09-21,2025-09,국내자사몰,76500.0,,1
2025-09-21,2025-09,국내자사몰,137275.0,,1
2025-09-21,2025-09,국내자사몰,110160.0,,1
2025-09-21,2025-09,국내자사몰,39500.0,,1
2025-09-21,2025-09,국내자사몰,116640.0,,1
2025-09-21,2025-09,국내자사몰,116145.0,,1
2025-09-21,2025-09,국내자사몰,116640.0,,1
2025-09-21,2025-09,국내자사몰,122625.0,,1
2025-09-21,2025-09,국내자사몰,266985.0,,3
2025-09-21,2025-09,국내자사몰,161500.0,,1
2025-09-21,2025-09,국내자사몰,107865.0,,2
2025-09-21,2025-09,국내자사몰,62050.0,,1
2025-09-21,2025-09,국내자사몰,110160.0,,1
2025-09-21,2025-09,국내자사몰,110160.0,,1
2025-09-21,2025-09,국내자사몰,54188.0,,1
2025-09-21,2025-09,국내자사몰,110160.0,,1
2025-09-21,2025-09,국내자사몰,110160.0,,1
2025-09-21,2025-09,국내자사몰,110160.0,,1
2025-09-21,2025-09,국내자사몰,116640.0,,1
2025-09-21,2025-09,국내자사몰,129200.0,,1
2025-09-21,2025-09,국내자사몰,110160.0,,1
2025-09-21,2025-09,국내자사몰,110160.0,,1
2025-09-21,2025-09,국내자사몰,65610.0,,1
2025-09-21,2025-09,국내자사몰,119070.0,,2
2025-09-21,2025-09,국내자사몰,152100.0,,1
2025-09-21,2025-09,국내자사몰,103680.0,,1
2025-09-21,2025-09,국내자사몰,137275.0,,1
2025-09-21,2025-09,국내자사몰,49640.0,,1
2025-09-21,2025-09,국내자사몰,70380.0,,1
2025-09-21,2025-09,국내자사몰,52743.0,,1
2025-09-21,2025-09,국내자사몰,50490.0,,1
2025-09-21,2025-09,국내자사몰,44400.0,,1
2025-09-21,2025-09,국내자사몰,110160.0,,1
2025-09-21,2025-09,국내자사몰,116640.0,,1
2025-09-21,2025-09,해외자사몰,194227.5,133.95,1
2025-09-21,2025-09,해외자사몰,203754.00000000003,140.52,1
2025-09-21,2025-09,해외자사몰,363587.5,250.75,2
2025-09-21,2025-09,해외자사몰,211265.0,145.7,1
2025-09-21,2025-09,해외자사몰,327917.5,226.15,2
2025-09-21,2025-09,해외자사몰,352640.0,243.2,2
2025-09-21,2025-09,해외자사몰,209235.00000000003,144.3,2
2025-09-21,2025-09,해외자사몰,293712.0,202.56,2
2025-09-21,2025-09,해외자사몰,235770.0,162.6,1
2025-09-21,2025-09,해외자사몰,235770.0,162.6,1
2025-09-22,2025-09,국내자사몰,107100.0,,1
2025-09-22,2025-09,국내자사몰,110160.0,,1
2025-09-22,2025-09,국내자사몰,52743.0,,1
2025-09-22,2025-09,국내자사몰,110160.0,,1
2025-09-22,2025-09,국내자사몰,55845.0,,1
2025-09-22,2025-09,국내자사몰,55845.0,,1
2025-09-22,2025-09,국내자사몰,50490.0,,1
2025-09-22,2025-09,국내자사몰,70380.0,,1
2025-09-22,2025-09,국내자사몰,74406.0,,1
2025-09-22,2025-09,국내자사몰,116640.0,,1
2025-09-22,2025-09,국내자사몰,68850.0,,1
2025-09-22,2025-09,국내자사몰,116640.0,,1
2025-09-22,2025-09,국내자사몰,157845.0,,2
2025-09-22,2025-09,국내자사몰,55845.0,,1
2025-09-22,2025-09,국내자사몰,116640.0,,1
2025-09-22,2025-09,국내자사몰,162563.0,,2
2025-09-22,2025-09,국내자사몰,181688.0,,2
2025-09-22,2025-09,국내자사몰,110160.0,,1
2025-09-22,2025-09,국내자사몰,66470.0,,1
2025-09-22,2025-09,국내자사몰,101745.0,,1
2025-09-22,2025-09,국내자사몰,233280.0,,2
2025-09-22,2025-09,국내자사몰,101150.0,,1
2025-09-22,2025-09,국내자사몰,78750.0,,1
2025-09-22,2025-09,국내자사몰,276165.0,,4
2025-09-22,2025-09,국내자사몰,70380.0,,1
2025-09-22,2025-09,국내자사몰,123120.0,,1
2025-09-22,2025-09,국내자사몰,63750.0,,1
2025-09-22,2025-09,국내자사몰,129200.0,,1
2025-09-22,2025-09,국내자사몰,85500.0,,1
2025-09-22,2025-09,국내자사몰,268000.0,,4
2025-09-22,2025-09,국내자사몰,116640.0,,1
2025-09-22,2025-09,국내자사몰,52743.0,,1
2025-09-22,2025-09,국내자사몰,110160.0,,1
2025-09-22,2025-09,국내자사몰,78200.0,,1
2025-09-22,2025-09,국내자사몰,116640.0,,1
2025-09-22,2025-09,해외자사몰,481907.50000000006,332.35,3
2025-09-22,2025-09,해외자사몰,235770.0,162.6,1
2025-09-22,2025-09,해외자사몰,212570.0,146.6,1
2025-09-22,2025-09,해외자사몰,203754.00000000003,140.52,1
2025-09-22,2025-09,해외자사몰,235770.0,162.6,1
2025-09-23,2025-09,국내자사몰,100428.0,,2
2025-09-23,2025-09,국내자사몰,137275.0,,1
2025-09-23,2025-09,국내자사몰,52743.0,,1
2025-09-23,2025-09,국내자사몰,179285.0,,2
2025-09-23,2025-09,국내자사몰,110160.0,,1
2025-09-23,2025-09,국내자사몰,110160.0,,1
2025-09-23,2025-09,국내자사몰,119000.0,,1
2025-09-23,2025-09,국내자사몰,116640.0,,1
2025-09-23,2025-09,국내자사몰,116640.0,,1
2025-09-23,2025-09,국내자사몰,62050.0,,1
2025-09-23,2025-09,국내자사몰,129600.0,,1
2025-09-23,2025-09,국내자사몰,126225.0,,2
2025-09-23,2025-09,국내자사몰,137275.0,,1
2025-09-23,2025-09,국내자사몰,140250.0,,2
2025-09-23,2025-09,국내자사몰,110160.0,,1
2025-09-23,2025-09,국내자사몰,101150.0,,1
2025-09-23,2025-09,국내자사몰,50490.0,,1
2025-09-23,2025-09,국내자사몰,116640.0,,1
2025-09-23,2025-09,국내자사몰,97865.0,,2
2025-09-23,2025-09,국내자사몰,116640.0,,1
2025-09-23,2025-09,국내자사몰,197200.0,,2
2025-09-23,2025-09,국내자사몰,137275.0,,1
2025-09-23,2025-09,국내자사몰,116640.0,,1
2025-09-23,2025-09,국내자사몰,333073.0,,5
2025-09-23,2025-09,국내자사몰,55845.0,,1
2025-09-23,2025-09,국내자사몰,91800.0,,1
2025-09-23,2025-09,국내자사몰,68850.0,,1
2025-09-23,2025-09,국내자사몰,149439.0,,1
2025-09-23,2025-09,국내자사몰,113050.0,,1
2025-09-23,2025-09,국내자사몰,70380.0,,1
2025-09-23,2025-09,국내자사몰,145350.0,,1
2025-09-23,2025-09,국내자사몰,50490.0,,1
2025-09-23,2025-09,국내자사몰,75285.0,,2
2025-09-23,2025-09,국내자사몰,143145.0,,2
2025-09-23,2025-09,국내자사몰,191250.0,,2
2025-09-23,2025-09,국내자사몰,116640.0,,1
2025-09-23,2025-09,해외자사몰,228520.0,157.6,2
2025-09-23,2025-09,해외자사몰,512923.0,353.74,3
2025-09-23,2025-09,해외자사몰,211265.0,145.7,1
2025-09-23,2025-09,해외자사몰,799820.0,551.6,6
2025-09-23,2025-09,해외자사몰,182700.0,126.0,1
2025-09-23,2025-09,해외자사몰,205102.5,141.45,1
2025-09-23,2025-09,해외자사몰,212570.0,146.6,1
2025-09-23,2025-09,해외자사몰,317260.0,218.8,3
2025-09-23,2025-09,해외자사몰,211265.0,145.7,1
2025-09-23,2025-09,해외자사몰,186397.50000000003,128.55,1
2025-09-23,2025-09,해외자사몰,194300.0,134.0,1
2025-09-23,2025-09,해외자사몰,182700.0,126.0,1
2025-09-23,2025-09,해외자사몰,211265.0,145.7,1
2025-09-23,2025-09,해외자사몰,545997.5,376.55,4
2025-09-23,2025-09,해외자사몰,563252.5,388.45,4
2025-09-24,2025-09,국내자사몰,129600.0,,1
2025-09-24,2025-09,국내자사몰,99450.0,,1
2025-09-24,2025-09,국내자사몰,50490.0,,1
2025-09-24,2025-09,국내자사몰,156825.0,,2
2025-09-24,2025-09,국내자사몰,161500.0,,1
2025-09-24,2025-09,국내자사몰,50490.0,,1
2025-09-24,2025-09,국내자사몰,126225.0,,2
2025-09-24,2025-09,국내자사몰,129600.0,,1
2025-09-24,2025-09,국내자사몰,110160.0,,1
2025-09-24,2025-09,국내자사몰,116640.0,,1
2025-09-24,2025-09,국내자사몰,57375.0,,1
2025-09-24,2025-09,국내자사몰,54188.0,,1
2025-09-24,2025-09,국내자사몰,52743.0,,1
2025-09-24,2025-09,국내자사몰,116640.0,,1
2025-09-24,2025-09,국내자사몰,55845.0,,1
2025-09-24,2025-09,국내자사몰,114155.0,,2
2025-09-24,2025-09,국내자사몰,52743.0,,1
2025-09-24,2025-09,국내자사몰,116640.0,,1
2025-09-24,2025-09,국내자사몰,86020.0,,3
2025-09-24,2025-09,국내자사몰,99450.0,,1
2025-09-24,2025-09,국내자사몰,22710.0,,1
2025-09-24,2025-09,국내자사몰,162903.0,,2
2025-09-24,2025-09,국내자사몰,129600.0,,1
2025-09-24,2025-09,국내자사몰,63750.0,,1
2025-09-24,2025-09,국내자사몰,242865.0,,3
2025-09-24,2025-09,국내자사몰,66470.0,,1
2025-09-24,2025-09,국내자사몰,70380.0,,1
2025-09-24,2025-09,해외자사몰,212570.0,146.6,1
2025-09-24,2025-09,해외자사몰,333775.5,230.19,2
2025-09-24,2025-09,해외자사몰,528960.0,364.8,3
2025-09-24,2025-09,해외자사몰,235770.0,162.6,1
2025-09-24,2025-09,해외자사몰,212570.0,146.6,1
2025-09-24,2025-09,해외자사몰,212570.0,146.6,1
2025-09-24,2025-09,해외자사몰,212570.0,146.6,1
2025-09-24,2025-09,해외자사몰,374535.0,258.3,2
2025-09-24,2025-09,해외자사몰,212570.0,146.6,1
2025-09-24,2025-09,해외자사몰,174290.0,120.2,2
2025-09-24,2025-09,해외자사몰,212570.0,146.6,1
2025-09-25,2025-09,국내자사몰,137275.0,,1
2025-09-25,2025-09,국내자사몰,110160.0,,1
2025-09-25,2025-09,국내자사몰,153425.0,,1
2025-09-25,2025-09,국내자사몰,116640.0,,1
2025-09-25,2025-09,국내자사몰,113050.0,,1
2025-09-25,2025-09,국내자사몰,126676.0,,1
2025-09-25,2025-09,국내자사몰,86700.0,,1
2025-09-25,2025-09,국내자사몰,354195.0,,4
2025-09-25,2025-09,국내자사몰,187850.0,,2
2025-09-25,2025-09,국내자사몰,96093.0,,1
2025-09-25,2025-09,국내자사몰,54188.0,,1
2025-09-25,2025-09,국내자사몰,145350.0,,1
2025-09-25,2025-09,국내자사몰,123120.0,,1
2025-09-25,2025-09,국내자사몰,55845.0,,1
2025-09-25,2025-09,국내자사몰,63750.0,,1
2025-09-25,2025-09,국내자사몰,116640.0,,1
2025-09-25,2025-09,국내자사몰,175185.0,,2
2025-09-25,2025-09,국내자사몰,422280.0,,5
2025-09-25,2025-09,국내자사몰,110160.0,,1
2025-09-25,2025-09,국내자사몰,260101.0,,4
2025-09-25,2025-09,국내자사몰,116640.0,,1
2025-09-25,2025-09,국내자사몰,110160.0,,1
2025-09-25,2025-09,국내자사몰,122740.0,,1
2025-09-25,2025-09,국내자사몰,116640.0,,1
2025-09-25,2025-09,국내자사몰,137275.0,,1
2025-09-25,2025-09,국내자사몰,57690.0,,3
2025-09-25,2025-09,국내자사몰,116280.0,,1
2025-09-25,2025-09,국내자사몰,137275.0,,1
2025-09-25,2025-09,국내자사몰,110160.0,,1
2025-09-25,2025-09,국내자사몰,129600.0,,1
2025-09-25,2025-09,국내자사몰,137275.0,,1
2025-09-25,2025-09,국내자사몰,116640.0,,1
2025-09-25,2025-09,국내자사몰,66470.0,,1
2025-09-25,2025-09,국내자사몰,130050.0,,1
2025-09-25,2025-09,국내자사몰,110160.0,,1
2025-09-25,2025-09,국내자사몰,66470.0,,1
2025-09-25,2025-09,국내자사몰,113220.0,,2
2025-09-25,2025-09,국내자사몰,110160.0,,1
2025-09-25,2025-09,국내자사몰,66470.0,,1
2025-09-25,2025-09,국내자사몰,233280.0,,2
2025-09-25,2025-09,국내자사몰,137275.0,,1
2025-09-25,2025-09,국내자사몰,137275.0,,1
2025-09-25,2025-09,국내자사몰,103104.0,,1
2025-09-25,2025-09,국내자사몰,161500.0,,1
2025-09-25,2025-09,국내자사몰,110160.0,,1
2025-09-25,2025-09,국내자사몰,55845.0,,1
2025-09-25,2025-09,국내자사몰,234126.0,,2
2025-09-25,2025-09,국내자사몰,116640.0,,1
2025-09-25,2025-09,국내자사몰,126225.0,,2
2025-09-25,2025-09,국내자사몰,116640.0,,1
2025-09-25,2025-09,국내자사몰,183600.0,,3
2025-09-25,2025-09,국내자사몰,204000.0,,3
2025-09-25,2025-09,국내자사몰,110160.0,,1
2025-09-25,2025-09,국내자사몰,55845.0,,1
2025-09-25,2025-09,국내자사몰,101975.0,,1
2025-09-25,2025-09,국내자사몰,220320.0,,2
2025-09-25,2025-09,해외자사몰,212570.0,146.6,1
2025-09-25,2025-09,해외자사몰,212570.0,146.6,1
2025-09-25,2025-09,해외자사몰,194300.0,134.0,1
2025-09-25,2025-09,해외자사몰,212570.0,146.6,1
2025-09-25,2025-09,해외자사몰,212570.0,146.6,1
2025-09-25,2025-09,해외자사몰,176755.0,121.9,2
2025-09-25,2025-09,해외자사몰,182700.0,126.0,1
2025-09-25,2025-09,해외자사몰,211265.0,145.7,1
2025-09-25,2025-09,해외자사몰,212570.0,146.6,1
2025-09-26,2025-09,국내자사몰,126296.0,,1
2025-09-26,2025-09,국내자사몰,110160.0,,1
2025-09-26,2025-09,국내자사몰,145350.0,,1
2025-09-26,2025-09,국내자사몰,137275.0,,1
2025-09-26,2025-09,국내자사몰,54188.0,,1
2025-09-26,2025-09,국내자사몰,137275.0,,1
2025-09-26,2025-09,국내자사몰,55845.0,,1
2025-09-26,2025-09,국내자사몰,137275.0,,1
2025-09-26,2025-09,국내자사몰,47685.0,,1
2025-09-26,2025-09,국내자사몰,116640.0,,1
2025-09-26,2025-09,국내자사몰,145350.0,,1
2025-09-26,2025-09,국내자사몰,129200.0,,1
2025-09-26,2025-09,국내자사몰,143650.0,,1
2025-09-26,2025-09,국내자사몰,137275.0,,1
2025-09-26,2025-09,국내자사몰,54188.0,,1
2025-09-26,2025-09,국내자사몰,116640.0,,1
2025-09-26,2025-09,국내자사몰,68850.0,,1
2025-09-26,2025-09,국내자사몰,96093.0,,1
2025-09-26,2025-09,국내자사몰,110160.0,,1
2025-09-26,2025-09,국내자사몰,116640.0,,1
2025-09-26,2025-09,국내자사몰,129600.0,,1
2025-09-26,2025-09,국내자사몰,110160.0,,1
2025-09-26,2025-09,국내자사몰,159940.0,,1
2025-09-26,2025-09,국내자사몰,47685.0,,1
2025-09-26,2025-09,국내자사몰,116640.0,,1
2025-09-26,2025-09,국내자사몰,123120.0,,1
2025-09-26,2025-09,국내자사몰,129600.0,,1
2025-09-26,2025-09,국내자사몰,153893.0,,2
2025-09-26,2025-09,국내자사몰,224100.0,,2
2025-09-26,2025-09,국내자사몰,110160.0,,1
2025-09-26,2025-09,국내자사몰,56100.0,,1
2025-09-26,2025-09,국내자사몰,110160.0,,1
2025-09-26,2025-09,국내자사몰,191650.0,,2
2025-09-26,2025-09,국내자사몰,137275.0,,1
2025-09-26,2025-09,해외자사몰,527510.0,363.8,4
2025-09-26,2025-09,해외자사몰,212570.0,146.6,1
2025-09-26,2025-09,해외자사몰,284055.0,195.9,2
2025-09-26,2025-09,해외자사몰,212570.0,146.6,1
2025-09-26,2025-09,해외자사몰,639885.0,441.3,6
2025-09-26,2025-09,해외자사몰,892344.5,615.41,8
2025-09-26,2025-09,해외자사몰,212570.0,146.6,1
2025-09-26,2025-09,해외자사몰,254185.00000000003,175.3,2
2025-09-26,2025-09,해외자사몰,182700.0,126.0,1
2025-09-26,2025-09,해외자사몰,212570.0,146.6,1
2025-09-26,2025-09,해외자사몰,196663.5,135.63,1
2025-09-26,2025-09,해외자사몰,235770.0,162.6,1
2025-09-26,2025-09,해외자사몰,212570.0,146.6,1
2025-09-26,2025-09,해외자사몰,212570.0,146.6,1
2025-09-27,2025-09,국내자사몰,65025.0,,1
2025-09-27,2025-09,국내자사몰,173401.0,,3
2025-09-27,2025-09,국내자사몰,145350.0,,1
2025-09-27,2025-09,국내자사몰,129600.0,,1
2025-09-27,2025-09,국내자사몰,129600.0,,1
2025-09-27,2025-09,국내자사몰,110160.0,,1
2025-09-27,2025-09,국내자사몰,145350.0,,1
2025-09-27,2025-09,국내자사몰,161500.0,,1
2025-09-27,2025-09,국내자사몰,87500.0,,1
2025-09-27,2025-09,국내자사몰,47685.0,,1
2025-09-27,2025-09,국내자사몰,101000.0,,1
2025-09-27,2025-09,국내자사몰,72900.0,,1
2025-09-27,2025-09,국내자사몰,52743.0,,1
2025-09-27,2025-09,국내자사몰,96093.0,,1
2025-09-27,2025-09,국내자사몰,110160.0,,1
2025-09-27,2025-09,국내자사몰,178840.0,,2
2025-09-27,2025-09,국내자사몰,175185.0,,2
2025-09-27,2025-09,국내자사몰,140250.0,,2
2025-09-27,2025-09,국내자사몰,213795.0,,3
2025-09-27,2025-09,국내자사몰,109820.0,,1
2025-09-27,2025-09,국내자사몰,70380.0,,1
2025-09-27,2025-09,국내자사몰,161500.0,,1
2025-09-27,2025-09,국내자사몰,195075.0,,3
2025-09-27,2025-09,국내자사몰,93500.0,,1
2025-09-27,2025-09,국내자사몰,109350.0,,1
2025-09-27,2025-09,국내자사몰,161500.0,,1
2025-09-27,2025-09,국내자사몰,507195.0,,5
2025-09-27,2025-09,국내자사몰,537030.0,,5
2025-09-27,2025-09,국내자사몰,57375.0,,1
2025-09-27,2025-09,해외자사몰,234900.0,162.0,2
2025-09-27,2025-09,해외자사몰,212570.0,146.6,1
2025-09-27,2025-09,해외자사몰,284055.0,195.9,2
2025-09-27,2025-09,해외자사몰,797383.9999999999,549.92,7
2025-09-27,2025-09,해외자사몰,330310.0,227.8,3
2025-09-28,2025-09,국내자사몰,107100.0,,1
2025-09-28,2025-09,국내자사몰,66470.0,,1
2025-09-28,2025-09,국내자사몰,126225.0,,2
2025-09-28,2025-09,국내자사몰,288150.0,,3
2025-09-28,2025-09,국내자사몰,122825.0,,1
2025-09-28,2025-09,국내자사몰,57915.0,,1
2025-09-28,2025-09,국내자사몰,55845.0,,1
2025-09-28,2025-09,국내자사몰,52743.0,,1
2025-09-28,2025-09,국내자사몰,129600.0,,1
2025-09-28,2025-09,국내자사몰,119213.0,,2
2025-09-28,2025-09,국내자사몰,110160.0,,1
2025-09-28,2025-09,국내자사몰,137275.0,,1
2025-09-28,2025-09,국내자사몰,143650.0,,1
2025-09-28,2025-09,국내자사몰,116640.0,,1
2025-09-28,2025-09,국내자사몰,110160.0,,1
2025-09-28,2025-09,국내자사몰,274550.0,,3
2025-09-28,2025-09,국내자사몰,94733.0,,1
2025-09-28,2025-09,국내자사몰,119213.0,,2
2025-09-28,2025-09,국내자사몰,78200.0,,1
2025-09-28,2025-09,국내자사몰,145350.0,,1
2025-09-28,2025-09,국내자사몰,55845.0,,1
2025-09-28,2025-09,국내자사몰,110160.0,,1
2025-09-28,2025-09,국내자사몰,54188.0,,1
2025-09-28,2025-09,국내자사몰,116640.0,,1
2025-09-28,2025-09,해외자사몰,212570.0,146.6,1
2025-09-28,2025-09,해외자사몰,235770.0,162.6,1
2025-09-28,2025-09,해외자사몰,321929.0,222.02,5
2025-09-28,2025-09,해외자사몰,203754.00000000003,140.52,1
2025-09-28,2025-09,해외자사몰,212570.0,146.6,1
2025-09-28,2025-09,해외자사몰,189094.5,130.41,1
2025-09-28,2025-09,해외자사몰,225794.0,155.72,1
2025-09-28,2025-09,해외자사몰,555857.5,383.35,4
2025-09-28,2025-09,해외자사몰,174290.0,120.2,1
2025-09-28,2025-09,해외자사몰,664317.5,458.15,5
2025-09-28,2025-09,해외자사몰,212570.0,146.6,1
2025-09-28,2025-09,해외자사몰,212570.0,146.6,1
2025-09-28,2025-09,해외자사몰,182700.0,126.0,1
2025-09-28,2025-09,해외자사몰,275500.0,190.0,1
2025-09-29,2025-09,국내자사몰,52743.0,,1
2025-09-29,2025-09,국내자사몰,116280.0,,1
2025-09-29,2025-09,국내자사몰,72900.0,,1
2025-09-29,2025-09,국내자사몰,37830.0,,1
2025-09-29,2025-09,국내자사몰,66470.0,,1
2025-09-29,2025-09,국내자사몰,70380.0,,1
2025-09-29,2025-09,국내자사몰,116280.0,,1
2025-09-29,2025-09,국내자사몰,116640.0,,1
2025-09-29,2025-09,국내자사몰,116640.0,,1
2025-09-29,2025-09,국내자사몰,119213.0,,2
2025-09-29,2025-09,국내자사몰,109820.0,,1
2025-09-29,2025-09,국내자사몰,76500.0,,1
2025-09-29,2025-09,국내자사몰,200503.0,,3
2025-09-29,2025-09,국내자사몰,110160.0,,1
2025-09-29,2025-09,국내자사몰,121500.0,,1
2025-09-29,2025-09,국내자사몰,116640.0,,1
2025-09-29,2025-09,국내자사몰,325485.0,,3
2025-09-29,2025-09,국내자사몰,110160.0,,1
2025-09-29,2025-09,국내자사몰,129600.0,,1
2025-09-29,2025-09,국내자사몰,105486.0,,2
2025-09-29,2025-09,국내자사몰,62560.0,,1
2025-09-29,2025-09,국내자사몰,50815.0,,1
2025-09-29,2025-09,국내자사몰,145350.0,,1
2025-09-29,2025-09,국내자사몰,145350.0,,1
2025-09-29,2025-09,국내자사몰,65025.0,,1
2025-09-29,2025-09,국내자사몰,413100.0,,4
2025-09-29,2025-09,국내자사몰,52743.0,,1
2025-09-29,2025-09,국내자사몰,58795.0,,1
2025-09-29,2025-09,국내자사몰,58242.0,,1
2025-09-29,2025-09,국내자사몰,66594.0,,1
2025-09-29,2025-09,국내자사몰,133238.0,,2
2025-09-29,2025-09,해외자사몰,105270.0,72.6,1
2025-09-29,2025-09,해외자사몰,212570.0,146.6,1
2025-09-29,2025-09,해외자사몰,230985.00000000003,159.3,1
2025-09-29,2025-09,해외자사몰,351335.0,242.3,2
2025-09-29,2025-09,해외자사몰,212570.0,146.6,1
2025-09-29,2025-09,해외자사몰,302035.0,208.3,2
2025-09-29,2025-09,해외자사몰,203754.00000000003,140.52,1
2025-09-29,2025-09,해외자사몰,203754.00000000003,140.52,1
2025-09-29,2025-09,해외자사몰,291377.5,200.95,3
2025-09-29,2025-09,해외자사몰,203754.00000000003,140.52,1
2025-09-29,2025-09,해외자사몰,203754.00000000003,140.52,1
2025-09-29,2025-09,해외자사몰,276587.5,190.75,2
2025-09-30,2025-09,국내자사몰,56100.0,,1
2025-09-30,2025-09,국내자사몰,87500.0,,1
2025-09-30,2025-09,국내자사몰,70380.0,,1
2025-09-30,2025-09,국내자사몰,78200.0,,1
2025-09-30,2025-09,국내자사몰,127755.0,,2
2025-09-30,2025-09,국내자사몰,54188.0,,1
2025-09-30,2025-09,국내자사몰,145350.0,,1
2025-09-30,2025-09,국내자사몰,327505.0,,4
2025-09-30,2025-09,국내자사몰,232985.0,,2
2025-09-30,2025-09,국내자사몰,110160.0,,1
2025-09-30,2025-09,국내자사몰,130050.0,,1
2025-09-30,2025-09,국내자사몰,200430.0,,2
2025-09-30,2025-09,국내자사몰,233280.0,,2
2025-09-30,2025-09,국내자사몰,110160.0,,1
2025-09-30,2025-09,국내자사몰,59400.0,,1
2025-09-30,2025-09,국내자사몰,78200.0,,1
2025-09-30,2025-09,국내자사몰,101745.0,,1
2025-09-30,2025-09,국내자사몰,116640.0,,1
2025-09-30,2025-09,국내자사몰,109820.0,,1
2025-09-30,2025-09,국내자사몰,65025.0,,1
2025-09-30,2025-09,국내자사몰,110160.0,,1
2025-09-30,2025-09,국내자사몰,139995.0,,2
2025-09-30,2025-09,국내자사몰,131470.0,,2
2025-09-30,2025-09,국내자사몰,52743.0,,1
2025-09-30,2025-09,국내자사몰,116280.0,,1
2025-09-30,2025-09,국내자사몰,110160.0,,1
2025-09-30,2025-09,국내자사몰,65610.0,,1
2025-09-30,2025-09,국내자사몰,129600.0,,1
2025-09-30,2025-09,국내자사몰,67822.0,,1
2025-09-30,2025-09,해외자사몰,298265.0,205.7,2
2025-09-30,2025-09,해외자사몰,235770.0,162.6,1
2025-09-30,2025-09,해외자사몰,203754.00000000003,140.52,1
2025-09-30,2025-09,해외자사몰,444352.5,306.45,5
2025-09-30,2025-09,해외자사몰,335008.0,231.04,2
2025-09-30,2025-09,해외자사몰,275123.0,189.74,2
2025-09-30,2025-09,해외자사몰,212570.0,146.6,1
2025-09-30,2025-09,해외자사몰,212570.0,146.6,1
2025-10-01,2025-10,국내자사몰,59940.0,,1
2025-10-01,2025-10,국내자사몰,57500.0,,1
2025-10-01,2025-10,국내자사몰,116640.0,,1
2025-10-01,2025-10,국내자사몰,122740.0,,1
2025-10-01,2025-10,국내자사몰,101873.0,,2
2025-10-01,2025-10,국내자사몰,129600.0,,1
2025-10-01,2025-10,국내자사몰,57375.0,,1
2025-10-01,2025-10,국내자사몰,35895.0,,1
2025-10-01,2025-10,국내자사몰,110160.0,,1
2025-10-01,2025-10,국내자사몰,110160.0,,1
2025-10-01,2025-10,국내자사몰,116640.0,,1
2025-10-01,2025-10,국내자사몰,130050.0,,1
2025-10-01,2025-10,국내자사몰,116640.0,,1
2025-10-01,2025-10,국내자사몰,110160.0,,1
2025-10-01,2025-10,국내자사몰,72675.0,,1
2025-10-01,2025-10,국내자사몰,58948.0,,1
2025-10-01,2025-10,국내자사몰,76500.0,,1
2025-10-01,2025-10,국내자사몰,129600.0,,1
2025-10-01,2025-10,국내자사몰,66470.0,,1
2025-10-01,2025-10,국내자사몰,66470.0,,1
2025-10-01,2025-10,국내자사몰,52743.0,,1
2025-10-01,2025-10,국내자사몰,116640.0,,1
2025-10-01,2025-10,국내자사몰,129600.0,,1
2025-10-01,2025-10,국내자사몰,123120.0,,1
2025-10-01,2025-10,국내자사몰,70380.0,,1
2025-10-01,2025-10,국내자사몰,119213.0,,2
2025-10-01,2025-10,국내자사몰,101150.0,,1
2025-10-01,2025-10,국내자사몰,118703.0,,1
2025-10-01,2025-10,국내자사몰,132600.0,,1
2025-10-01,2025-10,국내자사몰,101150.0,,1
2025-10-01,2025-10,국내자사몰,36600.0,,2
2025-10-01,2025-10,국내자사몰,152000.0,,2
2025-10-01,2025-10,국내자사몰,126793.0,,2
2025-10-01,2025-10,국내자사몰,52743.0,,1
2025-10-01,2025-10,국내자사몰,112208.0,,2
2025-10-01,2025-10,국내자사몰,144500.0,,1
2025-10-01,2025-10,국내자사몰,55845.0,,1
2025-10-01,2025-10,국내자사몰,123120.0,,1
2025-10-01,2025-10,해외자사몰,212570.0,146.6,1
2025-10-01,2025-10,해외자사몰,182700.0,126.0,1
2025-10-01,2025-10,해외자사몰,212570.0,146.6,1
2025-10-01,2025-10,해외자사몰,308197.5,212.55,3
2025-10-01,2025-10,해외자사몰,398097.5,274.55,4
2025-10-01,2025-10,해외자사몰,212570.0,146.6,1
2025-10-02,2025-10,국내자사몰,116280.0,,1
2025-10-02,2025-10,국내자사몰,199260.0,,2
2025-10-02,2025-10,국내자사몰,107100.0,,1
2025-10-02,2025-10,국내자사몰,88825.0,,1
2025-10-02,2025-10,국내자사몰,126225.0,,2
2025-10-02,2025-10,국내자사몰,55845.0,,1
2025-10-02,2025-10,국내자사몰,116280.0,,1
2025-10-02,2025-10,국내자사몰,129200.0,,1
2025-10-02,2025-10,국내자사몰,116865.0,,1
2025-10-02,2025-10,국내자사몰,361250.0,,4
2025-10-02,2025-10,국내자사몰,54625.0,,1
2025-10-02,2025-10,국내자사몰,116280.0,,1
2025-10-02,2025-10,국내자사몰,116640.0,,1
2025-10-02,2025-10,국내자사몰,129600.0,,1
2025-10-02,2025-10,국내자사몰,110160.0,,1
2025-10-02,2025-10,국내자사몰,137275.0,,1
2025-10-02,2025-10,국내자사몰,153893.0,,2
2025-10-02,2025-10,국내자사몰,161500.0,,1
2025-10-02,2025-10,국내자사몰,117768.0,,2
2025-10-02,2025-10,국내자사몰,50490.0,,1
2025-10-02,2025-10,국내자사몰,116640.0,,1
2025-10-02,2025-10,국내자사몰,197838.0,,2
2025-10-02,2025-10,국내자사몰,52743.0,,1
2025-10-02,2025-10,국내자사몰,75995.0,,1
2025-10-02,2025-10,국내자사몰,126225.0,,2
2025-10-02,2025-10,국내자사몰,26940.0,,2
2025-10-02,2025-10,국내자사몰,110160.0,,1
2025-10-02,2025-10,국내자사몰,110160.0,,1
2025-10-02,2025-10,국내자사몰,136335.0,,2
2025-10-02,2025-10,국내자사몰,110160.0,,1
2025-10-02,2025-10,국내자사몰,66470.0,,1
2025-10-02,2025-10,국내자사몰,119213.0,,2
2025-10-02,2025-10,국내자사몰,48875.0,,1
2025-10-02,2025-10,국내자사몰,51750.0,,1
2025-10-02,2025-10,국내자사몰,51750.0,,1
2025-10-02,2025-10,국내자사몰,109820.0,,1
2025-10-02,2025-10,국내자사몰,98516.0,,1
2025-10-02,2025-10,국내자사몰,148836.0,,2
2025-10-02,2025-10,해외자사몰,306892.5,211.65,2
2025-10-02,2025-10,해외자사몰,304297.0,209.86,2
2025-10-02,2025-10,해외자사몰,212570.0,146.6,1
2025-10-02,2025-10,해외자사몰,212570.0,146.6,1
2025-10-02,2025-10,해외자사몰,364066.0,251.08,3
2025-10-02,2025-10,해외자사몰,332108.0,229.04,2
2025-10-02,2025-10,해외자사몰,212570.0,146.6,1
2025-10-02,2025-10,해외자사몰,320450.0,221.0,3
2025-10-03,2025-10,국내자사몰,116640.0,,1
2025-10-03,2025-10,국내자사몰,110373.0,,1
2025-10-03,2025-10,국내자사몰,107100.0,,1
2025-10-03,2025-10,국내자사몰,129850.0,,1
2025-10-03,2025-10,국내자사몰,116640.0,,1
2025-10-03,2025-10,국내자사몰,116640.0,,1
2025-10-03,2025-10,국내자사몰,116640.0,,1
2025-10-03,2025-10,국내자사몰,62050.0,,1
2025-10-03,2025-10,국내자사몰,56100.0,,1
2025-10-03,2025-10,국내자사몰,116640.0,,1
2025-10-03,2025-10,국내자사몰,78200.0,,1
2025-10-03,2025-10,국내자사몰,55845.0,,1
2025-10-03,2025-10,국내자사몰,395100.0,,5
2025-10-03,2025-10,국내자사몰,129600.0,,1
2025-10-03,2025-10,국내자사몰,116640.0,,1
2025-10-03,2025-10,국내자사몰,52743.0,,1
2025-10-03,2025-10,국내자사몰,52743.0,,1
2025-10-03,2025-10,국내자사몰,268049.0,,4
2025-10-03,2025-10,국내자사몰,123120.0,,1
2025-10-03,2025-10,국내자사몰,123259.0,,1
2025-10-03,2025-10,국내자사몰,110160.0,,1
2025-10-03,2025-10,국내자사몰,51750.0,,1
2025-10-03,2025-10,국내자사몰,56943.0,,1
2025-10-03,2025-10,국내자사몰,161109.0,,2
2025-10-03,2025-10,해외자사몰,203754.00000000003,140.52,1
2025-10-03,2025-10,해외자사몰,174362.5,120.25,1
2025-10-03,2025-10,해외자사몰,212570.0,146.6,1
2025-10-03,2025-10,해외자사몰,212570.0,146.6,1
2025-10-03,2025-10,해외자사몰,186615.0,128.7,1
2025-10-03,2025-10,해외자사몰,310358.0,214.04,2
2025-10-03,2025-10,해외자사몰,168838.0,116.44,1
2025-10-03,2025-10,해외자사몰,539704.5,372.21,4
2025-10-03,2025-10,해외자사몰,203754.00000000003,140.52,1
2025-10-03,2025-10,해외자사몰,235770.0,162.6,1
2025-10-03,2025-10,해외자사몰,205102.5,141.45,1
2025-10-03,2025-10,해외자사몰,558525.5,385.19,6
2025-10-03,2025-10,해외자사몰,212570.0,146.6,1
2025-10-03,2025-10,해외자사몰,212570.0,146.6,1
2025-10-03,2025-10,해외자사몰,212570.0,146.6,1
2025-10-04,2025-10,국내자사몰,88235.0,,1
2025-10-04,2025-10,국내자사몰,51750.0,,1
2025-10-04,2025-10,국내자사몰,122825.0,,1
2025-10-04,2025-10,국내자사몰,110160.0,,1
2025-10-04,2025-10,국내자사몰,145350.0,,1
2025-10-04,2025-10,국내자사몰,22890.0,,1
2025-10-04,2025-10,국내자사몰,110373.0,,1
2025-10-04,2025-10,국내자사몰,126225.0,,2
2025-10-04,2025-10,국내자사몰,130000.0,,2
2025-10-04,2025-10,국내자사몰,116640.0,,1
2025-10-04,2025-10,국내자사몰,99450.0,,1
2025-10-04,2025-10,국내자사몰,110160.0,,1
2025-10-04,2025-10,국내자사몰,116640.0,,1
2025-10-04,2025-10,국내자사몰,274230.0,,3
2025-10-04,2025-10,국내자사몰,51750.0,,1
2025-10-04,2025-10,국내자사몰,140250.0,,2
2025-10-04,2025-10,국내자사몰,202300.0,,2
2025-10-04,2025-10,국내자사몰,233869.0,,2
2025-10-04,2025-10,국내자사몰,116640.0,,1
2025-10-04,2025-10,국내자사몰,259369.0,,2
2025-10-04,2025-10,국내자사몰,110160.0,,1
2025-10-04,2025-10,국내자사몰,47685.0,,1
2025-10-04,2025-10,해외자사몰,235770.0,162.6,1
2025-10-04,2025-10,해외자사몰,211265.0,145.7,1
2025-10-04,2025-10,해외자사몰,212570.0,146.6,1
2025-10-04,2025-10,해외자사몰,447397.5,308.55,5
2025-10-04,2025-10,해외자사몰,212570.0,146.6,1
2025-10-04,2025-10,해외자사몰,167460.5,115.49,1
2025-10-04,2025-10,해외자사몰,212570.0,146.6,1
2025-10-04,2025-10,해외자사몰,274122.5,189.05,2
2025-10-04,2025-10,해외자사몰,212570.0,146.6,1
2025-10-04,2025-10,해외자사몰,203754.00000000003,140.52,1
2025-10-04,2025-10,해외자사몰,212570.0,146.6,1
2025-10-04,2025-10,해외자사몰,212570.0,146.6,1
2025-10-05,2025-10,국내자사몰,52743.0,,1
2025-10-05,2025-10,국내자사몰,116640.0,,1
2025-10-05,2025-10,국내자사몰,110160.0,,1
2025-10-05,2025-10,국내자사몰,65025.0,,1
2025-10-05,2025-10,국내자사몰,145350.0,,1
2025-10-05,2025-10,국내자사몰,73256.0,,1
2025-10-05,2025-10,국내자사몰,77931.0,,1
2025-10-05,2025-10,국내자사몰,449396.0,,5
2025-10-05,2025-10,국내자사몰,116640.0,,1
2025-10-05,2025-10,국내자사몰,116640.0,,1
2025-10-05,2025-10,국내자사몰,122825.0,,1
2025-10-05,2025-10,국내자사몰,47685.0,,1
2025-10-05,2025-10,국내자사몰,116640.0,,1
2025-10-05,2025-10,국내자사몰,110160.0,,1
2025-10-05,2025-10,국내자사몰,51750.0,,1
2025-10-05,2025-10,국내자사몰,324403.0,,4
2025-10-05,2025-10,국내자사몰,126225.0,,2
2025-10-05,2025-10,국내자사몰,110160.0,,1
2025-10-05,2025-10,국내자사몰,116640.0,,1
2025-10-05,2025-10,국내자사몰,82620.0,,1
2025-10-05,2025-10,국내자사몰,116640.0,,1
2025-10-05,2025-10,국내자사몰,122825.0,,1
2025-10-05,2025-10,국내자사몰,129600.0,,1
2025-10-05,2025-10,국내자사몰,51750.0,,1
2025-10-05,2025-10,국내자사몰,110160.0,,1
2025-10-05,2025-10,국내자사몰,110160.0,,1
2025-10-05,2025-10,국내자사몰,122825.0,,1
2025-10-05,2025-10,국내자사몰,116640.0,,1
2025-10-05,2025-10,국내자사몰,53946.0,,1
2025-10-05,2025-10,국내자사몰,129600.0,,1
2025-10-05,2025-10,국내자사몰,92102.0,,1
2025-10-05,2025-10,국내자사몰,63750.0,,1
2025-10-05,2025-10,국내자사몰,82620.0,,1
2025-10-05,2025-10,국내자사몰,101286.0,,1
2025-10-05,2025-10,해외자사몰,212570.0,146.6,1
2025-10-05,2025-10,해외자사몰,202521.5,139.67,1
2025-10-05,2025-10,해외자사몰,308908.0,213.04,2
2025-10-05,2025-10,해외자사몰,212570.0,146.6,1
2025-10-05,2025-10,해외자사몰,203754.00000000003,140.52,1
2025-10-05,2025-10,해외자사몰,212570.0,146.6,1
2025-10-05,2025-10,해외자사몰,282257.0,194.66,2
2025-10-05,2025-10,해외자사몰,375840.0,259.2,2
2025-10-05,2025-10,해외자사몰,212570.0,146.6,1
2025-10-05,2025-10,해외자사몰,352640.0,243.2,2
2025-10-05,2025-10,해외자사몰,297105.0,204.9,2
2025-10-05,2025-10,해외자사몰,212570.0,146.6,1
2025-10-05,2025-10,해외자사몰,212570.0,146.6,1
2025-10-05,2025-10,해외자사몰,203754.00000000003,140.52,1
2025-10-06,2025-10,국내자사몰,68850.0,,1
2025-10-06,2025-10,국내자사몰,110373.0,,1
2025-10-06,2025-10,국내자사몰,116640.0,,1
2025-10-06,2025-10,국내자사몰,116865.0,,1
2025-10-06,2025-10,국내자사몰,116640.0,,1
2025-10-06,2025-10,국내자사몰,55845.0,,1
2025-10-06,2025-10,국내자사몰,110500.0,,1
2025-10-06,2025-10,국내자사몰,48875.0,,1
2025-10-06,2025-10,국내자사몰,52743.0,,1
2025-10-06,2025-10,국내자사몰,72675.0,,1
2025-10-06,2025-10,국내자사몰,97469.0,,1
2025-10-06,2025-10,국내자사몰,115532.0,,2
2025-10-06,2025-10,국내자사몰,52743.0,,1
2025-10-06,2025-10,국내자사몰,116640.0,,1
2025-10-06,2025-10,국내자사몰,139995.0,,2
2025-10-06,2025-10,국내자사몰,281775.0,,3
2025-10-06,2025-10,국내자사몰,55845.0,,1
2025-10-06,2025-10,국내자사몰,52743.0,,1
2025-10-06,2025-10,국내자사몰,220533.0,,2
2025-10-06,2025-10,국내자사몰,119213.0,,2
2025-10-06,2025-10,국내자사몰,129200.0,,1
2025-10-06,2025-10,국내자사몰,116865.0,,1
2025-10-06,2025-10,국내자사몰,110160.0,,1
2025-10-06,2025-10,국내자사몰,333413.0,,4
2025-10-06,2025-10,국내자사몰,62050.0,,1
2025-10-06,2025-10,국내자사몰,48582.0,,1
2025-10-06,2025-10,국내자사몰,110160.0,,1
2025-10-06,2025-10,국내자사몰,110373.0,,1
2025-10-06,2025-10,국내자사몰,66470.0,,1
2025-10-06,2025-10,국내자사몰,55845.0,,1
2025-10-06,2025-10,국내자사몰,247350.0,,3
2025-10-06,2025-10,국내자사몰,99450.0,,1
2025-10-06,2025-10,국내자사몰,145350.0,,1
2025-10-06,2025-10,국내자사몰,129600.0,,1
2025-10-06,2025-10,국내자사몰,136440.0,,2
2025-10-06,2025-10,국내자사몰,129600.0,,1
2025-10-06,2025-10,국내자사몰,198288.0,,3
2025-10-06,2025-10,국내자사몰,101745.0,,1
2025-10-06,2025-10,국내자사몰,116640.0,,1
2025-10-06,2025-10,국내자사몰,119213.0,,2
2025-10-06,2025-10,해외자사몰,212570.0,146.6,1
2025-10-06,2025-10,해외자사몰,212570.0,146.6,1
2025-10-06,2025-10,해외자사몰,212570.0,146.6,1
2025-10-06,2025-10,해외자사몰,212570.0,146.6,1
2025-10-06,2025-10,해외자사몰,212570.0,146.6,1
2025-10-06,2025-10,해외자사몰,237365.0,163.7,2
2025-10-06,2025-10,해외자사몰,212570.0,146.6,1
2025-10-06,2025-10,해외자사몰,310358.0,214.04,2
2025-10-06,2025-10,해외자사몰,352640.0,243.2,2
2025-10-06,2025-10,해외자사몰,203754.00000000003,140.52,1
2025-10-06,2025-10,해외자사몰,345172.5,238.05,2
2025-10-06,2025-10,해외자사몰,211265.0,145.7,1
2025-10-06,2025-10,해외자사몰,228520.0,157.6,2
2025-10-06,2025-10,해외자사몰,368590.0,254.2,3
2025-10-06,2025-10,해외자사몰,212570.0,146.6,1
2025-10-06,2025-10,해외자사몰,212570.0,146.6,1
2025-10-06,2025-10,해외자사몰,357048.0,246.24,2
2025-10-06,2025-10,해외자사몰,203754.00000000003,140.52,1
2025-10-06,2025-10,해외자사몰,212570.0,146.6,1
2025-10-06,2025-10,해외자사몰,211265.0,145.7,1
2025-10-06,2025-10,해외자사몰,212570.0,146.6,1
2025-10-07,2025-10,국내자사몰,82620.0,,1
2025-10-07,2025-10,국내자사몰,110160.0,,1
2025-10-07,2025-10,국내자사몰,129600.0,,1
2025-10-07,2025-10,국내자사몰,54625.0,,1
2025-10-07,2025-10,국내자사몰,52743.0,,1
2025-10-07,2025-10,국내자사몰,110160.0,,1
2025-10-07,2025-10,국내자사몰,99450.0,,1
2025-10-07,2025-10,국내자사몰,130050.0,,1
2025-10-07,2025-10,국내자사몰,116640.0,,1
2025-10-07,2025-10,국내자사몰,107100.0,,1
2025-10-07,2025-10,국내자사몰,48875.0,,1
2025-10-07,2025-10,국내자사몰,93925.0,,1
2025-10-07,2025-10,국내자사몰,149307.0,,1
2025-10-07,2025-10,국내자사몰,52743.0,,1
2025-10-07,2025-10,국내자사몰,38343.0,,1
2025-10-07,2025-10,국내자사몰,78200.0,,1
2025-10-07,2025-10,국내자사몰,109820.0,,1
2025-10-07,2025-10,국내자사몰,53946.0,,1
2025-10-07,2025-10,국내자사몰,143778.0,,2
2025-10-07,2025-10,국내자사몰,127211.0,,1
2025-10-07,2025-10,국내자사몰,110373.0,,1
2025-10-07,2025-10,국내자사몰,66470.0,,1
2025-10-07,2025-10,국내자사몰,110160.0,,1
2025-10-07,2025-10,국내자사몰,169830.0,,2
2025-10-07,2025-10,국내자사몰,110160.0,,1
2025-10-07,2025-10,국내자사몰,78030.0,,1
2025-10-07,2025-10,국내자사몰,126225.0,,2
2025-10-07,2025-10,국내자사몰,137275.0,,1
2025-10-07,2025-10,국내자사몰,57375.0,,1
2025-10-07,2025-10,국내자사몰,145350.0,,1
2025-10-07,2025-10,국내자사몰,116640.0,,1
2025-10-07,2025-10,국내자사몰,110160.0,,1
2025-10-07,2025-10,국내자사몰,116865.0,,1
2025-10-07,2025-10,국내자사몰,117000.0,,1
2025-10-07,2025-10,국내자사몰,54188.0,,1
2025-10-07,2025-10,국내자사몰,66470.0,,1
2025-10-07,2025-10,국내자사몰,137275.0,,1
2025-10-07,2025-10,국내자사몰,208803.0,,3
2025-10-07,2025-10,국내자사몰,103574.0,,1
2025-10-07,2025-10,국내자사몰,116640.0,,1
2025-10-07,2025-10,국내자사몰,78030.0,,1
2025-10-07,2025-10,국내자사몰,129600.0,,1
2025-10-07,2025-10,국내자사몰,145350.0,,1
2025-10-07,2025-10,국내자사몰,153893.0,,2
2025-10-07,2025-10,국내자사몰,116640.0,,1
2025-10-07,2025-10,국내자사몰,36814.0,,2
2025-10-07,2025-10,국내자사몰,48875.0,,1
2025-10-07,2025-10,국내자사몰,181688.0,,2
2025-10-07,2025-10,국내자사몰,140250.0,,2
2025-10-07,2025-10,해외자사몰,212570.0,146.6,1
2025-10-07,2025-10,해외자사몰,212570.0,146.6,1
2025-10-07,2025-10,해외자사몰,175377.5,120.95,1
2025-10-07,2025-10,해외자사몰,352640.0,243.2,2
2025-10-07,2025-10,해외자사몰,211265.0,145.7,1
2025-10-07,2025-10,해외자사몰,212570.0,146.6,1
2025-10-07,2025-10,해외자사몰,212570.0,146.6,1
2025-10-07,2025-10,해외자사몰,306631.5,211.47,2
2025-10-07,2025-10,해외자사몰,212570.0,146.6,1
2025-10-07,2025-10,해외자사몰,314432.5,216.85,2
2025-10-07,2025-10,해외자사몰,212570.0,146.6,1
2025-10-07,2025-10,해외자사몰,212570.0,146.6,1
2025-10-07,2025-10,해외자사몰,212570.0,146.6,1
2025-10-08,2025-10,국내자사몰,270045.0,,3
2025-10-08,2025-10,국내자사몰,126225.0,,2
2025-10-08,2025-10,국내자사몰,126941.0,,1
2025-10-08,2025-10,국내자사몰,119213.0,,2
2025-10-08,2025-10,국내자사몰,93925.0,,1
2025-10-08,2025-10,국내자사몰,52743.0,,1
2025-10-08,2025-10,국내자사몰,110373.0,,1
2025-10-08,2025-10,국내자사몰,56117.0,,1
2025-10-08,2025-10,국내자사몰,117000.0,,1
2025-10-08,2025-10,국내자사몰,197243.0,,2
2025-10-08,2025-10,국내자사몰,116640.0,,1
2025-10-08,2025-10,국내자사몰,91800.0,,1
2025-10-08,2025-10,국내자사몰,101745.0,,1
2025-10-08,2025-10,국내자사몰,62050.0,,1
2025-10-08,2025-10,국내자사몰,65025.0,,1
2025-10-08,2025-10,국내자사몰,121743.0,,1
2025-10-08,2025-10,국내자사몰,129600.0,,1
2025-10-08,2025-10,국내자사몰,78030.0,,1
2025-10-08,2025-10,국내자사몰,110160.0,,1
2025-10-08,2025-10,국내자사몰,127255.0,,1
2025-10-08,2025-10,국내자사몰,55845.0,,1
2025-10-08,2025-10,국내자사몰,82620.0,,1
2025-10-08,2025-10,국내자사몰,62050.0,,1
2025-10-08,2025-10,국내자사몰,283050.0,,3
2025-10-08,2025-10,국내자사몰,110160.0,,1
2025-10-08,2025-10,국내자사몰,109820.0,,1
2025-10-08,2025-10,국내자사몰,116640.0,,1
2025-10-08,2025-10,국내자사몰,202300.0,,2
2025-10-08,2025-10,국내자사몰,278545.0,,4
2025-10-08,2025-10,국내자사몰,119213.0,,2
2025-10-08,2025-10,국내자사몰,68850.0,,1
2025-10-08,2025-10,국내자사몰,267836.0,,5
2025-10-08,2025-10,국내자사몰,126225.0,,2
2025-10-08,2025-10,국내자사몰,76095.0,,2
2025-10-08,2025-10,국내자사몰,143778.0,,2
2025-10-08,2025-10,국내자사몰,168390.0,,2
2025-10-08,2025-10,국내자사몰,71358.0,,2
2025-10-08,2025-10,해외자사몰,212570.0,146.6,1
2025-10-08,2025-10,해외자사몰,212570.0,146.6,1
2025-10-08,2025-10,해외자사몰,168838.0,116.44,1
2025-10-08,2025-10,해외자사몰,212570.0,146.6,1
2025-10-08,2025-10,해외자사몰,167460.5,115.49,1
2025-10-08,2025-10,해외자사몰,212570.0,146.6,1
2025-10-08,2025-10,해외자사몰,212570.0,146.6,1
2025-10-08,2025-10,해외자사몰,182700.0,126.0,1
2025-10-08,2025-10,해외자사몰,212570.0,146.6,1
2025-10-08,2025-10,해외자사몰,225794.0,155.72,1
2025-10-08,2025-10,해외자사몰,317985.0,219.3,3
2025-10-08,2025-10,해외자사몰,335008.0,231.04,2
2025-10-08,2025-10,해외자사몰,495537.5,341.75,3
2025-10-09,2025-10,국내자사몰,275400.0,,2
2025-10-09,2025-10,국내자사몰,321300.0,,3
2025-10-09,2025-10,국내자사몰,51750.0,,1
2025-10-09,2025-10,국내자사몰,125591.0,,1
2025-10-09,2025-10,국내자사몰,52743.0,,1
2025-10-09,2025-10,국내자사몰,81200.0,,1
2025-10-09,2025-10,국내자사몰,110160.0,,1
2025-10-09,2025-10,국내자사몰,116640.0,,1
2025-10-09,2025-10,국내자사몰,110160.0,,1
2025-10-09,2025-10,국내자사몰,116640.0,,1
2025-10-09,2025-10,국내자사몰,116640.0,,1
2025-10-09,2025-10,국내자사몰,50490.0,,1
2025-10-09,2025-10,국내자사몰,110160.0,,1
2025-10-09,2025-10,국내자사몰,147645.0,,2
2025-10-09,2025-10,국내자사몰,122825.0,,1
2025-10-09,2025-10,국내자사몰,123358.0,,1
2025-10-09,2025-10,국내자사몰,145350.0,,1
2025-10-09,2025-10,국내자사몰,37594.0,,1
2025-10-09,2025-10,국내자사몰,129600.0,,1
2025-10-09,2025-10,국내자사몰,63750.0,,1
2025-10-09,2025-10,국내자사몰,57500.0,,1
2025-10-09,2025-10,국내자사몰,110160.0,,1
2025-10-09,2025-10,국내자사몰,57500.0,,1
2025-10-09,2025-10,국내자사몰,145350.0,,1
2025-10-09,2025-10,국내자사몰,129600.0,,1
2025-10-09,2025-10,국내자사몰,110373.0,,1
2025-10-09,2025-10,국내자사몰,129600.0,,1
2025-10-09,2025-10,국내자사몰,78200.0,,1
2025-10-09,2025-10,국내자사몰,110160.0,,1
2025-10-09,2025-10,국내자사몰,110160.0,,1
2025-10-09,2025-10,국내자사몰,161109.0,,2
2025-10-09,2025-10,국내자사몰,105486.0,,2
2025-10-09,2025-10,국내자사몰,55845.0,,1
2025-10-09,2025-10,국내자사몰,29775.0,,1
2025-10-09,2025-10,해외자사몰,324655.0,223.9,2
2025-10-09,2025-10,해외자사몰,337705.0,232.9,2
2025-10-09,2025-10,해외자사몰,212570.0,146.6,1
2025-10-09,2025-10,해외자사몰,135662.0,93.56,1
2025-10-09,2025-10,해외자사몰,375840.0,259.2,2
2025-10-09,2025-10,해외자사몰,203754.00000000003,140.52,1
2025-10-09,2025-10,해외자사몰,235770.0,162.6,1
2025-10-09,2025-10,해외자사몰,235770.0,162.6,1
2025-10-09,2025-10,해외자사몰,346666.0,239.08,3
2025-10-09,2025-10,해외자사몰,203754.00000000003,140.52,1
2025-10-09,2025-10,해외자사몰,203754.00000000003,140.52,1
2025-10-09,2025-10,해외자사몰,533745.0,368.1,4
2025-10-09,2025-10,해외자사몰,202521.5,139.67,1
2025-10-09,2025-10,해외자사몰,182700.0,126.0,1
2025-10-10,2025-10,국내자사몰,119213.0,,2
2025-10-10,2025-10,국내자사몰,55845.0,,1
2025-10-10,2025-10,국내자사몰,116640.0,,1
2025-10-10,2025-10,국내자사몰,119250.0,,1
2025-10-10,2025-10,국내자사몰,184238.0,,3
2025-10-10,2025-10,국내자사몰,116640.0,,1
2025-10-10,2025-10,국내자사몰,55845.0,,1
2025-10-10,2025-10,국내자사몰,129850.0,,1
2025-10-10,2025-10,국내자사몰,126225.0,,2
2025-10-10,2025-10,국내자사몰,116640.0,,1
2025-10-10,2025-10,국내자사몰,129600.0,,1
2025-10-10,2025-10,국내자사몰,110373.0,,1
2025-10-10,2025-10,국내자사몰,116640.0,,1
2025-10-10,2025-10,국내자사몰,227970.0,,3
2025-10-10,2025-10,국내자사몰,129600.0,,1
2025-10-10,2025-10,국내자사몰,317590.0,,5
2025-10-10,2025-10,국내자사몰,66470.0,,1
2025-10-10,2025-10,국내자사몰,110160.0,,1
2025-10-10,2025-10,국내자사몰,107865.0,,2
2025-10-10,2025-10,국내자사몰,68850.0,,1
2025-10-10,2025-10,국내자사몰,129600.0,,1
2025-10-10,2025-10,국내자사몰,129600.0,,1
2025-10-10,2025-10,국내자사몰,110160.0,,1
2025-10-10,2025-10,국내자사몰,242888.0,,3
2025-10-10,2025-10,국내자사몰,116640.0,,1
2025-10-10,2025-10,국내자사몰,48875.0,,1
2025-10-10,2025-10,국내자사몰,52743.0,,1
2025-10-10,2025-10,국내자사몰,129600.0,,1
2025-10-10,2025-10,국내자사몰,48875.0,,1
2025-10-10,2025-10,국내자사몰,184961.0,,3
2025-10-10,2025-10,국내자사몰,50940.0,,1
2025-10-10,2025-10,국내자사몰,110160.0,,1
2025-10-10,2025-10,국내자사몰,110160.0,,1
2025-10-10,2025-10,국내자사몰,116640.0,,1
2025-10-10,2025-10,국내자사몰,225701.0,,4
2025-10-10,2025-10,국내자사몰,129600.0,,1
2025-10-10,2025-10,해외자사몰,314432.5,216.85,2
2025-10-10,2025-10,해외자사몰,174362.5,120.25,1
2025-10-10,2025-10,해외자사몰,329077.5,226.95,4
2025-10-10,2025-10,해외자사몰,352640.0,243.2,2
2025-10-10,2025-10,해외자사몰,212570.0,146.6,1
2025-10-10,2025-10,해외자사몰,168838.0,116.44,1
2025-10-10,2025-10,해외자사몰,212570.0,146.6,1
2025-10-10,2025-10,해외자사몰,203754.00000000003,140.52,1
2025-10-10,2025-10,해외자사몰,601315.0,414.7,4
2025-10-10,2025-10,해외자사몰,212570.0,146.6,1
2025-10-10,2025-10,해외자사몰,212570.0,146.6,1
2025-10-10,2025-10,해외자사몰,212570.0,146.6,1
2025-10-10,2025-10,해외자사몰,313794.5,216.41,3
2025-10-10,2025-10,해외자사몰,182700.0,126.0,1
2025-10-10,2025-10,해외자사몰,212570.0,146.6,1
2025-10-10,2025-10,해외자사몰,212570.0,146.6,1
2025-10-10,2025-10,해외자사몰,333775.5,230.19,2
2025-10-10,2025-10,해외자사몰,212570.0,146.6,1
2025-10-10,2025-10,해외자사몰,182700.0,126.0,1
2025-10-10,2025-10,해외자사몰,212570.0,146.6,1
2025-10-10,2025-10,해외자사몰,296670.0,204.6,2
2025-10-11,2025-10,국내자사몰,129600.0,,1
2025-10-11,2025-10,국내자사몰,47685.0,,1
2025-10-11,2025-10,국내자사몰,110373.0,,1
2025-10-11,2025-10,국내자사몰,52743.0,,1
2025-10-11,2025-10,국내자사몰,52743.0,,1
2025-10-11,2025-10,국내자사몰,116640.0,,1
2025-10-11,2025-10,국내자사몰,62148.0,,1
2025-10-11,2025-10,국내자사몰,116640.0,,1
2025-10-11,2025-10,국내자사몰,116865.0,,1
2025-10-11,2025-10,국내자사몰,129850.0,,1
2025-10-11,2025-10,국내자사몰,53946.0,,1
2025-10-11,2025-10,국내자사몰,110160.0,,1
2025-10-11,2025-10,국내자사몰,116640.0,,1
2025-10-11,2025-10,국내자사몰,123568.0,,1
2025-10-11,2025-10,국내자사몰,116640.0,,1
2025-10-11,2025-10,국내자사몰,116640.0,,1
2025-10-11,2025-10,국내자사몰,160250.0,,2
2025-10-11,2025-10,국내자사몰,51750.0,,1
2025-10-11,2025-10,국내자사몰,129600.0,,1
2025-10-11,2025-10,국내자사몰,109820.0,,1
2025-10-11,2025-10,국내자사몰,74290.0,,1
2025-10-11,2025-10,국내자사몰,56100.0,,1
2025-10-11,2025-10,국내자사몰,116640.0,,1
2025-10-11,2025-10,국내자사몰,47685.0,,1
2025-10-11,2025-10,국내자사몰,129600.0,,1
2025-10-11,2025-10,국내자사몰,129600.0,,1
2025-10-11,2025-10,국내자사몰,110160.0,,1
2025-10-11,2025-10,국내자사몰,129200.0,,1
2025-10-11,2025-10,국내자사몰,145350.0,,1
2025-10-11,2025-10,국내자사몰,116640.0,,1
2025-10-11,2025-10,해외자사몰,278197.0,191.86,3
2025-10-11,2025-10,해외자사몰,203754.00000000003,140.52,1
2025-10-11,2025-10,해외자사몰,212570.0,146.6,1
2025-10-11,2025-10,해외자사몰,501627.5,345.95,3
2025-10-11,2025-10,해외자사몰,352640.0,243.2,2
2025-10-11,2025-10,해외자사몰,400635.0,276.3,4
2025-10-11,2025-10,해외자사몰,212570.0,146.6,1
2025-10-11,2025-10,해외자사몰,306631.5,211.47,2
2025-10-11,2025-10,해외자사몰,212570.0,146.6,1
2025-10-12,2025-10,국내자사몰,129850.0,,1
2025-10-12,2025-10,국내자사몰,82620.0,,1
2025-10-12,2025-10,국내자사몰,110160.0,,1
2025-10-12,2025-10,국내자사몰,110373.0,,1
2025-10-12,2025-10,국내자사몰,68850.0,,1
2025-10-12,2025-10,국내자사몰,119340.0,,6
2025-10-12,2025-10,국내자사몰,70380.0,,1
2025-10-12,2025-10,국내자사몰,66470.0,,1
2025-10-12,2025-10,국내자사몰,325466.0,,4
2025-10-12,2025-10,국내자사몰,66470.0,,1
2025-10-12,2025-10,국내자사몰,110160.0,,1
2025-10-12,2025-10,국내자사몰,50490.0,,1
2025-10-12,2025-10,국내자사몰,237150.0,,2
2025-10-12,2025-10,국내자사몰,88350.0,,1
2025-10-12,2025-10,국내자사몰,74205.0,,1
2025-10-12,2025-10,국내자사몰,55845.0,,1
2025-10-12,2025-10,국내자사몰,110160.0,,1
2025-10-12,2025-10,국내자사몰,137275.0,,1
2025-10-12,2025-10,국내자사몰,101150.0,,1
2025-10-12,2025-10,국내자사몰,110160.0,,1
2025-10-12,2025-10,국내자사몰,116640.0,,1
2025-10-12,2025-10,국내자사몰,110160.0,,1
2025-10-12,2025-10,국내자사몰,116640.0,,1
2025-10-12,2025-10,국내자사몰,129600.0,,1
2025-10-12,2025-10,국내자사몰,50490.0,,1
2025-10-12,2025-10,국내자사몰,145000.0,,2
2025-10-12,2025-10,국내자사몰,116280.0,,1
2025-10-12,2025-10,국내자사몰,56100.0,,1
2025-10-12,2025-10,국내자사몰,55053.0,,2
2025-10-12,2025-10,국내자사몰,129600.0,,1
2025-10-12,2025-10,국내자사몰,116640.0,,1
2025-10-12,2025-10,국내자사몰,68850.0,,1
2025-10-12,2025-10,국내자사몰,122825.0,,1
2025-10-12,2025-10,국내자사몰,111420.0,,2
2025-10-12,2025-10,국내자사몰,135218.0,,2
2025-10-12,2025-10,국내자사몰,131400.0,,2
2025-10-12,2025-10,국내자사몰,109820.0,,1
2025-10-12,2025-10,국내자사몰,52743.0,,1
2025-10-12,2025-10,국내자사몰,116640.0,,1
2025-10-12,2025-10,국내자사몰,47685.0,,1
2025-10-12,2025-10,국내자사몰,162903.0,,2
2025-10-12,2025-10,국내자사몰,116640.0,,1
2025-10-12,2025-10,국내자사몰,220320.0,,2
2025-10-12,2025-10,국내자사몰,82935.0,,1
2025-10-12,2025-10,국내자사몰,116280.0,,1
2025-10-12,2025-10,국내자사몰,62050.0,,1
2025-10-12,2025-10,해외자사몰,212570.0,146.6,1
2025-10-12,2025-10,해외자사몰,212570.0,146.6,1
2025-10-12,2025-10,해외자사몰,212570.0,146.6,1
2025-10-12,2025-10,해외자사몰,352640.0,243.2,2
2025-10-12,2025-10,해외자사몰,202521.5,139.67,1
2025-10-12,2025-10,해외자사몰,203754.00000000003,140.52,1
2025-10-12,2025-10,해외자사몰,167460.5,115.49,1
2025-10-12,2025-10,해외자사몰,203754.00000000003,140.52,1
2025-10-12,2025-10,해외자사몰,212570.0,146.6,1
2025-10-12,2025-10,해외자사몰,211265.0,145.7,1
2025-10-13,2025-10,국내자사몰,70380.0,,1
2025-10-13,2025-10,국내자사몰,70380.0,,1
2025-10-13,2025-10,국내자사몰,55845.0,,1
2025-10-13,2025-10,국내자사몰,129600.0,,1
2025-10-13,2025-10,국내자사몰,84150.0,,1
2025-10-13,2025-10,국내자사몰,110160.0,,1
2025-10-13,2025-10,국내자사몰,116640.0,,1
2025-10-13,2025-10,국내자사몰,66470.0,,1
2025-10-13,2025-10,국내자사몰,78200.0,,1
2025-10-13,2025-10,국내자사몰,101360.0,,1
2025-10-13,2025-10,국내자사몰,47685.0,,1
2025-10-13,2025-10,국내자사몰,116640.0,,1
2025-10-13,2025-10,국내자사몰,110160.0,,1
2025-10-13,2025-10,국내자사몰,110160.0,,1
2025-10-13,2025-10,국내자사몰,116640.0,,1
2025-10-13,2025-10,국내자사몰,129600.0,,1
2025-10-13,2025-10,국내자사몰,137275.0,,1
2025-10-13,2025-10,국내자사몰,129600.0,,1
2025-10-13,2025-10,국내자사몰,84150.0,,1
2025-10-13,2025-10,국내자사몰,129600.0,,1
2025-10-13,2025-10,국내자사몰,129600.0,,1
2025-10-13,2025-10,국내자사몰,103188.0,,2
2025-10-13,2025-10,국내자사몰,55845.0,,1
2025-10-13,2025-10,국내자사몰,116640.0,,1
2025-10-13,2025-10,국내자사몰,91800.0,,1
2025-10-13,2025-10,국내자사몰,62050.0,,1
2025-10-13,2025-10,국내자사몰,107100.0,,1
2025-10-13,2025-10,국내자사몰,146668.0,,2
2025-10-13,2025-10,국내자사몰,100376.0,,1
2025-10-13,2025-10,국내자사몰,145350.0,,1
2025-10-13,2025-10,국내자사몰,110373.0,,1
2025-10-13,2025-10,국내자사몰,67606.0,,1
2025-10-13,2025-10,국내자사몰,110160.0,,1
2025-10-13,2025-10,국내자사몰,116640.0,,1
2025-10-13,2025-10,국내자사몰,78030.0,,1
2025-10-13,2025-10,국내자사몰,116640.0,,1
2025-10-13,2025-10,국내자사몰,47685.0,,1
2025-10-13,2025-10,국내자사몰,116865.0,,1
2025-10-13,2025-10,국내자사몰,56470.0,,1
2025-10-13,2025-10,국내자사몰,166175.0,,2
2025-10-13,2025-10,국내자사몰,189295.0,,2
2025-10-13,2025-10,국내자사몰,52743.0,,1
2025-10-13,2025-10,국내자사몰,52743.0,,1
2025-10-13,2025-10,국내자사몰,116640.0,,1
2025-10-13,2025-10,국내자사몰,110160.0,,1
2025-10-13,2025-10,해외자사몰,393486.5,271.37,3
2025-10-13,2025-10,해외자사몰,212570.0,146.6,1
2025-10-13,2025-10,해외자사몰,203754.00000000003,140.52,1
2025-10-13,2025-10,해외자사몰,525741.0,362.58,4
2025-10-13,2025-10,해외자사몰,212570.0,146.6,1
2025-10-13,2025-10,해외자사몰,212570.0,146.6,1
2025-10-13,2025-10,해외자사몰,235770.0,162.6,1
2025-10-13,2025-10,해외자사몰,322770.0,222.6,2
2025-10-13,2025-10,해외자사몰,304297.0,209.86,2
2025-10-13,2025-10,해외자사몰,357425.0,246.5,3
2025-10-13,2025-10,해외자사몰,212570.0,146.6,1
2025-10-13,2025-10,해외자사몰,235770.0,162.6,1
2025-10-13,2025-10,해외자사몰,212570.0,146.6,1
2025-10-13,2025-10,해외자사몰,212570.0,146.6,1
2025-10-13,2025-10,해외자사몰,212570.0,146.6,1
2025-10-13,2025-10,해외자사몰,212570.0,146.6,1
2025-10-13,2025-10,해외자사몰,212570.0,146.6,1
2025-10-14,2025-10,국내자사몰,175185.0,,2
2025-10-14,2025-10,국내자사몰,190018.0,,2
2025-10-14,2025-10,국내자사몰,110160.0,,1
2025-10-14,2025-10,국내자사몰,58948.0,,1
2025-10-14,2025-10,국내자사몰,110160.0,,1
2025-10-14,2025-10,국내자사몰,53295.0,,1
2025-10-14,2025-10,국내자사몰,79475.0,,1
2025-10-14,2025-10,국내자사몰,62130.0,,1
2025-10-14,2025-10,국내자사몰,84595.0,,1
2025-10-14,2025-10,국내자사몰,66470.0,,1
2025-10-14,2025-10,국내자사몰,116640.0,,1
2025-10-14,2025-10,국내자사몰,133014.0,,1
2025-10-14,2025-10,국내자사몰,119213.0,,2
2025-10-14,2025-10,국내자사몰,145350.0,,1
2025-10-14,2025-10,국내자사몰,110160.0,,1
2025-10-14,2025-10,국내자사몰,66470.0,,1
2025-10-14,2025-10,국내자사몰,110160.0,,1
2025-10-14,2025-10,국내자사몰,70380.0,,1
2025-10-14,2025-10,국내자사몰,110160.0,,1
2025-10-14,2025-10,국내자사몰,41700.0,,1
2025-10-14,2025-10,국내자사몰,57500.0,,1
2025-10-14,2025-10,국내자사몰,140250.0,,2
2025-10-14,2025-10,국내자사몰,116640.0,,1
2025-10-14,2025-10,국내자사몰,59940.0,,1
2025-10-14,2025-10,국내자사몰,52743.0,,1
2025-10-14,2025-10,국내자사몰,116640.0,,1
2025-10-14,2025-10,국내자사몰,144500.0,,1
2025-10-14,2025-10,국내자사몰,110160.0,,1
2025-10-14,2025-10,국내자사몰,116640.0,,1
2025-10-14,2025-10,국내자사몰,83505.0,,2
2025-10-14,2025-10,국내자사몰,62050.0,,1
2025-10-14,2025-10,국내자사몰,144500.0,,1
2025-10-14,2025-10,국내자사몰,110160.0,,1
2025-10-14,2025-10,국내자사몰,122825.0,,1
2025-10-14,2025-10,국내자사몰,130050.0,,1
2025-10-14,2025-10,국내자사몰,101150.0,,1
2025-10-14,2025-10,국내자사몰,57500.0,,1
2025-10-14,2025-10,국내자사몰,70380.0,,1
2025-10-14,2025-10,국내자사몰,129600.0,,1
2025-10-14,2025-10,해외자사몰,211265.0,145.7,1
2025-10-14,2025-10,해외자사몰,308908.0,213.04,2
2025-10-14,2025-10,해외자사몰,230985.00000000003,159.3,1
2025-10-14,2025-10,해외자사몰,308197.5,212.55,3
2025-10-14,2025-10,해외자사몰,174362.5,120.25,1
2025-10-14,2025-10,해외자사몰,203754.00000000003,140.52,1
2025-10-15,2025-10,국내자사몰,52743.0,,1
2025-10-15,2025-10,국내자사몰,116640.0,,1
2025-10-15,2025-10,국내자사몰,133238.0,,2
2025-10-15,2025-10,국내자사몰,51750.0,,1
2025-10-15,2025-10,국내자사몰,55845.0,,1
2025-10-15,2025-10,국내자사몰,234270.0,,2
2025-10-15,2025-10,국내자사몰,58948.0,,1
2025-10-15,2025-10,국내자사몰,132940.0,,2
2025-10-15,2025-10,국내자사몰,130050.0,,2
2025-10-15,2025-10,국내자사몰,48875.0,,1
2025-10-15,2025-10,국내자사몰,259200.0,,2
2025-10-15,2025-10,국내자사몰,59940.0,,1
2025-10-15,2025-10,국내자사몰,97548.0,,1
2025-10-15,2025-10,국내자사몰,110160.0,,1
2025-10-15,2025-10,국내자사몰,209950.0,,2
2025-10-15,2025-10,국내자사몰,78200.0,,1
2025-10-15,2025-10,국내자사몰,129600.0,,1
2025-10-15,2025-10,국내자사몰,134385.0,,2
2025-10-15,2025-10,국내자사몰,116865.0,,1
2025-10-15,2025-10,국내자사몰,116640.0,,1
2025-10-15,2025-10,국내자사몰,70380.0,,1
2025-10-15,2025-10,국내자사몰,91800.0,,1
2025-10-15,2025-10,국내자사몰,110160.0,,1
2025-10-15,2025-10,국내자사몰,52743.0,,1
2025-10-15,2025-10,국내자사몰,76500.0,,1
2025-10-15,2025-10,국내자사몰,110160.0,,1
2025-10-15,2025-10,국내자사몰,44977.0,,1
2025-10-15,2025-10,국내자사몰,122740.0,,1
2025-10-15,2025-10,국내자사몰,52743.0,,1
2025-10-15,2025-10,국내자사몰,122740.0,,1
2025-10-15,2025-10,국내자사몰,129200.0,,1
2025-10-15,2025-10,국내자사몰,66470.0,,1
2025-10-15,2025-10,국내자사몰,116640.0,,1
2025-10-15,2025-10,국내자사몰,463650.0,,4
2025-10-15,2025-10,국내자사몰,116640.0,,1
2025-10-15,2025-10,국내자사몰,47685.0,,1
2025-10-15,2025-10,국내자사몰,66470.0,,1
2025-10-15,2025-10,국내자사몰,51750.0,,1
2025-10-15,2025-10,국내자사몰,66470.0,,1
2025-10-15,2025-10,국내자사몰,55845.0,,1
2025-10-15,2025-10,국내자사몰,137275.0,,1
2025-10-15,2025-10,국내자사몰,271575.0,,3
2025-10-15,2025-10,국내자사몰,191650.0,,2
2025-10-15,2025-10,국내자사몰,182070.0,,3
2025-10-15,2025-10,국내자사몰,128640.0,,1
2025-10-15,2025-10,국내자사몰,51750.0,,1
2025-10-15,2025-10,국내자사몰,70380.0,,1
2025-10-15,2025-10,국내자사몰,78200.0,,1
2025-10-15,2025-10,해외자사몰,168838.0,116.44,1
2025-10-15,2025-10,해외자사몰,352640.0,243.2,2
2025-10-15,2025-10,해외자사몰,281590.0,194.2,2
2025-10-15,2025-10,해외자사몰,212570.0,146.6,1
2025-10-15,2025-10,해외자사몰,212570.0,146.6,1
2025-10-15,2025-10,해외자사몰,203754.00000000003,140.52,1
2025-10-15,2025-10,해외자사몰,333775.5,230.19,2
2025-10-15,2025-10,해외자사몰,140882.0,97.16,1
2025-10-15,2025-10,해외자사몰,212570.0,146.6,1
2025-10-15,2025-10,해외자사몰,212570.0,146.6,1
2025-10-15,2025-10,해외자사몰,174362.5,120.25,1
2025-10-15,2025-10,해외자사몰,203754.00000000003,140.52,1
2025-10-15,2025-10,해외자사몰,203754.00000000003,140.52,1
2025-10-15,2025-10,해외자사몰,211265.0,145.7,1
2025-10-15,2025-10,해외자사몰,212570.0,146.6,1
2025-10-15,2025-10,해외자사몰,212570.0,146.6,1
2025-10-15,2025-10,해외자사몰,202521.5,139.67,1
2025-10-15,2025-10,해외자사몰,211265.0,145.7,1
2025-10-15,2025-10,해외자사몰,333775.5,230.19,2
2025-10-15,2025-10,해외자사몰,203754.00000000003,140.52,1
2025-10-16,2025-10,국내자사몰,22890.0,,1
2025-10-16,2025-10,국내자사몰,93500.0,,1
2025-10-16,2025-10,국내자사몰,42231.0,,2
2025-10-16,2025-10,국내자사몰,110160.0,,1
2025-10-16,2025-10,국내자사몰,55845.0,,1
2025-10-16,2025-10,국내자사몰,58948.0,,1
2025-10-16,2025-10,국내자사몰,139408.0,,2
2025-10-16,2025-10,국내자사몰,114240.0,,1
2025-10-16,2025-10,국내자사몰,65025.0,,1
2025-10-16,2025-10,국내자사몰,116640.0,,1
2025-10-16,2025-10,국내자사몰,137275.0,,1
2025-10-16,2025-10,국내자사몰,116640.0,,1
2025-10-16,2025-10,국내자사몰,122740.0,,1
2025-10-16,2025-10,국내자사몰,206550.0,,2
2025-10-16,2025-10,국내자사몰,129600.0,,1
2025-10-16,2025-10,국내자사몰,137275.0,,1
2025-10-16,2025-10,국내자사몰,62050.0,,1
2025-10-16,2025-10,국내자사몰,82620.0,,1
2025-10-16,2025-10,국내자사몰,66470.0,,1
2025-10-16,2025-10,국내자사몰,116640.0,,1
2025-10-16,2025-10,국내자사몰,137275.0,,1
2025-10-16,2025-10,국내자사몰,134640.0,,2
2025-10-16,2025-10,국내자사몰,58948.0,,1
2025-10-16,2025-10,국내자사몰,55845.0,,1
2025-10-16,2025-10,국내자사몰,62050.0,,1
2025-10-16,2025-10,국내자사몰,66470.0,,1
2025-10-16,2025-10,국내자사몰,55000.0,,1
2025-10-16,2025-10,국내자사몰,145350.0,,1
2025-10-16,2025-10,국내자사몰,70380.0,,1
2025-10-16,2025-10,국내자사몰,55845.0,,1
2025-10-16,2025-10,국내자사몰,55845.0,,1
2025-10-16,2025-10,해외자사몰,212570.0,146.6,1
2025-10-16,2025-10,해외자사몰,212570.0,146.6,1
2025-10-16,2025-10,해외자사몰,212570.0,146.6,1
2025-10-16,2025-10,해외자사몰,212570.0,146.6,1
2025-10-16,2025-10,해외자사몰,212570.0,146.6,1
2025-10-16,2025-10,해외자사몰,225794.0,155.72,1
2025-10-16,2025-10,해외자사몰,212570.0,146.6,1
2025-10-16,2025-10,해외자사몰,203754.00000000003,140.52,1
2025-10-16,2025-10,해외자사몰,212570.0,146.6,1
2025-10-16,2025-10,해외자사몰,203754.00000000003,140.52,1
2025-10-16,2025-10,해외자사몰,212570.0,146.6,1
2025-10-16,2025-10,해외자사몰,212570.0,146.6,1
2025-10-16,2025-10,해외자사몰,326685.0,225.3,2
2025-10-16,2025-10,해외자사몰,212570.0,146.6,1
2025-10-16,2025-10,해외자사몰,212570.0,146.6,1
2025-10-16,2025-10,해외자사몰,203754.00000000003,140.52,1
2025-10-16,2025-10,해외자사몰,320812.5,221.25,2
2025-10-16,2025-10,해외자사몰,212570.0,146.6,1
2025-10-16,2025-10,해외자사몰,281590.0,194.2,2
2025-10-16,2025-10,해외자사몰,212570.0,146.6,1
2025-10-16,2025-10,해외자사몰,225794.0,155.72,1
2025-10-16,2025-10,해외자사몰,203754.00000000003,140.52,1
2025-10-16,2025-10,해외자사몰,212570.0,146.6,1
2025-10-16,2025-10,해외자사몰,212570.0,146.6,1
2025-10-16,2025-10,해외자사몰,212570.0,146.6,1
2025-10-17,2025-10,국내자사몰,68850.0,,1
2025-10-17,2025-10,국내자사몰,22890.0,,1
2025-10-17,2025-10,국내자사몰,129600.0,,1
2025-10-17,2025-10,국내자사몰,47685.0,,1
2025-10-17,2025-10,국내자사몰,70380.0,,1
2025-10-17,2025-10,국내자사몰,116640.0,,1
2025-10-17,2025-10,국내자사몰,52743.0,,1
2025-10-17,2025-10,국내자사몰,107100.0,,1
2025-10-17,2025-10,국내자사몰,129600.0,,1
2025-10-17,2025-10,국내자사몰,129600.0,,1
2025-10-17,2025-10,국내자사몰,21896.0,,1
2025-10-17,2025-10,국내자사몰,116280.0,,1
2025-10-17,2025-10,국내자사몰,53946.0,,1
2025-10-17,2025-10,국내자사몰,68850.0,,1
2025-10-17,2025-10,국내자사몰,105843.0,,1
2025-10-17,2025-10,국내자사몰,261630.0,,2
2025-10-17,2025-10,국내자사몰,48875.0,,1
2025-10-17,2025-10,국내자사몰,110160.0,,1
2025-10-17,2025-10,국내자사몰,50949.0,,1
2025-10-17,2025-10,국내자사몰,57500.0,,1
2025-10-17,2025-10,국내자사몰,116280.0,,1
2025-10-17,2025-10,국내자사몰,138975.0,,2
2025-10-17,2025-10,국내자사몰,94680.0,,2
2025-10-17,2025-10,국내자사몰,145350.0,,1
2025-10-17,2025-10,국내자사몰,126225.0,,2
2025-10-17,2025-10,국내자사몰,47685.0,,1
2025-10-17,2025-10,국내자사몰,116280.0,,1
2025-10-17,2025-10,국내자사몰,76500.0,,1
2025-10-17,2025-10,국내자사몰,128286.0,,1
2025-10-17,2025-10,국내자사몰,129600.0,,1
2025-10-17,2025-10,국내자사몰,116640.0,,1
2025-10-17,2025-10,국내자사몰,119213.0,,2
2025-10-17,2025-10,국내자사몰,129600.0,,1
2025-10-17,2025-10,국내자사몰,161500.0,,1
2025-10-17,2025-10,국내자사몰,116640.0,,1
2025-10-17,2025-10,국내자사몰,137275.0,,1
2025-10-17,2025-10,국내자사몰,136000.0,,4
2025-10-17,2025-10,국내자사몰,127755.0,,4
2025-10-17,2025-10,국내자사몰,57500.0,,1
2025-10-17,2025-10,해외자사몰,175377.5,120.95,1
2025-10-17,2025-10,해외자사몰,212570.0,146.6,1
2025-10-17,2025-10,해외자사몰,212570.0,146.6,1
2025-10-17,2025-10,해외자사몰,212570.0,146.6,1
2025-10-17,2025-10,해외자사몰,203754.00000000003,140.52,1
2025-10-17,2025-10,해외자사몰,302035.0,208.3,2
2025-10-17,2025-10,해외자사몰,212570.0,146.6,1
2025-10-17,2025-10,해외자사몰,212570.0,146.6,1
2025-10-17,2025-10,해외자사몰,302093.0,208.34,3
2025-10-17,2025-10,해외자사몰,212570.0,146.6,1
2025-10-17,2025-10,해외자사몰,212570.0,146.6,1
2025-10-17,2025-10,해외자사몰,212570.0,146.6,1
2025-10-17,2025-10,해외자사몰,203754.00000000003,140.52,1
2025-10-17,2025-10,해외자사몰,212570.0,146.6,1
2025-10-17,2025-10,해외자사몰,212570.0,146.6,1
2025-10-17,2025-10,해외자사몰,203754.00000000003,140.52,1
2025-10-17,2025-10,해외자사몰,174362.5,120.25,1
2025-10-17,2025-10,해외자사몰,203754.00000000003,140.52,1
2025-10-17,2025-10,해외자사몰,212570.0,146.6,1
2025-10-17,2025-10,해외자사몰,212570.0,146.6,1
2025-10-17,2025-10,해외자사몰,202521.5,139.67,1
2025-10-17,2025-10,해외자사몰,212570.0,146.6,1
2025-10-17,2025-10,해외자사몰,472903.0,326.14,3
2025-10-17,2025-10,해외자사몰,203754.00000000003,140.52,1
2025-10-17,2025-10,해외자사몰,212570.0,146.6,1
2025-10-17,2025-10,해외자사몰,203754.00000000003,140.52,1
2025-10-17,2025-10,해외자사몰,298642.0,205.96,2
2025-10-18,2025-10,국내자사몰,172485.0,,2
2025-10-18,2025-10,국내자사몰,57375.0,,1
2025-10-18,2025-10,국내자사몰,51750.0,,1
2025-10-18,2025-10,국내자사몰,66470.0,,1
2025-10-18,2025-10,국내자사몰,128610.0,,2
2025-10-18,2025-10,국내자사몰,116640.0,,1
2025-10-18,2025-10,국내자사몰,87210.0,,1
2025-10-18,2025-10,국내자사몰,84150.0,,1
2025-10-18,2025-10,국내자사몰,22710.0,,1
2025-10-18,2025-10,국내자사몰,39188.0,,1
2025-10-18,2025-10,국내자사몰,47685.0,,1
2025-10-18,2025-10,국내자사몰,66470.0,,1
2025-10-18,2025-10,국내자사몰,62050.0,,1
2025-10-18,2025-10,국내자사몰,41214.0,,1
2025-10-18,2025-10,국내자사몰,129850.0,,1
2025-10-18,2025-10,국내자사몰,52743.0,,1
2025-10-18,2025-10,국내자사몰,93500.0,,1
2025-10-18,2025-10,국내자사몰,62050.0,,1
2025-10-18,2025-10,국내자사몰,129600.0,,1
2025-10-18,2025-10,국내자사몰,110160.0,,1
2025-10-18,2025-10,국내자사몰,110160.0,,1
2025-10-18,2025-10,국내자사몰,161500.0,,1
2025-10-18,2025-10,국내자사몰,91825.0,,1
2025-10-18,2025-10,국내자사몰,156205.0,,2
2025-10-18,2025-10,국내자사몰,119213.0,,2
2025-10-18,2025-10,국내자사몰,50490.0,,1
2025-10-18,2025-10,국내자사몰,116640.0,,1
2025-10-18,2025-10,국내자사몰,26083.0,,2
2025-10-18,2025-10,국내자사몰,122213.0,,2
2025-10-18,2025-10,국내자사몰,110160.0,,1
2025-10-18,2025-10,해외자사몰,156600.0,108.0,1
2025-10-18,2025-10,해외자사몰,212570.0,146.6,1
2025-10-18,2025-10,해외자사몰,212570.0,146.6,1
2025-10-18,2025-10,해외자사몰,314432.5,216.85,2
2025-10-18,2025-10,해외자사몰,203754.00000000003,140.52,1
2025-10-18,2025-10,해외자사몰,212570.0,146.6,1
2025-10-18,2025-10,해외자사몰,212570.0,146.6,1
2025-10-18,2025-10,해외자사몰,212570.0,146.6,1
2025-10-18,2025-10,해외자사몰,212570.0,146.6,1
2025-10-18,2025-10,해외자사몰,375840.0,259.2,2
2025-10-18,2025-10,해외자사몰,168838.0,116.44,1
2025-10-18,2025-10,해외자사몰,293842.5,202.65,4
2025-10-18,2025-10,해외자사몰,203754.00000000003,140.52,1
2025-10-18,2025-10,해외자사몰,314432.5,216.85,2
2025-10-18,2025-10,해외자사몰,212570.0,146.6,1
2025-10-18,2025-10,해외자사몰,212570.0,146.6,1
2025-10-18,2025-10,해외자사몰,212570.0,146.6,1
2025-10-18,2025-10,해외자사몰,212570.0,146.6,1
2025-10-18,2025-10,해외자사몰,170592.5,117.65,2
2025-10-18,2025-10,해외자사몰,212570.0,146.6,1
2025-10-18,2025-10,해외자사몰,293465.5,202.39,2
2025-10-18,2025-10,해외자사몰,212570.0,146.6,1
2025-10-18,2025-10,해외자사몰,212570.0,146.6,1
2025-10-18,2025-10,해외자사몰,371055.0,255.9,2
2025-10-18,2025-10,해외자사몰,212570.0,146.6,1
2025-10-18,2025-10,해외자사몰,212570.0,146.6,1
2025-10-18,2025-10,해외자사몰,269323.0,185.74,2
2025-10-18,2025-10,해외자사몰,168838.0,116.44,1
2025-10-18,2025-10,해외자사몰,212570.0,146.6,1
2025-10-18,2025-10,해외자사몰,212570.0,146.6,1
2025-10-18,2025-10,해외자사몰,235770.0,162.6,1
2025-10-19,2025-10,국내자사몰,116640.0,,1
2025-10-19,2025-10,국내자사몰,392318.0,,4
2025-10-19,2025-10,국내자사몰,123120.0,,1
2025-10-19,2025-10,국내자사몰,79475.0,,1
2025-10-19,2025-10,국내자사몰,84150.0,,1
2025-10-19,2025-10,국내자사몰,129600.0,,1
2025-10-19,2025-10,국내자사몰,135865.0,,1
2025-10-19,2025-10,국내자사몰,70380.0,,1
2025-10-19,2025-10,국내자사몰,116640.0,,1
2025-10-19,2025-10,국내자사몰,145350.0,,1
2025-10-19,2025-10,국내자사몰,129600.0,,1
2025-10-19,2025-10,국내자사몰,119213.0,,2
2025-10-19,2025-10,국내자사몰,137275.0,,1
2025-10-19,2025-10,국내자사몰,110160.0,,1
2025-10-19,2025-10,국내자사몰,300882.0,,2
2025-10-19,2025-10,국내자사몰,53946.0,,1
2025-10-19,2025-10,국내자사몰,53946.0,,1
2025-10-19,2025-10,국내자사몰,148325.0,,2
2025-10-19,2025-10,국내자사몰,116640.0,,1
2025-10-19,2025-10,국내자사몰,53946.0,,1
2025-10-19,2025-10,국내자사몰,68850.0,,1
2025-10-19,2025-10,국내자사몰,110160.0,,1
2025-10-19,2025-10,국내자사몰,110160.0,,1
2025-10-19,2025-10,국내자사몰,116511.0,,1
2025-10-19,2025-10,국내자사몰,116640.0,,1
2025-10-19,2025-10,국내자사몰,116640.0,,1
2025-10-19,2025-10,국내자사몰,116640.0,,1
2025-10-19,2025-10,국내자사몰,116640.0,,1
2025-10-19,2025-10,국내자사몰,47685.0,,1
2025-10-19,2025-10,국내자사몰,50490.0,,1
2025-10-19,2025-10,국내자사몰,78030.0,,1
2025-10-19,2025-10,국내자사몰,47685.0,,1
2025-10-19,2025-10,국내자사몰,145350.0,,1
2025-10-19,2025-10,국내자사몰,76500.0,,1
2025-10-19,2025-10,국내자사몰,84150.0,,1
2025-10-19,2025-10,국내자사몰,258800.0,,2
2025-10-19,2025-10,국내자사몰,110160.0,,1
2025-10-19,2025-10,국내자사몰,50949.0,,1
2025-10-19,2025-10,국내자사몰,32304.0,,1
2025-10-19,2025-10,국내자사몰,116640.0,,1
2025-10-19,2025-10,국내자사몰,116640.0,,1
2025-10-19,2025-10,국내자사몰,67703.0,,1
2025-10-19,2025-10,국내자사몰,107100.0,,1
2025-10-19,2025-10,국내자사몰,119000.0,,1
2025-10-19,2025-10,국내자사몰,130050.0,,1
2025-10-19,2025-10,해외자사몰,203754.00000000003,140.52,1
2025-10-19,2025-10,해외자사몰,174362.5,120.25,1
2025-10-19,2025-10,해외자사몰,212570.0,146.6,1
2025-10-19,2025-10,해외자사몰,211265.0,145.7,1
2025-10-19,2025-10,해외자사몰,375840.0,259.2,2
2025-10-19,2025-10,해외자사몰,267206.0,184.28,2
2025-10-19,2025-10,해외자사몰,212570.0,146.6,1
2025-10-19,2025-10,해외자사몰,335008.0,231.04,2
2025-10-19,2025-10,해외자사몰,212570.0,146.6,1
2025-10-19,2025-10,해외자사몰,203754.00000000003,140.52,1
2025-10-19,2025-10,해외자사몰,212570.0,146.6,1
2025-10-19,2025-10,해외자사몰,203754.00000000003,140.52,1
2025-10-19,2025-10,해외자사몰,212570.0,146.6,1
2025-10-19,2025-10,해외자사몰,203754.00000000003,140.52,1
2025-10-19,2025-10,해외자사몰,212570.0,146.6,1
2025-10-19,2025-10,해외자사몰,212570.0,146.6,1
2025-10-19,2025-10,해외자사몰,212570.0,146.6,1
2025-10-19,2025-10,해외자사몰,212570.0,146.6,1
2025-10-20,2025-10,국내자사몰,140250.0,,2
2025-10-20,2025-10,국내자사몰,51750.0,,1
2025-10-20,2025-10,국내자사몰,109820.0,,1
2025-10-20,2025-10,국내자사몰,57500.0,,1
2025-10-20,2025-10,국내자사몰,245650.0,,2
2025-10-20,2025-10,국내자사몰,55845.0,,1
2025-10-20,2025-10,국내자사몰,259450.0,,2
2025-10-20,2025-10,국내자사몰,129600.0,,1
2025-10-20,2025-10,국내자사몰,55845.0,,1
2025-10-20,2025-10,국내자사몰,388400.0,,3
2025-10-20,2025-10,국내자사몰,55845.0,,1
2025-10-20,2025-10,국내자사몰,132218.0,,2
2025-10-20,2025-10,국내자사몰,129600.0,,1
2025-10-20,2025-10,국내자사몰,78200.0,,1
2025-10-20,2025-10,국내자사몰,161500.0,,1
2025-10-20,2025-10,국내자사몰,145350.0,,1
2025-10-20,2025-10,국내자사몰,62050.0,,1
2025-10-20,2025-10,국내자사몰,116640.0,,1
2025-10-20,2025-10,국내자사몰,116640.0,,1
2025-10-20,2025-10,국내자사몰,110373.0,,1
2025-10-20,2025-10,국내자사몰,50490.0,,1
2025-10-20,2025-10,국내자사몰,521050.0,,7
2025-10-20,2025-10,국내자사몰,145350.0,,1
2025-10-20,2025-10,국내자사몰,195075.0,,3
2025-10-20,2025-10,국내자사몰,119640.0,,1
2025-10-20,2025-10,국내자사몰,116640.0,,1
2025-10-20,2025-10,국내자사몰,116640.0,,1
2025-10-20,2025-10,국내자사몰,129600.0,,1
2025-10-20,2025-10,국내자사몰,78200.0,,1
2025-10-20,2025-10,국내자사몰,47685.0,,1
2025-10-20,2025-10,국내자사몰,107100.0,,1
2025-10-20,2025-10,국내자사몰,110160.0,,1
2025-10-20,2025-10,국내자사몰,53946.0,,1
2025-10-20,2025-10,국내자사몰,180540.0,,2
2025-10-20,2025-10,해외자사몰,351335.0,242.3,2
2025-10-20,2025-10,해외자사몰,212570.0,146.6,1
2025-10-20,2025-10,해외자사몰,320827.0,221.26,2
2025-10-20,2025-10,해외자사몰,296090.0,204.2,2
2025-10-20,2025-10,해외자사몰,211265.0,145.7,1
2025-10-20,2025-10,해외자사몰,285215.0,196.7,2
2025-10-20,2025-10,해외자사몰,393486.5,271.37,3
2025-10-20,2025-10,해외자사몰,212570.0,146.6,1
2025-10-20,2025-10,해외자사몰,212570.0,146.6,1
2025-10-20,2025-10,해외자사몰,377290.0,260.2,3
2025-10-20,2025-10,해외자사몰,333775.5,230.19,2
2025-10-20,2025-10,해외자사몰,212570.0,146.6,1
2025-10-20,2025-10,해외자사몰,212570.0,146.6,1
2025-10-20,2025-10,해외자사몰,427750.0,295.0,3
2025-10-20,2025-10,해외자사몰,203754.00000000003,140.52,1
2025-10-20,2025-10,해외자사몰,212570.0,146.6,1
2025-10-20,2025-10,해외자사몰,335008.0,231.04,2
2025-10-20,2025-10,해외자사몰,212570.0,146.6,1
2025-10-20,2025-10,해외자사몰,212570.0,146.6,1
2025-10-20,2025-10,해외자사몰,212570.0,146.6,1
2025-10-20,2025-10,해외자사몰,212570.0,146.6,1
2025-10-21,2025-10,국내자사몰,54417.0,,1
2025-10-21,2025-10,국내자사몰,161500.0,,1
2025-10-21,2025-10,국내자사몰,137275.0,,1
2025-10-21,2025-10,국내자사몰,116280.0,,1
2025-10-21,2025-10,국내자사몰,157612.0,,1
2025-10-21,2025-10,국내자사몰,161500.0,,1
2025-10-21,2025-10,국내자사몰,145350.0,,1
2025-10-21,2025-10,국내자사몰,139230.0,,2
2025-10-21,2025-10,국내자사몰,144500.0,,1
2025-10-21,2025-10,국내자사몰,116640.0,,1
2025-10-21,2025-10,국내자사몰,259200.0,,2
2025-10-21,2025-10,국내자사몰,109820.0,,1
2025-10-21,2025-10,국내자사몰,110160.0,,1
2025-10-21,2025-10,국내자사몰,129600.0,,1
2025-10-21,2025-10,국내자사몰,129600.0,,1
2025-10-21,2025-10,국내자사몰,48875.0,,1
2025-10-21,2025-10,국내자사몰,129600.0,,1
2025-10-21,2025-10,국내자사몰,39078.0,,3
2025-10-21,2025-10,국내자사몰,290700.0,,2
2025-10-21,2025-10,국내자사몰,109820.0,,1
2025-10-21,2025-10,국내자사몰,125800.0,,2
2025-10-21,2025-10,국내자사몰,116640.0,,1
2025-10-21,2025-10,국내자사몰,256605.0,,2
2025-10-21,2025-10,국내자사몰,126225.0,,2
2025-10-21,2025-10,국내자사몰,71685.0,,1
2025-10-21,2025-10,국내자사몰,137100.0,,2
2025-10-21,2025-10,국내자사몰,145350.0,,1
2025-10-21,2025-10,국내자사몰,59940.0,,1
2025-10-21,2025-10,국내자사몰,137275.0,,1
2025-10-21,2025-10,국내자사몰,116640.0,,1
2025-10-21,2025-10,국내자사몰,70380.0,,1
2025-10-21,2025-10,국내자사몰,107100.0,,1
2025-10-21,2025-10,국내자사몰,117000.0,,1
2025-10-21,2025-10,국내자사몰,78030.0,,1
2025-10-21,2025-10,국내자사몰,82245.0,,1
2025-10-21,2025-10,국내자사몰,145350.0,,1
2025-10-21,2025-10,국내자사몰,52743.0,,1
2025-10-21,2025-10,국내자사몰,337905.0,,4
2025-10-21,2025-10,국내자사몰,169065.0,,3
2025-10-21,2025-10,국내자사몰,110160.0,,1
2025-10-21,2025-10,국내자사몰,187425.0,,2
2025-10-21,2025-10,해외자사몰,212570.0,146.6,1
2025-10-21,2025-10,해외자사몰,212570.0,146.6,1
2025-10-21,2025-10,해외자사몰,211265.0,145.7,1
2025-10-21,2025-10,해외자사몰,211265.0,145.7,1
2025-10-21,2025-10,해외자사몰,203754.00000000003,140.52,1
2025-10-21,2025-10,해외자사몰,526350.0,363.0,3
2025-10-21,2025-10,해외자사몰,212570.0,146.6,1
2025-10-21,2025-10,해외자사몰,212570.0,146.6,1
2025-10-21,2025-10,해외자사몰,313127.5,215.95,2
2025-10-21,2025-10,해외자사몰,678020.0,467.6,6
2025-10-21,2025-10,해외자사몰,202521.5,139.67,1
2025-10-21,2025-10,해외자사몰,212570.0,146.6,1
2025-10-21,2025-10,해외자사몰,174362.5,120.25,1
2025-10-21,2025-10,해외자사몰,182700.0,126.0,1
2025-10-21,2025-10,해외자사몰,212570.0,146.6,1
2025-10-21,2025-10,해외자사몰,212570.0,146.6,1
2025-10-21,2025-10,해외자사몰,374535.0,258.3,2
2025-10-22,2025-10,국내자사몰,119438.0,,1
2025-10-22,2025-10,국내자사몰,110160.0,,1
2025-10-22,2025-10,국내자사몰,50490.0,,1
2025-10-22,2025-10,국내자사몰,110160.0,,1
2025-10-22,2025-10,국내자사몰,182070.0,,3
2025-10-22,2025-10,국내자사몰,116640.0,,1
2025-10-22,2025-10,국내자사몰,110160.0,,1
2025-10-22,2025-10,국내자사몰,78200.0,,1
2025-10-22,2025-10,국내자사몰,76500.0,,1
2025-10-22,2025-10,국내자사몰,129600.0,,1
2025-10-22,2025-10,국내자사몰,132218.0,,2
2025-10-22,2025-10,국내자사몰,129200.0,,1
2025-10-22,2025-10,국내자사몰,162903.0,,2
2025-10-22,2025-10,국내자사몰,116640.0,,1
2025-10-22,2025-10,국내자사몰,0.0,,1
2025-10-22,2025-10,국내자사몰,70380.0,,1
2025-10-22,2025-10,국내자사몰,103360.0,,1
2025-10-22,2025-10,국내자사몰,116280.0,,1
2025-10-22,2025-10,국내자사몰,116280.0,,1
2025-10-22,2025-10,국내자사몰,116865.0,,1
2025-10-22,2025-10,국내자사몰,145350.0,,1
2025-10-22,2025-10,국내자사몰,137275.0,,1
2025-10-22,2025-10,국내자사몰,275400.0,,2
2025-10-22,2025-10,국내자사몰,129600.0,,1
2025-10-22,2025-10,국내자사몰,331500.0,,4
2025-10-22,2025-10,국내자사몰,110160.0,,1
2025-10-22,2025-10,국내자사몰,116640.0,,1
2025-10-22,2025-10,국내자사몰,66470.0,,1
2025-10-22,2025-10,국내자사몰,110160.0,,1
2025-10-22,2025-10,국내자사몰,54366.0,,1
2025-10-22,2025-10,국내자사몰,122825.0,,1
2025-10-22,2025-10,국내자사몰,153425.0,,1
2025-10-22,2025-10,국내자사몰,76500.0,,1
2025-10-22,2025-10,국내자사몰,116280.0,,1
2025-10-22,2025-10,해외자사몰,212570.0,146.6,1
2025-10-22,2025-10,해외자사몰,212570.0,146.6,1
2025-10-22,2025-10,해외자사몰,174290.0,120.2,1
2025-10-22,2025-10,해외자사몰,235770.0,162.6,1
2025-10-22,2025-10,해외자사몰,212570.0,146.6,1
2025-10-22,2025-10,해외자사몰,212570.0,146.6,1
2025-10-22,2025-10,해외자사몰,212570.0,146.6,1
2025-10-22,2025-10,해외자사몰,212570.0,146.6,1
2025-10-22,2025-10,해외자사몰,212570.0,146.6,1
2025-10-22,2025-10,해외자사몰,203754.00000000003,140.52,1
2025-10-22,2025-10,해외자사몰,212570.0,146.6,1
2025-10-22,2025-10,해외자사몰,212570.0,146.6,1
2025-10-22,2025-10,해외자사몰,212570.0,146.6,1
2025-10-22,2025-10,해외자사몰,212570.0,146.6,1
2025-10-22,2025-10,해외자사몰,212570.0,146.6,1
2025-10-22,2025-10,해외자사몰,352640.0,243.2,2
2025-10-23,2025-10,국내자사몰,116640.0,,1
2025-10-23,2025-10,국내자사몰,255312.0,,2
2025-10-23,2025-10,국내자사몰,110160.0,,1
2025-10-23,2025-10,국내자사몰,116865.0,,1
2025-10-23,2025-10,국내자사몰,70380.0,,1
2025-10-23,2025-10,국내자사몰,116280.0,,1
2025-10-23,2025-10,국내자사몰,119213.0,,2
2025-10-23,2025-10,국내자사몰,116640.0,,1
2025-10-23,2025-10,국내자사몰,107100.0,,1
2025-10-23,2025-10,국내자사몰,206100.0,,2
2025-10-23,2025-10,국내자사몰,129850.0,,1
2025-10-23,2025-10,국내자사몰,119213.0,,2
2025-10-23,2025-10,국내자사몰,122825.0,,1
2025-10-23,2025-10,국내자사몰,145350.0,,1
2025-10-23,2025-10,국내자사몰,110160.0,,1
2025-10-23,2025-10,국내자사몰,119427.0,,1
2025-10-23,2025-10,국내자사몰,91800.0,,1
2025-10-23,2025-10,국내자사몰,161500.0,,1
2025-10-23,2025-10,국내자사몰,116865.0,,1
2025-10-23,2025-10,국내자사몰,134128.0,,4
2025-10-23,2025-10,국내자사몰,119213.0,,2
2025-10-23,2025-10,국내자사몰,175185.0,,2
2025-10-23,2025-10,국내자사몰,185490.0,,2
2025-10-23,2025-10,국내자사몰,62050.0,,1
2025-10-23,2025-10,국내자사몰,55845.0,,1
2025-10-23,2025-10,국내자사몰,53946.0,,1
2025-10-23,2025-10,국내자사몰,116640.0,,1
2025-10-23,2025-10,국내자사몰,116640.0,,1
2025-10-23,2025-10,국내자사몰,198688.0,,3
2025-10-23,2025-10,해외자사몰,212570.0,146.6,1
2025-10-23,2025-10,해외자사몰,202521.5,139.67,1
2025-10-23,2025-10,해외자사몰,182700.0,126.0,1
2025-10-23,2025-10,해외자사몰,212570.0,146.6,1
2025-10-23,2025-10,해외자사몰,352640.0,243.2,2
2025-10-23,2025-10,해외자사몰,212570.0,146.6,1
2025-10-23,2025-10,해외자사몰,324800.0,224.0,2
2025-10-23,2025-10,해외자사몰,203754.00000000003,140.52,1
2025-10-23,2025-10,해외자사몰,182700.0,126.0,1
2025-10-23,2025-10,해외자사몰,212570.0,146.6,1
2025-10-23,2025-10,해외자사몰,182700.0,126.0,1
2025-10-23,2025-10,해외자사몰,212570.0,146.6,1
2025-10-24,2025-10,국내자사몰,161500.0,,1
2025-10-24,2025-10,국내자사몰,110160.0,,1
2025-10-24,2025-10,국내자사몰,116640.0,,1
2025-10-24,2025-10,국내자사몰,139995.0,,2
2025-10-24,2025-10,국내자사몰,37000.0,,1
2025-10-24,2025-10,국내자사몰,50490.0,,1
2025-10-24,2025-10,국내자사몰,109820.0,,1
2025-10-24,2025-10,국내자사몰,116640.0,,1
2025-10-24,2025-10,국내자사몰,116640.0,,1
2025-10-24,2025-10,국내자사몰,51750.0,,1
2025-10-24,2025-10,국내자사몰,116640.0,,1
2025-10-24,2025-10,국내자사몰,121836.0,,1
2025-10-24,2025-10,국내자사몰,232560.0,,2
2025-10-24,2025-10,국내자사몰,258400.0,,2
2025-10-24,2025-10,국내자사몰,110160.0,,1
2025-10-24,2025-10,국내자사몰,116640.0,,1
2025-10-24,2025-10,국내자사몰,52743.0,,1
2025-10-24,2025-10,국내자사몰,129600.0,,1
2025-10-24,2025-10,국내자사몰,247435.0,,2
2025-10-24,2025-10,국내자사몰,91395.0,,2
2025-10-24,2025-10,국내자사몰,57500.0,,1
2025-10-24,2025-10,국내자사몰,137275.0,,1
2025-10-24,2025-10,국내자사몰,253300.0,,3
2025-10-24,2025-10,국내자사몰,116640.0,,1
2025-10-24,2025-10,국내자사몰,116280.0,,1
2025-10-24,2025-10,국내자사몰,122825.0,,1
2025-10-24,2025-10,국내자사몰,110160.0,,1
2025-10-24,2025-10,국내자사몰,129850.0,,1
2025-10-24,2025-10,국내자사몰,78200.0,,1
2025-10-24,2025-10,국내자사몰,66470.0,,1
2025-10-24,2025-10,국내자사몰,62037.0,,1
2025-10-24,2025-10,국내자사몰,116865.0,,1
2025-10-24,2025-10,국내자사몰,129600.0,,1
2025-10-24,2025-10,국내자사몰,62050.0,,1
2025-10-24,2025-10,해외자사몰,212570.0,146.6,1
2025-10-24,2025-10,해외자사몰,282663.0,194.94,3
2025-10-24,2025-10,해외자사몰,212570.0,146.6,1
2025-10-24,2025-10,해외자사몰,167460.5,115.49,1
2025-10-24,2025-10,해외자사몰,202521.5,139.67,1
2025-10-24,2025-10,해외자사몰,203754.00000000003,140.52,1
2025-10-24,2025-10,해외자사몰,203754.00000000003,140.52,1
2025-10-24,2025-10,해외자사몰,105270.0,72.6,1
2025-10-24,2025-10,해외자사몰,212570.0,146.6,1
2025-10-24,2025-10,해외자사몰,335008.0,231.04,2
2025-10-24,2025-10,해외자사몰,212570.0,146.6,1
2025-10-24,2025-10,해외자사몰,314360.0,216.8,3
2025-10-24,2025-10,해외자사몰,306631.5,211.47,2
2025-10-24,2025-10,해외자사몰,306631.5,211.47,2
2025-10-24,2025-10,해외자사몰,218906.5,150.97,2
2025-10-24,2025-10,해외자사몰,203754.00000000003,140.52,1
2025-10-24,2025-10,해외자사몰,205102.5,141.45,1
2025-10-24,2025-10,해외자사몰,335008.0,231.04,2
2025-10-24,2025-10,해외자사몰,351335.0,242.3,2
2025-10-24,2025-10,해외자사몰,510255.0,351.9,5
2025-10-24,2025-10,해외자사몰,212570.0,146.6,1
2025-10-24,2025-10,해외자사몰,314432.5,216.85,2
2025-10-24,2025-10,해외자사몰,212570.0,146.6,1
2025-10-24,2025-10,해외자사몰,211265.0,145.7,1
2025-10-25,2025-10,국내자사몰,116640.0,,1
2025-10-25,2025-10,국내자사몰,50490.0,,1
2025-10-25,2025-10,국내자사몰,129600.0,,1
2025-10-25,2025-10,국내자사몰,388800.0,,3
2025-10-25,2025-10,국내자사몰,116640.0,,1
2025-10-25,2025-10,국내자사몰,119213.0,,2
2025-10-25,2025-10,국내자사몰,134775.0,,1
2025-10-25,2025-10,국내자사몰,116640.0,,1
2025-10-25,2025-10,국내자사몰,54188.0,,1
2025-10-25,2025-10,국내자사몰,47685.0,,1
2025-10-25,2025-10,국내자사몰,22890.0,,1
2025-10-25,2025-10,국내자사몰,76500.0,,1
2025-10-25,2025-10,국내자사몰,78570.0,,1
2025-10-25,2025-10,국내자사몰,145350.0,,1
2025-10-25,2025-10,국내자사몰,308343.0,,4
2025-10-25,2025-10,국내자사몰,51750.0,,1
2025-10-25,2025-10,국내자사몰,76500.0,,1
2025-10-25,2025-10,국내자사몰,116640.0,,1
2025-10-25,2025-10,국내자사몰,57500.0,,1
2025-10-25,2025-10,국내자사몰,55845.0,,1
2025-10-25,2025-10,국내자사몰,116640.0,,1
2025-10-25,2025-10,국내자사몰,62050.0,,1
2025-10-25,2025-10,국내자사몰,55644.0,,1
2025-10-25,2025-10,국내자사몰,116865.0,,1
2025-10-25,2025-10,국내자사몰,129200.0,,1
2025-10-25,2025-10,국내자사몰,97527.0,,2
2025-10-25,2025-10,국내자사몰,45185.0,,1
2025-10-25,2025-10,국내자사몰,53940.0,,1
2025-10-25,2025-10,국내자사몰,89554.0,,1
2025-10-25,2025-10,국내자사몰,129600.0,,1
2025-10-25,2025-10,국내자사몰,116640.0,,1
2025-10-25,2025-10,국내자사몰,116640.0,,1
2025-10-25,2025-10,해외자사몰,212570.0,146.6,1
2025-10-25,2025-10,해외자사몰,212570.0,146.6,1
2025-10-25,2025-10,해외자사몰,335008.0,231.04,2
2025-10-25,2025-10,해외자사몰,203754.00000000003,140.52,1
2025-10-25,2025-10,해외자사몰,175377.5,120.95,1
2025-10-25,2025-10,해외자사몰,212570.0,146.6,1
2025-10-25,2025-10,해외자사몰,212570.0,146.6,1
2025-10-25,2025-10,해외자사몰,203754.00000000003,140.52,1
2025-10-25,2025-10,해외자사몰,351335.0,242.3,2
2025-10-25,2025-10,해외자사몰,203754.00000000003,140.52,1
2025-10-25,2025-10,해외자사몰,394255.0,271.9,2
2025-10-25,2025-10,해외자사몰,212570.0,146.6,1
2025-10-26,2025-10,국내자사몰,50490.0,,1
2025-10-26,2025-10,국내자사몰,116640.0,,1
2025-10-26,2025-10,국내자사몰,126225.0,,2
2025-10-26,2025-10,국내자사몰,116640.0,,1
2025-10-26,2025-10,국내자사몰,65025.0,,1
2025-10-26,2025-10,국내자사몰,124695.0,,2
2025-10-26,2025-10,국내자사몰,110160.0,,1
2025-10-26,2025-10,국내자사몰,116640.0,,1
2025-10-26,2025-10,국내자사몰,116640.0,,1
2025-10-26,2025-10,국내자사몰,110160.0,,1
2025-10-26,2025-10,국내자사몰,110160.0,,1
2025-10-26,2025-10,국내자사몰,116640.0,,1
2025-10-26,2025-10,국내자사몰,129600.0,,1
2025-10-26,2025-10,국내자사몰,161500.0,,1
2025-10-26,2025-10,국내자사몰,145350.0,,1
2025-10-26,2025-10,국내자사몰,53946.0,,1
2025-10-26,2025-10,국내자사몰,156898.0,,1
2025-10-26,2025-10,국내자사몰,73976.0,,1
2025-10-26,2025-10,국내자사몰,116280.0,,1
2025-10-26,2025-10,국내자사몰,68850.0,,1
2025-10-26,2025-10,국내자사몰,111456.0,,1
2025-10-26,2025-10,국내자사몰,50490.0,,1
2025-10-26,2025-10,국내자사몰,116865.0,,1
2025-10-26,2025-10,국내자사몰,129600.0,,1
2025-10-26,2025-10,국내자사몰,116640.0,,1
2025-10-26,2025-10,해외자사몰,212570.0,146.6,1
2025-10-26,2025-10,해외자사몰,203754.00000000003,140.52,1
2025-10-26,2025-10,해외자사몰,212570.0,146.6,1
2025-10-26,2025-10,해외자사몰,203754.00000000003,140.52,1
2025-10-26,2025-10,해외자사몰,161965.0,111.7,1
2025-10-26,2025-10,해외자사몰,212570.0,146.6,1
2025-10-26,2025-10,해외자사몰,300991.0,207.58,3
2025-10-26,2025-10,해외자사몰,212570.0,146.6,1
2025-10-26,2025-10,해외자사몰,174362.5,120.25,1
2025-10-26,2025-10,해외자사몰,212570.0,146.6,1
2025-10-26,2025-10,해외자사몰,310242.0,213.96,2
2025-10-26,2025-10,해외자사몰,357425.0,246.5,3
2025-10-26,2025-10,해외자사몰,212570.0,146.6,1
2025-10-26,2025-10,해외자사몰,203754.00000000003,140.52,1
2025-10-26,2025-10,해외자사몰,212570.0,146.6,1
2025-10-26,2025-10,해외자사몰,203754.00000000003,140.52,1
2025-10-26,2025-10,해외자사몰,203754.00000000003,140.52,1
2025-10-26,2025-10,해외자사몰,212570.0,146.6,1
2025-10-26,2025-10,해외자사몰,211265.0,145.7,1
2025-10-26,2025-10,해외자사몰,352640.0,243.2,2
2025-10-26,2025-10,해외자사몰,310358.0,214.04,2
2025-10-26,2025-10,해외자사몰,212570.0,146.6,1
2025-10-27,2025-10,국내자사몰,110160.0,,1
2025-10-27,2025-10,국내자사몰,50490.0,,1
2025-10-27,2025-10,국내자사몰,122825.0,,1
2025-10-27,2025-10,국내자사몰,145350.0,,1
2025-10-27,2025-10,국내자사몰,110160.0,,1
2025-10-27,2025-10,국내자사몰,110160.0,,1
2025-10-27,2025-10,국내자사몰,110160.0,,1
2025-10-27,2025-10,국내자사몰,56100.0,,1
2025-10-27,2025-10,국내자사몰,137275.0,,1
2025-10-27,2025-10,국내자사몰,140250.0,,2
2025-10-27,2025-10,국내자사몰,116640.0,,1
2025-10-27,2025-10,국내자사몰,110160.0,,1
2025-10-27,2025-10,국내자사몰,137275.0,,1
2025-10-27,2025-10,국내자사몰,110160.0,,1
2025-10-27,2025-10,국내자사몰,110160.0,,1
2025-10-27,2025-10,국내자사몰,116640.0,,1
2025-10-27,2025-10,국내자사몰,122981.0,,1
2025-10-27,2025-10,국내자사몰,157845.0,,2
2025-10-27,2025-10,국내자사몰,145350.0,,1
2025-10-27,2025-10,국내자사몰,22890.0,,1
2025-10-27,2025-10,국내자사몰,0.0,,2
2025-10-27,2025-10,국내자사몰,83700.0,,1
2025-10-27,2025-10,국내자사몰,116640.0,,1
2025-10-27,2025-10,국내자사몰,110160.0,,1
2025-10-27,2025-10,국내자사몰,137275.0,,1
2025-10-27,2025-10,국내자사몰,161500.0,,1
2025-10-27,2025-10,국내자사몰,137275.0,,1
2025-10-27,2025-10,국내자사몰,458788.0,,5
2025-10-27,2025-10,국내자사몰,126225.0,,2
2025-10-27,2025-10,국내자사몰,110160.0,,1
2025-10-27,2025-10,국내자사몰,116640.0,,1
2025-10-27,2025-10,국내자사몰,233280.0,,2
2025-10-27,2025-10,국내자사몰,232985.0,,2
2025-10-27,2025-10,국내자사몰,55845.0,,1
2025-10-27,2025-10,국내자사몰,246690.0,,2
2025-10-27,2025-10,국내자사몰,145350.0,,1
2025-10-27,2025-10,국내자사몰,100428.0,,2
2025-10-27,2025-10,국내자사몰,137275.0,,1
2025-10-27,2025-10,국내자사몰,126225.0,,2
2025-10-27,2025-10,국내자사몰,175185.0,,2
2025-10-27,2025-10,국내자사몰,110160.0,,1
2025-10-27,2025-10,국내자사몰,116640.0,,1
2025-10-27,2025-10,국내자사몰,55845.0,,1
2025-10-27,2025-10,국내자사몰,161500.0,,1
2025-10-27,2025-10,국내자사몰,126225.0,,2
2025-10-27,2025-10,해외자사몰,174362.5,120.25,1
2025-10-27,2025-10,해외자사몰,212570.0,146.6,1
2025-10-27,2025-10,해외자사몰,182700.0,126.0,1
2025-10-27,2025-10,해외자사몰,225794.0,155.72,1
2025-10-27,2025-10,해외자사몰,212570.0,146.6,1
2025-10-27,2025-10,해외자사몰,202521.5,139.67,1
2025-10-27,2025-10,해외자사몰,502512.0,346.56,3
2025-10-27,2025-10,해외자사몰,352640.0,243.2,2
2025-10-27,2025-10,해외자사몰,235770.0,162.6,1
2025-10-27,2025-10,해외자사몰,212570.0,146.6,1
2025-10-27,2025-10,해외자사몰,212570.0,146.6,1
2025-10-27,2025-10,해외자사몰,212570.0,146.6,1
2025-10-27,2025-10,해외자사몰,212570.0,146.6,1
2025-10-27,2025-10,해외자사몰,225794.0,155.72,1
2025-10-27,2025-10,해외자사몰,203754.00000000003,140.52,1
2025-10-27,2025-10,해외자사몰,212570.0,146.6,1
2025-10-28,2025-10,국내자사몰,119640.0,,1
2025-10-28,2025-10,국내자사몰,145350.0,,1
2025-10-28,2025-10,국내자사몰,145350.0,,1
2025-10-28,2025-10,국내자사몰,116640.0,,1
2025-10-28,2025-10,국내자사몰,68850.0,,1
2025-10-28,2025-10,국내자사몰,137275.0,,1
2025-10-28,2025-10,국내자사몰,66470.0,,1
2025-10-28,2025-10,국내자사몰,129200.0,,1
2025-10-28,2025-10,국내자사몰,223975.0,,2
2025-10-28,2025-10,국내자사몰,62050.0,,1
2025-10-28,2025-10,국내자사몰,116640.0,,1
2025-10-28,2025-10,국내자사몰,52743.0,,1
2025-10-28,2025-10,국내자사몰,107100.0,,1
2025-10-28,2025-10,국내자사몰,41120.0,,1
2025-10-28,2025-10,국내자사몰,102385.0,,1
2025-10-28,2025-10,국내자사몰,87027.0,,2
2025-10-28,2025-10,국내자사몰,262215.0,,2
2025-10-28,2025-10,국내자사몰,378630.0,,3
2025-10-28,2025-10,국내자사몰,110160.0,,1
2025-10-28,2025-10,국내자사몰,116640.0,,1
2025-10-28,2025-10,국내자사몰,129600.0,,1
2025-10-28,2025-10,국내자사몰,176630.0,,2
2025-10-28,2025-10,국내자사몰,56100.0,,1
2025-10-28,2025-10,국내자사몰,110160.0,,1
2025-10-28,2025-10,국내자사몰,129600.0,,1
2025-10-28,2025-10,국내자사몰,110160.0,,1
2025-10-28,2025-10,국내자사몰,126225.0,,2
2025-10-28,2025-10,국내자사몰,110160.0,,1
2025-10-28,2025-10,국내자사몰,79050.0,,1
2025-10-28,2025-10,국내자사몰,110160.0,,1
2025-10-28,2025-10,국내자사몰,63750.0,,1
2025-10-28,2025-10,국내자사몰,110160.0,,1
2025-10-28,2025-10,국내자사몰,110160.0,,1
2025-10-28,2025-10,국내자사몰,110160.0,,1
2025-10-28,2025-10,국내자사몰,70380.0,,1
2025-10-28,2025-10,국내자사몰,110160.0,,1
2025-10-28,2025-10,해외자사몰,212570.0,146.6,1
2025-10-28,2025-10,해외자사몰,212570.0,146.6,1
2025-10-28,2025-10,해외자사몰,212570.0,146.6,1
2025-10-28,2025-10,해외자사몰,248820.0,171.6,2
2025-10-28,2025-10,해외자사몰,351335.0,242.3,2
2025-10-28,2025-10,해외자사몰,375840.0,259.2,2
2025-10-28,2025-10,해외자사몰,203754.00000000003,140.52,1
2025-10-28,2025-10,해외자사몰,174362.5,120.25,1
2025-10-28,2025-10,해외자사몰,212570.0,146.6,1
2025-10-28,2025-10,해외자사몰,211265.0,145.7,1
2025-10-28,2025-10,해외자사몰,212570.0,146.6,1
2025-10-28,2025-10,해외자사몰,225794.0,155.72,1
2025-10-29,2025-10,국내자사몰,55845.0,,1
2025-10-29,2025-10,국내자사몰,123120.0,,1
2025-10-29,2025-10,국내자사몰,116640.0,,1
2025-10-29,2025-10,국내자사몰,116640.0,,1
2025-10-29,2025-10,국내자사몰,84150.0,,1
2025-10-29,2025-10,국내자사몰,52743.0,,1
2025-10-29,2025-10,국내자사몰,145350.0,,1
2025-10-29,2025-10,국내자사몰,116640.0,,1
2025-10-29,2025-10,국내자사몰,137275.0,,1
2025-10-29,2025-10,국내자사몰,65700.0,,1
2025-10-29,2025-10,국내자사몰,91800.0,,1
2025-10-29,2025-10,국내자사몰,166175.0,,2
2025-10-29,2025-10,국내자사몰,137275.0,,1
2025-10-29,2025-10,국내자사몰,129600.0,,1
2025-10-29,2025-10,국내자사몰,651100.0,,7
2025-10-29,2025-10,국내자사몰,145350.0,,1
2025-10-29,2025-10,국내자사몰,116640.0,,1
2025-10-29,2025-10,국내자사몰,161500.0,,1
2025-10-29,2025-10,국내자사몰,62050.0,,1
2025-10-29,2025-10,국내자사몰,116640.0,,1
2025-10-29,2025-10,국내자사몰,52743.0,,1
2025-10-29,2025-10,국내자사몰,247095.0,,2
2025-10-29,2025-10,국내자사몰,110160.0,,1
2025-10-29,2025-10,해외자사몰,228520.0,157.6,2
2025-10-29,2025-10,해외자사몰,203754.00000000003,140.52,1
2025-10-29,2025-10,해외자사몰,357048.0,246.24,2
2025-10-29,2025-10,해외자사몰,235770.0,162.6,1
2025-10-29,2025-10,해외자사몰,203754.00000000003,140.52,1
2025-10-29,2025-10,해외자사몰,276196.0,190.48,5
2025-10-29,2025-10,해외자사몰,315520.0,217.6,3
2025-10-29,2025-10,해외자사몰,212570.0,146.6,1
2025-10-29,2025-10,해외자사몰,212570.0,146.6,1
2025-10-29,2025-10,해외자사몰,306631.5,211.47,2
2025-10-29,2025-10,해외자사몰,813450.0,561.0,8
2025-10-29,2025-10,해외자사몰,352640.0,243.2,2
2025-10-29,2025-10,해외자사몰,211265.0,145.7,1
2025-10-29,2025-10,해외자사몰,203754.00000000003,140.52,1
2025-10-29,2025-10,해외자사몰,105270.0,72.6,1
2025-10-30,2025-10,국내자사몰,137275.0,,1
2025-10-30,2025-10,국내자사몰,119213.0,,2
2025-10-30,2025-10,국내자사몰,52743.0,,1
2025-10-30,2025-10,국내자사몰,110160.0,,1
2025-10-30,2025-10,국내자사몰,129600.0,,1
2025-10-30,2025-10,국내자사몰,56100.0,,1
2025-10-30,2025-10,국내자사몰,116640.0,,1
2025-10-30,2025-10,국내자사몰,50949.0,,1
2025-10-30,2025-10,국내자사몰,102302.0,,1
2025-10-30,2025-10,국내자사몰,145350.0,,1
2025-10-30,2025-10,국내자사몰,202300.0,,2
2025-10-30,2025-10,국내자사몰,65025.0,,1
2025-10-30,2025-10,국내자사몰,50490.0,,1
2025-10-30,2025-10,국내자사몰,116280.0,,1
2025-10-30,2025-10,국내자사몰,124100.0,,2
2025-10-30,2025-10,국내자사몰,126225.0,,2
2025-10-30,2025-10,국내자사몰,116640.0,,1
2025-10-30,2025-10,국내자사몰,129600.0,,1
2025-10-30,2025-10,국내자사몰,52743.0,,1
2025-10-30,2025-10,국내자사몰,55845.0,,1
2025-10-30,2025-10,국내자사몰,110160.0,,1
2025-10-30,2025-10,국내자사몰,161109.0,,2
2025-10-30,2025-10,국내자사몰,130050.0,,1
2025-10-30,2025-10,국내자사몰,129600.0,,1
2025-10-30,2025-10,해외자사몰,203754.00000000003,140.52,1
2025-10-30,2025-10,해외자사몰,211265.0,145.7,1
2025-10-30,2025-10,해외자사몰,212570.0,146.6,1
2025-10-30,2025-10,해외자사몰,211265.0,145.7,1
2025-10-30,2025-10,해외자사몰,212570.0,146.6,1
2025-10-30,2025-10,해외자사몰,351335.0,242.3,2
2025-10-30,2025-10,해외자사몰,243310.00000000003,167.8,2
2025-10-30,2025-10,해외자사몰,212570.0,146.6,1
2025-10-30,2025-10,해외자사몰,375840.0,259.2,2
2025-10-30,2025-10,해외자사몰,212570.0,146.6,1
2025-10-30,2025-10,해외자사몰,212570.0,146.6,1
2025-10-30,2025-10,해외자사몰,202521.5,139.67,1
2025-10-30,2025-10,해외자사몰,212570.0,146.6,1
2025-10-30,2025-10,해외자사몰,212570.0,146.6,1
2025-10-30,2025-10,해외자사몰,212570.0,146.6,1
2025-10-30,2025-10,해외자사몰,175377.5,120.95,1
2025-10-31,2025-10,국내자사몰,50949.0,,1
2025-10-31,2025-10,국내자사몰,66470.0,,1
2025-10-31,2025-10,국내자사몰,110160.0,,1
2025-10-31,2025-10,국내자사몰,148836.0,,2
2025-10-31,2025-10,국내자사몰,129600.0,,1
2025-10-31,2025-10,국내자사몰,164304.0,,3
2025-10-31,2025-10,국내자사몰,93000.0,,1
2025-10-31,2025-10,국내자사몰,243660.0,,2
2025-10-31,2025-10,국내자사몰,137275.0,,1
2025-10-31,2025-10,국내자사몰,137275.0,,1
2025-10-31,2025-10,국내자사몰,110160.0,,1
2025-10-31,2025-10,국내자사몰,161500.0,,1
2025-10-31,2025-10,국내자사몰,70380.0,,1
2025-10-31,2025-10,국내자사몰,257550.0,,2
2025-10-31,2025-10,국내자사몰,50490.0,,1
2025-10-31,2025-10,국내자사몰,129200.0,,1
2025-10-31,2025-10,국내자사몰,109820.0,,1
2025-10-31,2025-10,국내자사몰,280500.0,,4
2025-10-31,2025-10,국내자사몰,139995.0,,2
2025-10-31,2025-10,국내자사몰,137275.0,,1
2025-10-31,2025-10,국내자사몰,119000.0,,1
2025-10-31,2025-10,국내자사몰,110160.0,,1
2025-10-31,2025-10,국내자사몰,110160.0,,1
2025-10-31,2025-10,해외자사몰,212570.0,146.6,1
2025-10-31,2025-10,해외자사몰,218906.5,150.97,2
2025-10-31,2025-10,해외자사몰,167460.5,115.49,1
2025-10-31,2025-10,해외자사몰,335008.0,231.04,2
2025-10-31,2025-10,해외자사몰,212570.0,146.6,1
2025-10-31,2025-10,해외자사몰,350030.0,241.4,2
2025-10-31,2025-10,해외자사몰,351335.0,242.3,2
2025-10-31,2025-10,해외자사몰,314432.5,216.85,2
2025-10-31,2025-10,해외자사몰,212570.0,146.6,1
2025-10-31,2025-10,해외자사몰,235770.0,162.6,1
2025-10-31,2025-10,해외자사몰,352640.0,243.2,2
2025-10-31,2025-10,해외자사몰,212570.0,146.6,1
2025-10-31,2025-10,해외자사몰,203754.00000000003,140.52,1
2025-10-31,2025-10,해외자사몰,203754.00000000003,140.52,1
2025-11-01,2025-11,국내자사몰,116640.0,,1
2025-11-01,2025-11,국내자사몰,110160.0,,1
2025-11-01,2025-11,국내자사몰,110160.0,,1
2025-11-01,2025-11,국내자사몰,129600.0,,1
2025-11-01,2025-11,국내자사몰,114640.0,,1
2025-11-01,2025-11,국내자사몰,129600.0,,1
2025-11-01,2025-11,국내자사몰,116640.0,,1
2025-11-01,2025-11,국내자사몰,55845.0,,1
2025-11-01,2025-11,국내자사몰,145350.0,,1
2025-11-01,2025-11,국내자사몰,51750.0,,1
2025-11-01,2025-11,국내자사몰,57500.0,,1
2025-11-01,2025-11,국내자사몰,110160.0,,1
2025-11-01,2025-11,국내자사몰,110160.0,,1
2025-11-01,2025-11,국내자사몰,129200.0,,1
2025-11-01,2025-11,국내자사몰,107660.0,,1
2025-11-01,2025-11,국내자사몰,130050.0,,1
2025-11-01,2025-11,국내자사몰,55845.0,,1
2025-11-01,2025-11,국내자사몰,50949.0,,1
2025-11-01,2025-11,국내자사몰,52743.0,,1
2025-11-01,2025-11,국내자사몰,116640.0,,1
2025-11-01,2025-11,국내자사몰,110160.0,,1
2025-11-01,2025-11,국내자사몰,137275.0,,1
2025-11-01,2025-11,국내자사몰,68850.0,,1
2025-11-01,2025-11,국내자사몰,126225.0,,2
2025-11-01,2025-11,국내자사몰,161109.0,,2
2025-11-01,2025-11,해외자사몰,235770.0,162.6,1
2025-11-01,2025-11,해외자사몰,203754.00000000003,140.52,1
2025-11-01,2025-11,해외자사몰,212570.0,146.6,1
2025-11-01,2025-11,해외자사몰,235770.0,162.6,1
2025-11-01,2025-11,해외자사몰,359020.0,247.6,3
2025-11-01,2025-11,해외자사몰,304790.0,210.2,2
2025-11-01,2025-11,해외자사몰,212570.0,146.6,1
2025-11-01,2025-11,해외자사몰,212570.0,146.6,1
2025-11-01,2025-11,해외자사몰,174362.5,120.25,1
2025-11-01,2025-11,해외자사몰,211265.0,145.7,1
2025-11-02,2025-11,국내자사몰,107100.0,,1
2025-11-02,2025-11,국내자사몰,110160.0,,1
2025-11-02,2025-11,국내자사몰,116640.0,,1
2025-11-02,2025-11,국내자사몰,161500.0,,1
2025-11-02,2025-11,국내자사몰,59940.0,,1
2025-11-02,2025-11,국내자사몰,116865.0,,1
2025-11-02,2025-11,국내자사몰,117612.0,,1
2025-11-02,2025-11,국내자사몰,116640.0,,1
2025-11-02,2025-11,국내자사몰,110160.0,,1
2025-11-02,2025-11,국내자사몰,129600.0,,1
2025-11-02,2025-11,국내자사몰,50490.0,,1
2025-11-02,2025-11,국내자사몰,58948.0,,1
2025-11-02,2025-11,국내자사몰,110160.0,,1
2025-11-02,2025-11,국내자사몰,110160.0,,1
2025-11-02,2025-11,국내자사몰,129600.0,,1
2025-11-02,2025-11,해외자사몰,182700.0,126.0,1
2025-11-02,2025-11,해외자사몰,428910.0,295.8,4
2025-11-02,2025-11,해외자사몰,299570.0,206.6,2
2025-11-02,2025-11,해외자사몰,212570.0,146.6,1
2025-11-02,2025-11,해외자사몰,212570.0,146.6,1
2025-11-02,2025-11,해외자사몰,212570.0,146.6,1
2025-11-02,2025-11,해외자사몰,335008.0,231.04,2
2025-11-02,2025-11,해외자사몰,212570.0,146.6,1
2025-11-02,2025-11,해외자사몰,203754.00000000003,140.52,1
2025-11-02,2025-11,해외자사몰,212570.0,146.6,1
2025-11-02,2025-11,해외자사몰,212570.0,146.6,1
2025-11-02,2025-11,해외자사몰,212570.0,146.6,1
2025-11-02,2025-11,해외자사몰,298714.5,206.01,2
2025-11-02,2025-11,해외자사몰,203754.00000000003,140.52,1
2025-11-02,2025-11,해외자사몰,345172.5,238.05,2
2025-11-02,2025-11,해외자사몰,211265.0,145.7,1
2025-11-03,2025-11,국내자사몰,129200.0,,1
2025-11-03,2025-11,국내자사몰,52743.0,,1
2025-11-03,2025-11,국내자사몰,55845.0,,1
2025-11-03,2025-11,국내자사몰,145350.0,,1
2025-11-03,2025-11,국내자사몰,257550.0,,3
2025-11-03,2025-11,국내자사몰,110160.0,,1
2025-11-03,2025-11,국내자사몰,106182.0,,2
2025-11-03,2025-11,국내자사몰,62050.0,,1
2025-11-03,2025-11,국내자사몰,122825.0,,1
2025-11-03,2025-11,국내자사몰,129600.0,,1
2025-11-03,2025-11,국내자사몰,116640.0,,1
2025-11-03,2025-11,국내자사몰,137275.0,,1
2025-11-03,2025-11,국내자사몰,137275.0,,1
2025-11-03,2025-11,국내자사몰,140250.0,,2
2025-11-03,2025-11,국내자사몰,129600.0,,1
2025-11-03,2025-11,국내자사몰,42780.0,,2
2025-11-03,2025-11,국내자사몰,82620.0,,1
2025-11-03,2025-11,국내자사몰,116640.0,,1
2025-11-03,2025-11,국내자사몰,68850.0,,1
2025-11-03,2025-11,국내자사몰,137275.0,,1
2025-11-03,2025-11,국내자사몰,53946.0,,1
2025-11-03,2025-11,국내자사몰,273276.0,,3
2025-11-03,2025-11,국내자사몰,48371.0,,1
2025-11-03,2025-11,국내자사몰,469200.0,,6
2025-11-03,2025-11,국내자사몰,130050.0,,1
2025-11-03,2025-11,국내자사몰,119213.0,,2
2025-11-03,2025-11,국내자사몰,110160.0,,1
2025-11-03,2025-11,국내자사몰,116640.0,,1
2025-11-03,2025-11,국내자사몰,119213.0,,2
2025-11-03,2025-11,국내자사몰,137275.0,,1
2025-11-03,2025-11,국내자사몰,52743.0,,1
2025-11-03,2025-11,해외자사몰,212570.0,146.6,1
2025-11-03,2025-11,해외자사몰,212570.0,146.6,1
2025-11-03,2025-11,해외자사몰,202521.5,139.67,1
2025-11-03,2025-11,해외자사몰,212570.0,146.6,1
2025-11-03,2025-11,해외자사몰,211265.0,145.7,1
2025-11-03,2025-11,해외자사몰,212570.0,146.6,1
2025-11-03,2025-11,해외자사몰,212570.0,146.6,1
2025-11-03,2025-11,해외자사몰,203754.00000000003,140.52,1
2025-11-03,2025-11,해외자사몰,306240.0,211.2,3
2025-11-03,2025-11,해외자사몰,212570.0,146.6,1
2025-11-03,2025-11,해외자사몰,310662.5,214.25,3
2025-11-03,2025-11,해외자사몰,174362.5,120.25,1
2025-11-03,2025-11,해외자사몰,312910.0,215.8,3
2025-11-03,2025-11,해외자사몰,182700.0,126.0,1
2025-11-03,2025-11,해외자사몰,212570.0,146.6,1
2025-11-03,2025-11,해외자사몰,225794.0,155.72,1
2025-11-03,2025-11,해외자사몰,352640.0,243.2,2
2025-11-03,2025-11,해외자사몰,212570.0,146.6,1
2025-11-03,2025-11,해외자사몰,212570.0,146.6,1
2025-11-03,2025-11,해외자사몰,212570.0,146.6,1
2025-11-03,2025-11,해외자사몰,182700.0,126.0,1
2025-11-04,2025-11,국내자사몰,57375.0,,1
2025-11-04,2025-11,국내자사몰,34875.0,,1
2025-11-04,2025-11,국내자사몰,68850.0,,1
2025-11-04,2025-11,국내자사몰,199665.0,,3
2025-11-04,2025-11,국내자사몰,116640.0,,1
2025-11-04,2025-11,국내자사몰,63750.0,,1
2025-11-04,2025-11,국내자사몰,145350.0,,1
2025-11-04,2025-11,국내자사몰,116640.0,,1
2025-11-04,2025-11,국내자사몰,129600.0,,1
2025-11-04,2025-11,국내자사몰,129600.0,,1
2025-11-04,2025-11,국내자사몰,116640.0,,1
2025-11-04,2025-11,국내자사몰,145350.0,,1
2025-11-04,2025-11,국내자사몰,152235.0,,2
2025-11-04,2025-11,국내자사몰,82620.0,,1
2025-11-04,2025-11,국내자사몰,94600.0,,3
2025-11-04,2025-11,국내자사몰,116640.0,,1
2025-11-04,2025-11,국내자사몰,119213.0,,2
2025-11-04,2025-11,국내자사몰,251431.0,,4
2025-11-04,2025-11,국내자사몰,116280.0,,1
2025-11-04,2025-11,국내자사몰,145350.0,,1
2025-11-04,2025-11,국내자사몰,50490.0,,1
2025-11-04,2025-11,해외자사몰,203754.00000000003,140.52,1
2025-11-04,2025-11,해외자사몰,167460.5,115.49,1
2025-11-04,2025-11,해외자사몰,212570.0,146.6,1
2025-11-04,2025-11,해외자사몰,203754.00000000003,140.52,1
2025-11-04,2025-11,해외자사몰,322770.0,222.6,2
2025-11-04,2025-11,해외자사몰,212570.0,146.6,1
2025-11-04,2025-11,해외자사몰,212570.0,146.6,1
2025-11-04,2025-11,해외자사몰,550855.0,379.9,3
2025-11-04,2025-11,해외자사몰,203754.00000000003,140.52,1
2025-11-04,2025-11,해외자사몰,212570.0,146.6,1
2025-11-04,2025-11,해외자사몰,314432.5,216.85,2
2025-11-04,2025-11,해외자사몰,296670.0,204.6,2
2025-11-04,2025-11,해외자사몰,203754.00000000003,140.52,1
2025-11-04,2025-11,해외자사몰,212570.0,146.6,1
2025-11-04,2025-11,해외자사몰,174362.5,120.25,1
2025-11-04,2025-11,해외자사몰,371055.0,255.9,2
2025-11-04,2025-11,해외자사몰,212570.0,146.6,1
2025-11-04,2025-11,해외자사몰,212570.0,146.6,1
2025-11-04,2025-11,해외자사몰,281836.5,194.37,2
2025-11-04,2025-11,해외자사몰,212570.0,146.6,1
2025-11-05,2025-11,국내자사몰,119213.0,,2
2025-11-05,2025-11,국내자사몰,101150.0,,1
2025-11-05,2025-11,국내자사몰,476000.0,,5
2025-11-05,2025-11,국내자사몰,52743.0,,1
2025-11-05,2025-11,국내자사몰,78030.0,,1
2025-11-05,2025-11,국내자사몰,129600.0,,1
2025-11-05,2025-11,국내자사몰,116640.0,,1
2025-11-05,2025-11,국내자사몰,107100.0,,1
2025-11-05,2025-11,국내자사몰,596200.0,,5
2025-11-05,2025-11,국내자사몰,116640.0,,1
2025-11-05,2025-11,국내자사몰,1314500.0,,15
2025-11-05,2025-11,국내자사몰,116640.0,,1
2025-11-05,2025-11,국내자사몰,139995.0,,2
2025-11-05,2025-11,국내자사몰,116640.0,,1
2025-11-05,2025-11,국내자사몰,62050.0,,1
2025-11-05,2025-11,국내자사몰,116640.0,,1
2025-11-05,2025-11,국내자사몰,228311.0,,3
2025-11-05,2025-11,국내자사몰,116640.0,,1
2025-11-05,2025-11,국내자사몰,36750.0,,1
2025-11-05,2025-11,국내자사몰,129600.0,,1
2025-11-05,2025-11,국내자사몰,203745.0,,2
2025-11-05,2025-11,국내자사몰,129600.0,,1
2025-11-05,2025-11,국내자사몰,116640.0,,1
2025-11-05,2025-11,국내자사몰,116640.0,,1
2025-11-05,2025-11,국내자사몰,107100.0,,1
2025-11-05,2025-11,해외자사몰,257476.5,177.57,2
2025-11-05,2025-11,해외자사몰,203754.00000000003,140.52,1
2025-11-05,2025-11,해외자사몰,182700.0,126.0,1
2025-11-05,2025-11,해외자사몰,211265.0,145.7,1
2025-11-05,2025-11,해외자사몰,296670.0,204.6,2
2025-11-05,2025-11,해외자사몰,212570.0,146.6,1
2025-11-05,2025-11,해외자사몰,203754.00000000003,140.52,1
2025-11-05,2025-11,해외자사몰,232870.0,160.6,2
2025-11-05,2025-11,해외자사몰,338720.0,233.6,3
2025-11-05,2025-11,해외자사몰,212570.0,146.6,1
2025-11-05,2025-11,해외자사몰,212570.0,146.6,1
2025-11-05,2025-11,해외자사몰,212570.0,146.6,1
2025-11-05,2025-11,해외자사몰,212570.0,146.6,1
2025-11-05,2025-11,해외자사몰,212570.0,146.6,1
2025-11-05,2025-11,해외자사몰,174290.0,120.2,2
2025-11-05,2025-11,해외자사몰,203754.00000000003,140.52,1
2025-11-05,2025-11,해외자사몰,352640.0,243.2,2
2025-11-06,2025-11,국내자사몰,70380.0,,1
2025-11-06,2025-11,국내자사몰,50490.0,,1
2025-11-06,2025-11,국내자사몰,145350.0,,1
2025-11-06,2025-11,국내자사몰,137275.0,,1
2025-11-06,2025-11,국내자사몰,124840.0,,1
2025-11-06,2025-11,국내자사몰,116640.0,,1
2025-11-06,2025-11,국내자사몰,101745.0,,1
2025-11-06,2025-11,국내자사몰,106928.0,,1
2025-11-06,2025-11,국내자사몰,110160.0,,1
2025-11-06,2025-11,국내자사몰,129600.0,,1
2025-11-06,2025-11,국내자사몰,358700.0,,5
2025-11-06,2025-11,국내자사몰,110160.0,,1
2025-11-06,2025-11,국내자사몰,116640.0,,1
2025-11-06,2025-11,국내자사몰,145350.0,,1
2025-11-06,2025-11,국내자사몰,129600.0,,1
2025-11-06,2025-11,국내자사몰,137275.0,,1
2025-11-06,2025-11,국내자사몰,109820.0,,1
2025-11-06,2025-11,국내자사몰,110373.0,,1
2025-11-06,2025-11,국내자사몰,123120.0,,1
2025-11-06,2025-11,국내자사몰,137275.0,,1
2025-11-06,2025-11,국내자사몰,116640.0,,1
2025-11-06,2025-11,국내자사몰,106335.0,,2
2025-11-06,2025-11,국내자사몰,49557.0,,1
2025-11-06,2025-11,국내자사몰,116280.0,,1
2025-11-06,2025-11,국내자사몰,116640.0,,1
2025-11-06,2025-11,국내자사몰,110160.0,,1
2025-11-06,2025-11,국내자사몰,116640.0,,1
2025-11-06,2025-11,해외자사몰,212570.0,146.6,1
2025-11-06,2025-11,해외자사몰,212570.0,146.6,1
2025-11-06,2025-11,해외자사몰,306631.5,211.47,2
2025-11-06,2025-11,해외자사몰,212570.0,146.6,1
2025-11-06,2025-11,해외자사몰,182700.0,126.0,1
2025-11-06,2025-11,해외자사몰,203754.00000000003,140.52,1
2025-11-06,2025-11,해외자사몰,212570.0,146.6,1
2025-11-06,2025-11,해외자사몰,322770.0,222.6,2
2025-11-06,2025-11,해외자사몰,358222.5,247.05,3
2025-11-06,2025-11,해외자사몰,212570.0,146.6,1
2025-11-06,2025-11,해외자사몰,322770.0,222.6,2
2025-11-06,2025-11,해외자사몰,489447.5,337.55,3
2025-11-06,2025-11,해외자사몰,212570.0,146.6,1
2025-11-06,2025-11,해외자사몰,333775.5,230.19,2
2025-11-06,2025-11,해외자사몰,211265.0,145.7,1
2025-11-06,2025-11,해외자사몰,520187.5,358.75,3
2025-11-06,2025-11,해외자사몰,212570.0,146.6,1
2025-11-06,2025-11,해외자사몰,203754.00000000003,140.52,1
2025-11-06,2025-11,해외자사몰,212570.0,146.6,1
2025-11-07,2025-11,국내자사몰,129600.0,,1
2025-11-07,2025-11,국내자사몰,122740.0,,1
2025-11-07,2025-11,국내자사몰,40818.0,,2
2025-11-07,2025-11,국내자사몰,186408.0,,2
2025-11-07,2025-11,국내자사몰,52743.0,,1
2025-11-07,2025-11,국내자사몰,129600.0,,1
2025-11-07,2025-11,국내자사몰,123120.0,,1
2025-11-07,2025-11,국내자사몰,110160.0,,1
2025-11-07,2025-11,국내자사몰,441950.0,,4
2025-11-07,2025-11,국내자사몰,100088.0,,3
2025-11-07,2025-11,국내자사몰,110160.0,,1
2025-11-07,2025-11,국내자사몰,110160.0,,1
2025-11-07,2025-11,국내자사몰,83700.0,,1
2025-11-07,2025-11,국내자사몰,116640.0,,1
2025-11-07,2025-11,국내자사몰,123120.0,,1
2025-11-07,2025-11,국내자사몰,116280.0,,1
2025-11-07,2025-11,국내자사몰,145350.0,,1
2025-11-07,2025-11,국내자사몰,102150.0,,1
2025-11-07,2025-11,국내자사몰,362168.0,,3
2025-11-07,2025-11,국내자사몰,100428.0,,2
2025-11-07,2025-11,국내자사몰,112243.0,,2
2025-11-07,2025-11,국내자사몰,118150.0,,2
2025-11-07,2025-11,국내자사몰,116640.0,,1
2025-11-07,2025-11,국내자사몰,110160.0,,1
2025-11-07,2025-11,국내자사몰,116640.0,,1
2025-11-07,2025-11,해외자사몰,212570.0,146.6,1
2025-11-07,2025-11,해외자사몰,212570.0,146.6,1
2025-11-07,2025-11,해외자사몰,212570.0,146.6,1
2025-11-07,2025-11,해외자사몰,212570.0,146.6,1
2025-11-07,2025-11,해외자사몰,203754.00000000003,140.52,1
2025-11-07,2025-11,해외자사몰,213150.0,147.0,1
2025-11-07,2025-11,해외자사몰,212570.0,146.6,1
2025-11-07,2025-11,해외자사몰,274122.5,189.05,2
2025-11-07,2025-11,해외자사몰,211265.0,145.7,1
2025-11-07,2025-11,해외자사몰,212570.0,146.6,1
2025-11-07,2025-11,해외자사몰,212570.0,146.6,1
2025-11-07,2025-11,해외자사몰,212570.0,146.6,1
2025-11-07,2025-11,해외자사몰,212570.0,146.6,1
2025-11-07,2025-11,해외자사몰,212570.0,146.6,1
2025-11-08,2025-11,국내자사몰,206550.0,,2
2025-11-08,2025-11,국내자사몰,56636.0,,1
2025-11-08,2025-11,국내자사몰,116640.0,,1
2025-11-08,2025-11,국내자사몰,130050.0,,1
2025-11-08,2025-11,국내자사몰,63750.0,,1
2025-11-08,2025-11,국내자사몰,223740.0,,2
2025-11-08,2025-11,국내자사몰,110160.0,,1
2025-11-08,2025-11,국내자사몰,129600.0,,1
2025-11-08,2025-11,국내자사몰,162270.0,,2
2025-11-08,2025-11,국내자사몰,261990.0,,2
2025-11-08,2025-11,국내자사몰,145350.0,,1
2025-11-08,2025-11,국내자사몰,172125.0,,2
2025-11-08,2025-11,국내자사몰,709325.0,,10
2025-11-08,2025-11,국내자사몰,50085.0,,1
2025-11-08,2025-11,국내자사몰,129600.0,,1
2025-11-08,2025-11,국내자사몰,520600.0,,6
2025-11-08,2025-11,국내자사몰,172125.0,,2
2025-11-08,2025-11,국내자사몰,82620.0,,1
2025-11-08,2025-11,국내자사몰,129600.0,,1
2025-11-08,2025-11,국내자사몰,378630.0,,3
2025-11-08,2025-11,국내자사몰,107537.0,,1
2025-11-08,2025-11,국내자사몰,116640.0,,1
2025-11-08,2025-11,국내자사몰,55845.0,,1
2025-11-08,2025-11,국내자사몰,119111.0,,1
2025-11-08,2025-11,해외자사몰,316825.0,218.5,3
2025-11-08,2025-11,해외자사몰,235770.0,162.6,1
2025-11-08,2025-11,해외자사몰,212570.0,146.6,1
2025-11-08,2025-11,해외자사몰,212570.0,146.6,1
2025-11-08,2025-11,해외자사몰,203754.00000000003,140.52,1
2025-11-08,2025-11,해외자사몰,167460.5,115.49,1
2025-11-08,2025-11,해외자사몰,212570.0,146.6,1
2025-11-08,2025-11,해외자사몰,212570.0,146.6,1
2025-11-08,2025-11,해외자사몰,212570.0,146.6,1
2025-11-08,2025-11,해외자사몰,211265.0,145.7,1
2025-11-08,2025-11,해외자사몰,212570.0,146.6,1
2025-11-08,2025-11,해외자사몰,212570.0,146.6,1
2025-11-08,2025-11,해외자사몰,212570.0,146.6,1
2025-11-08,2025-11,해외자사몰,203754.00000000003,140.52,1
2025-11-08,2025-11,해외자사몰,182700.0,126.0,1
2025-11-08,2025-11,해외자사몰,212570.0,146.6,1
2025-11-08,2025-11,해외자사몰,212570.0,146.6,1
2025-11-08,2025-11,해외자사몰,212570.0,146.6,1
2025-11-08,2025-11,해외자사몰,465885.0,321.3,3
2025-11-08,2025-11,해외자사몰,212570.0,146.6,1
2025-11-08,2025-11,해외자사몰,212570.0,146.6,1
2025-11-09,2025-11,국내자사몰,110160.0,,1
2025-11-09,2025-11,국내자사몰,50949.0,,1
2025-11-09,2025-11,국내자사몰,139995.0,,2
2025-11-09,2025-11,국내자사몰,110160.0,,1
2025-11-09,2025-11,국내자사몰,208081.0,,3
2025-11-09,2025-11,국내자사몰,119213.0,,2
2025-11-09,2025-11,국내자사몰,116280.0,,1
2025-11-09,2025-11,국내자사몰,110160.0,,1
2025-11-09,2025-11,국내자사몰,123120.0,,1
2025-11-09,2025-11,국내자사몰,139995.0,,2
2025-11-09,2025-11,국내자사몰,110160.0,,1
2025-11-09,2025-11,국내자사몰,129600.0,,1
2025-11-09,2025-11,국내자사몰,129600.0,,1
2025-11-09,2025-11,국내자사몰,110160.0,,1
2025-11-09,2025-11,국내자사몰,129600.0,,1
2025-11-09,2025-11,국내자사몰,116640.0,,1
2025-11-09,2025-11,국내자사몰,110160.0,,1
2025-11-09,2025-11,국내자사몰,116640.0,,1
2025-11-09,2025-11,국내자사몰,129600.0,,1
2025-11-09,2025-11,국내자사몰,129600.0,,1
2025-11-09,2025-11,국내자사몰,54188.0,,1
2025-11-09,2025-11,국내자사몰,70380.0,,1
2025-11-09,2025-11,국내자사몰,129600.0,,1
2025-11-09,2025-11,국내자사몰,110160.0,,1
2025-11-09,2025-11,해외자사몰,314432.5,216.85,2
2025-11-09,2025-11,해외자사몰,212570.0,146.6,1
2025-11-09,2025-11,해외자사몰,284968.5,196.53,3
2025-11-09,2025-11,해외자사몰,99107.5,68.35,1
2025-11-09,2025-11,해외자사몰,203754.00000000003,140.52,1
2025-11-09,2025-11,해외자사몰,212570.0,146.6,1
2025-11-09,2025-11,해외자사몰,351335.0,242.3,2
2025-11-09,2025-11,해외자사몰,212570.0,146.6,1
2025-11-09,2025-11,해외자사몰,335008.0,231.04,2
2025-11-09,2025-11,해외자사몰,212570.0,146.6,1
2025-11-09,2025-11,해외자사몰,212570.0,146.6,1
2025-11-09,2025-11,해외자사몰,212570.0,146.6,1
2025-11-09,2025-11,해외자사몰,212570.0,146.6,1
2025-11-09,2025-11,해외자사몰,212570.0,146.6,1
2025-11-09,2025-11,해외자사몰,203754.00000000003,140.52,1
2025-11-09,2025-11,해외자사몰,203754.00000000003,140.52,1
2025-11-09,2025-11,해외자사몰,212570.0,146.6,1
2025-11-09,2025-11,해외자사몰,212570.0,146.6,1
2025-11-09,2025-11,해외자사몰,212570.0,146.6,1
2025-11-09,2025-11,해외자사몰,212570.0,146.6,1
2025-11-09,2025-11,해외자사몰,335008.0,231.04,2
2025-11-09,2025-11,해외자사몰,212570.0,146.6,1
2025-11-10,2025-11,국내자사몰,261990.0,,2
2025-11-10,2025-11,국내자사몰,82620.0,,1
2025-11-10,2025-11,국내자사몰,66470.0,,1
2025-11-10,2025-11,국내자사몰,124160.0,,2
2025-11-10,2025-11,국내자사몰,122740.0,,1
2025-11-10,2025-11,국내자사몰,139995.0,,2
2025-11-10,2025-11,국내자사몰,55845.0,,1
2025-11-10,2025-11,국내자사몰,129600.0,,1
2025-11-10,2025-11,국내자사몰,62050.0,,1
2025-11-10,2025-11,국내자사몰,55845.0,,1
2025-11-10,2025-11,국내자사몰,52743.0,,1
2025-11-10,2025-11,국내자사몰,145350.0,,1
2025-11-10,2025-11,국내자사몰,76500.0,,1
2025-11-10,2025-11,국내자사몰,116640.0,,1
2025-11-10,2025-11,국내자사몰,89714.0,,1
2025-11-10,2025-11,국내자사몰,123120.0,,1
2025-11-10,2025-11,국내자사몰,129600.0,,1
2025-11-10,2025-11,국내자사몰,110160.0,,1
2025-11-10,2025-11,국내자사몰,82620.0,,1
2025-11-10,2025-11,국내자사몰,134895.0,,2
2025-11-10,2025-11,국내자사몰,137275.0,,1
2025-11-10,2025-11,국내자사몰,110160.0,,1
2025-11-10,2025-11,국내자사몰,145350.0,,1
2025-11-10,2025-11,국내자사몰,79050.0,,1
2025-11-10,2025-11,국내자사몰,62050.0,,1
2025-11-10,2025-11,국내자사몰,145350.0,,1
2025-11-10,2025-11,국내자사몰,55845.0,,1
2025-11-10,2025-11,국내자사몰,55845.0,,1
2025-11-10,2025-11,국내자사몰,52743.0,,1
2025-11-10,2025-11,국내자사몰,145350.0,,1
2025-11-10,2025-11,국내자사몰,129600.0,,1
2025-11-10,2025-11,국내자사몰,161500.0,,1
2025-11-10,2025-11,국내자사몰,101745.0,,1
2025-11-10,2025-11,국내자사몰,330480.0,,3
2025-11-10,2025-11,국내자사몰,116640.0,,1
2025-11-10,2025-11,국내자사몰,468890.0,,4
2025-11-10,2025-11,국내자사몰,116640.0,,1
2025-11-10,2025-11,국내자사몰,129600.0,,1
2025-11-10,2025-11,국내자사몰,110160.0,,1
2025-11-10,2025-11,국내자사몰,55845.0,,1
2025-11-10,2025-11,해외자사몰,212570.0,146.6,1
2025-11-10,2025-11,해외자사몰,174362.5,120.25,1
2025-11-10,2025-11,해외자사몰,212570.0,146.6,1
2025-11-10,2025-11,해외자사몰,212570.0,146.6,1
2025-11-10,2025-11,해외자사몰,212570.0,146.6,1
2025-11-10,2025-11,해외자사몰,202521.5,139.67,1
2025-11-10,2025-11,해외자사몰,211265.0,145.7,1
2025-11-10,2025-11,해외자사몰,203754.00000000003,140.52,1
2025-11-10,2025-11,해외자사몰,212570.0,146.6,1
2025-11-10,2025-11,해외자사몰,174362.5,120.25,1
2025-11-10,2025-11,해외자사몰,313127.5,215.95,2
2025-11-10,2025-11,해외자사몰,212570.0,146.6,1
2025-11-10,2025-11,해외자사몰,212570.0,146.6,1
2025-11-10,2025-11,해외자사몰,322770.0,222.6,2
2025-11-10,2025-11,해외자사몰,359020.0,247.6,2
2025-11-10,2025-11,해외자사몰,174362.5,120.25,1
2025-11-10,2025-11,해외자사몰,203754.00000000003,140.52,1
2025-11-11,2025-11,국내자사몰,247095.0,,2
2025-11-11,2025-11,국내자사몰,110160.0,,1
2025-11-11,2025-11,국내자사몰,116640.0,,1
2025-11-11,2025-11,국내자사몰,116640.0,,1
2025-11-11,2025-11,국내자사몰,145350.0,,1
2025-11-11,2025-11,국내자사몰,110160.0,,1
2025-11-11,2025-11,국내자사몰,82620.0,,1
2025-11-11,2025-11,국내자사몰,116640.0,,1
2025-11-11,2025-11,국내자사몰,129600.0,,1
2025-11-11,2025-11,국내자사몰,129600.0,,1
2025-11-11,2025-11,국내자사몰,63750.0,,1
2025-11-11,2025-11,국내자사몰,116640.0,,1
2025-11-11,2025-11,국내자사몰,330480.0,,3
2025-11-11,2025-11,국내자사몰,220320.0,,2
2025-11-11,2025-11,국내자사몰,129600.0,,1
2025-11-11,2025-11,국내자사몰,116640.0,,1
2025-11-11,2025-11,국내자사몰,123120.0,,1
2025-11-11,2025-11,국내자사몰,110160.0,,1
2025-11-11,2025-11,국내자사몰,135450.0,,2
2025-11-11,2025-11,국내자사몰,110160.0,,1
2025-11-11,2025-11,국내자사몰,203881.0,,2
2025-11-11,2025-11,국내자사몰,116640.0,,1
2025-11-11,2025-11,국내자사몰,122825.0,,1
2025-11-11,2025-11,국내자사몰,201195.0,,2
2025-11-11,2025-11,국내자사몰,109820.0,,1
2025-11-11,2025-11,국내자사몰,70380.0,,1
2025-11-11,2025-11,국내자사몰,68850.0,,1
2025-11-11,2025-11,국내자사몰,70380.0,,1
2025-11-11,2025-11,국내자사몰,116640.0,,1
2025-11-11,2025-11,국내자사몰,179733.0,,2
2025-11-11,2025-11,국내자사몰,50949.0,,1
2025-11-11,2025-11,국내자사몰,53946.0,,1
2025-11-11,2025-11,국내자사몰,137275.0,,1
2025-11-11,2025-11,해외자사몰,212570.0,146.6,1
2025-11-11,2025-11,해외자사몰,203754.00000000003,140.52,1
2025-11-11,2025-11,해외자사몰,203754.00000000003,140.52,1
2025-11-11,2025-11,해외자사몰,212570.0,146.6,1
2025-11-11,2025-11,해외자사몰,212570.0,146.6,1
2025-11-11,2025-11,해외자사몰,212570.0,146.6,1
2025-11-11,2025-11,해외자사몰,212570.0,146.6,1
2025-11-11,2025-11,해외자사몰,261435.00000000003,180.3,2
2025-11-11,2025-11,해외자사몰,212570.0,146.6,1
2025-11-11,2025-11,해외자사몰,212570.0,146.6,1
2025-11-11,2025-11,해외자사몰,212570.0,146.6,1
2025-11-11,2025-11,해외자사몰,212570.0,146.6,1
2025-11-11,2025-11,해외자사몰,182700.0,126.0,1
2025-11-12,2025-11,국내자사몰,116640.0,,1
2025-11-12,2025-11,국내자사몰,110160.0,,1
2025-11-12,2025-11,국내자사몰,116640.0,,1
2025-11-12,2025-11,국내자사몰,116640.0,,1
2025-11-12,2025-11,국내자사몰,110309.0,,1
2025-11-12,2025-11,국내자사몰,116789.0,,1
2025-11-12,2025-11,국내자사몰,576300.0,,6
2025-11-12,2025-11,국내자사몰,110160.0,,1
2025-11-12,2025-11,국내자사몰,116280.0,,1
2025-11-12,2025-11,국내자사몰,53946.0,,1
2025-11-12,2025-11,국내자사몰,52743.0,,1
2025-11-12,2025-11,국내자사몰,116865.0,,1
2025-11-12,2025-11,국내자사몰,109820.0,,1
2025-11-12,2025-11,국내자사몰,116640.0,,1
2025-11-12,2025-11,국내자사몰,116280.0,,1
2025-11-12,2025-11,국내자사몰,129200.0,,1
2025-11-12,2025-11,국내자사몰,96426.0,,1
2025-11-12,2025-11,국내자사몰,68850.0,,1
2025-11-12,2025-11,국내자사몰,110160.0,,1
2025-11-12,2025-11,국내자사몰,116640.0,,1
2025-11-12,2025-11,해외자사몰,212570.0,146.6,1
2025-11-12,2025-11,해외자사몰,203754.00000000003,140.52,1
2025-11-12,2025-11,해외자사몰,203754.00000000003,140.52,1
2025-11-12,2025-11,해외자사몰,212570.0,146.6,1
2025-11-12,2025-11,해외자사몰,314432.5,216.85,2
2025-11-12,2025-11,해외자사몰,212570.0,146.6,1
2025-11-12,2025-11,해외자사몰,182700.0,126.0,1
2025-11-12,2025-11,해외자사몰,212570.0,146.6,1
2025-11-12,2025-11,해외자사몰,212570.0,146.6,1
2025-11-12,2025-11,해외자사몰,202521.5,139.67,1
2025-11-12,2025-11,해외자사몰,211265.0,145.7,1
2025-11-12,2025-11,해외자사몰,212570.0,146.6,1
2025-11-12,2025-11,해외자사몰,212570.0,146.6,1
2025-11-12,2025-11,해외자사몰,212570.0,146.6,1
2025-11-12,2025-11,해외자사몰,211265.0,145.7,1
2025-11-12,2025-11,해외자사몰,333775.5,230.19,2
2025-11-12,2025-11,해외자사몰,211265.0,145.7,1
2025-11-12,2025-11,해외자사몰,203754.00000000003,140.52,1
2025-11-12,2025-11,해외자사몰,203754.00000000003,140.52,1
2025-11-13,2025-11,국내자사몰,161500.0,,1
2025-11-13,2025-11,국내자사몰,110160.0,,1
2025-11-13,2025-11,국내자사몰,62050.0,,1
2025-11-13,2025-11,국내자사몰,116640.0,,1
2025-11-13,2025-11,국내자사몰,109203.0,,1
2025-11-13,2025-11,국내자사몰,116640.0,,1
2025-11-13,2025-11,국내자사몰,129600.0,,1
2025-11-13,2025-11,국내자사몰,145350.0,,1
2025-11-13,2025-11,국내자사몰,52743.0,,1
2025-11-13,2025-11,국내자사몰,105930.0,,1
2025-11-13,2025-11,국내자사몰,56100.0,,1
2025-11-13,2025-11,국내자사몰,53946.0,,1
2025-11-13,2025-11,국내자사몰,50490.0,,1
2025-11-13,2025-11,국내자사몰,116640.0,,1
2025-11-13,2025-11,국내자사몰,56100.0,,1
2025-11-13,2025-11,국내자사몰,144500.0,,1
2025-11-13,2025-11,국내자사몰,62050.0,,1
2025-11-13,2025-11,국내자사몰,56100.0,,1
2025-11-13,2025-11,국내자사몰,50948.0,,1
2025-11-13,2025-11,국내자사몰,110373.0,,1
2025-11-13,2025-11,국내자사몰,116640.0,,1
2025-11-13,2025-11,국내자사몰,110160.0,,1
2025-11-13,2025-11,국내자사몰,110160.0,,1
2025-11-13,2025-11,국내자사몰,53989.0,,1
2025-11-13,2025-11,국내자사몰,101150.0,,1
2025-11-13,2025-11,해외자사몰,352640.0,243.2,2
2025-11-13,2025-11,해외자사몰,212570.0,146.6,1
2025-11-13,2025-11,해외자사몰,212570.0,146.6,1
2025-11-13,2025-11,해외자사몰,235770.0,162.6,1
2025-11-13,2025-11,해외자사몰,212570.0,146.6,1
2025-11-13,2025-11,해외자사몰,203754.00000000003,140.52,1
2025-11-13,2025-11,해외자사몰,230985.00000000003,159.3,1
2025-11-13,2025-11,해외자사몰,525987.5,362.75,4
2025-11-13,2025-11,해외자사몰,175377.5,120.95,1
2025-11-13,2025-11,해외자사몰,212570.0,146.6,1
2025-11-13,2025-11,해외자사몰,175377.5,120.95,1
2025-11-13,2025-11,해외자사몰,203754.00000000003,140.52,1
2025-11-13,2025-11,해외자사몰,212570.0,146.6,1
2025-11-13,2025-11,해외자사몰,212570.0,146.6,1
2025-11-13,2025-11,해외자사몰,203754.00000000003,140.52,1
2025-11-13,2025-11,해외자사몰,212570.0,146.6,1
2025-11-13,2025-11,해외자사몰,212570.0,146.6,1
2025-11-13,2025-11,해외자사몰,212570.0,146.6,1
2025-11-14,2025-11,국내자사몰,70740.0,,2
2025-11-14,2025-11,국내자사몰,102060.0,,1
2025-11-14,2025-11,국내자사몰,104975.0,,1
2025-11-14,2025-11,국내자사몰,51030.0,,1
2025-11-14,2025-11,국내자사몰,123500.0,,1
2025-11-14,2025-11,국내자사몰,122213.0,,1
2025-11-14,2025-11,국내자사몰,130401.0,,2
2025-11-14,2025-11,국내자사몰,102060.0,,1
2025-11-14,2025-11,국내자사몰,49602.0,,1
2025-11-14,2025-11,국내자사몰,554400.0,,5
2025-11-14,2025-11,국내자사몰,102060.0,,1
2025-11-14,2025-11,국내자사몰,116640.0,,1
2025-11-14,2025-11,국내자사몰,108300.0,,1
2025-11-14,2025-11,국내자사몰,91920.0,,1
2025-11-14,2025-11,국내자사몰,116640.0,,1
2025-11-14,2025-11,국내자사몰,49365.0,,1
2025-11-14,2025-11,국내자사몰,110160.0,,1
2025-11-14,2025-11,국내자사몰,116640.0,,1
2025-11-14,2025-11,국내자사몰,137275.0,,1
2025-11-14,2025-11,국내자사몰,110160.0,,1
2025-11-14,2025-11,국내자사몰,116640.0,,1
2025-11-14,2025-11,국내자사몰,110160.0,,1
2025-11-14,2025-11,국내자사몰,78200.0,,1
2025-11-14,2025-11,국내자사몰,126225.0,,2
2025-11-14,2025-11,국내자사몰,116640.0,,1
2025-11-14,2025-11,국내자사몰,74290.0,,1
2025-11-14,2025-11,국내자사몰,116640.0,,1
2025-11-14,2025-11,국내자사몰,50949.0,,1
2025-11-14,2025-11,국내자사몰,116640.0,,1
2025-11-14,2025-11,국내자사몰,116640.0,,1
2025-11-14,2025-11,해외자사몰,212570.0,146.6,1
2025-11-14,2025-11,해외자사몰,198360.00000000003,136.8,1
2025-11-14,2025-11,해외자사몰,212570.0,146.6,1
2025-11-14,2025-11,해외자사몰,190530.0,131.4,1
2025-11-14,2025-11,해외자사몰,212570.0,146.6,1
2025-11-14,2025-11,해외자사몰,190530.0,131.4,1
2025-11-14,2025-11,해외자사몰,505832.50000000006,348.85,6
2025-11-14,2025-11,해외자사몰,202521.5,139.67,1
2025-11-14,2025-11,해외자사몰,172898.0,119.24,1
2025-11-14,2025-11,해외자사몰,135720.0,93.6,1
2025-11-14,2025-11,해외자사몰,235770.0,162.6,1
2025-11-14,2025-11,해외자사몰,225794.0,155.72,1
2025-11-14,2025-11,해외자사몰,203754.00000000003,140.52,1
2025-11-14,2025-11,해외자사몰,212570.0,146.6,1
2025-11-14,2025-11,해외자사몰,212570.0,146.6,1
2025-11-14,2025-11,해외자사몰,174362.5,120.25,1
2025-11-14,2025-11,해외자사몰,212570.0,146.6,1
2025-11-14,2025-11,해외자사몰,212570.0,146.6,1
2025-11-14,2025-11,해외자사몰,212570.0,146.6,1
2025-11-14,2025-11,해외자사몰,212570.0,146.6,1
2025-11-14,2025-11,해외자사몰,212570.0,146.6,1
2025-11-14,2025-11,해외자사몰,212570.0,146.6,1
2025-11-14,2025-11,해외자사몰,520115.0,358.7,7
2025-11-14,2025-11,해외자사몰,203754.00000000003,140.52,1
2025-11-14,2025-11,해외자사몰,212570.0,146.6,1
2025-11-15,2025-11,국내자사몰,91800.0,,1
2025-11-15,2025-11,국내자사몰,96390.0,,1
2025-11-15,2025-11,국내자사몰,113400.0,,1
2025-11-15,2025-11,국내자사몰,48195.0,,1
2025-11-15,2025-11,국내자사몰,550460.0,,5
2025-11-15,2025-11,국내자사몰,130050.0,,1
2025-11-15,2025-11,국내자사몰,55845.0,,1
2025-11-15,2025-11,국내자사몰,113050.0,,1
2025-11-15,2025-11,국내자사몰,137275.0,,1
2025-11-15,2025-11,국내자사몰,96390.0,,1
2025-11-15,2025-11,국내자사몰,113400.0,,1
2025-11-15,2025-11,국내자사몰,161500.0,,1
2025-11-15,2025-11,국내자사몰,107100.0,,1
2025-11-15,2025-11,국내자사몰,177930.0,,3
2025-11-15,2025-11,국내자사몰,96390.0,,1
2025-11-15,2025-11,국내자사몰,101745.0,,1
2025-11-15,2025-11,국내자사몰,102060.0,,1
2025-11-15,2025-11,국내자사몰,55845.0,,1
2025-11-15,2025-11,국내자사몰,116640.0,,1
2025-11-15,2025-11,국내자사몰,119213.0,,2
2025-11-15,2025-11,국내자사몰,123120.0,,1
2025-11-15,2025-11,국내자사몰,102060.0,,1
2025-11-15,2025-11,국내자사몰,270045.0,,3
2025-11-15,2025-11,국내자사몰,109820.0,,1
2025-11-15,2025-11,국내자사몰,96390.0,,1
2025-11-15,2025-11,국내자사몰,90450.0,,2
2025-11-15,2025-11,국내자사몰,146455.0,,3
2025-11-15,2025-11,국내자사몰,57375.0,,1
2025-11-15,2025-11,해외자사몰,212570.0,146.6,1
2025-11-15,2025-11,해외자사몰,371055.0,255.9,2
2025-11-15,2025-11,해외자사몰,190530.0,131.4,1
2025-11-15,2025-11,해외자사몰,212570.0,146.6,1
2025-11-15,2025-11,해외자사몰,687372.5,474.05,6
2025-11-15,2025-11,해외자사몰,299570.0,206.6,2
2025-11-15,2025-11,해외자사몰,477702.5,329.45,3
2025-11-15,2025-11,해외자사몰,212570.0,146.6,1
2025-11-15,2025-11,해외자사몰,211265.0,145.7,1
2025-11-15,2025-11,해외자사몰,212570.0,146.6,1
2025-11-15,2025-11,해외자사몰,170085.0,117.3,1
2025-11-15,2025-11,해외자사몰,190530.0,131.4,1
2025-11-15,2025-11,해외자사몰,212570.0,146.6,1
2025-11-15,2025-11,해외자사몰,212570.0,146.6,1
2025-11-15,2025-11,해외자사몰,190530.0,131.4,1
2025-11-15,2025-11,해외자사몰,308560.0,212.8,2
2025-11-15,2025-11,해외자사몰,172898.0,119.24,1
2025-11-15,2025-11,해외자사몰,235770.0,162.6,1
2025-11-15,2025-11,해외자사몰,172898.0,119.24,1
2025-11-15,2025-11,해외자사몰,203754.00000000003,140.52,1
2025-11-15,2025-11,해외자사몰,212570.0,146.6,1
2025-11-15,2025-11,해외자사몰,291740.0,201.2,3
2025-11-15,2025-11,해외자사몰,212570.0,146.6,1
2025-11-15,2025-11,해외자사몰,212570.0,146.6,1
2025-11-15,2025-11,해외자사몰,211265.0,145.7,1
2025-11-15,2025-11,해외자사몰,212570.0,146.6,1
2025-11-15,2025-11,해외자사몰,351335.0,242.3,2
2025-11-15,2025-11,해외자사몰,170085.0,117.3,1
2025-11-16,2025-11,국내자사몰,144585.0,,2
2025-11-16,2025-11,국내자사몰,102060.0,,1
2025-11-16,2025-11,국내자사몰,102060.0,,1
2025-11-16,2025-11,국내자사몰,110250.0,,1
2025-11-16,2025-11,국내자사몰,88938.0,,1
2025-11-16,2025-11,국내자사몰,102060.0,,1
2025-11-16,2025-11,국내자사몰,102060.0,,1
2025-11-16,2025-11,국내자사몰,53550.0,,1
2025-11-16,2025-11,국내자사몰,113400.0,,1
2025-11-16,2025-11,국내자사몰,129600.0,,1
2025-11-16,2025-11,국내자사몰,110160.0,,1
2025-11-16,2025-11,국내자사몰,137275.0,,1
2025-11-16,2025-11,국내자사몰,52743.0,,1
2025-11-16,2025-11,국내자사몰,113400.0,,1
2025-11-16,2025-11,국내자사몰,129600.0,,1
2025-11-16,2025-11,국내자사몰,66470.0,,1
2025-11-16,2025-11,국내자사몰,102060.0,,1
2025-11-16,2025-11,국내자사몰,109820.0,,1
2025-11-16,2025-11,국내자사몰,233280.0,,2
2025-11-16,2025-11,국내자사몰,96390.0,,1
2025-11-16,2025-11,국내자사몰,137275.0,,1
2025-11-16,2025-11,국내자사몰,110160.0,,1
2025-11-16,2025-11,국내자사몰,50243.0,,1
2025-11-16,2025-11,국내자사몰,102060.0,,1
2025-11-16,2025-11,국내자사몰,113400.0,,1
2025-11-16,2025-11,국내자사몰,101150.0,,1
2025-11-16,2025-11,국내자사몰,55845.0,,1
2025-11-16,2025-11,국내자사몰,261831.0,,3
2025-11-16,2025-11,해외자사몰,212570.0,146.6,1
2025-11-16,2025-11,해외자사몰,316390.0,218.2,2
2025-11-16,2025-11,해외자사몰,390485.0,269.3,4
2025-11-16,2025-11,해외자사몰,332775.0,229.5,3
2025-11-16,2025-11,해외자사몰,212570.0,146.6,1
2025-11-16,2025-11,해외자사몰,228549.0,157.62,2
2025-11-16,2025-11,해외자사몰,302252.5,208.45,3
2025-11-16,2025-11,해외자사몰,212570.0,146.6,1
2025-11-16,2025-11,해외자사몰,212570.0,146.6,1
2025-11-16,2025-11,해외자사몰,291334.0,200.92,5
2025-11-16,2025-11,해외자사몰,159500.0,110.0,1
2025-11-16,2025-11,해외자사몰,203754.00000000003,140.52,1
2025-11-16,2025-11,해외자사몰,190530.0,131.4,1
2025-11-16,2025-11,해외자사몰,190530.0,131.4,1
2025-11-16,2025-11,해외자사몰,190530.0,131.4,1
2025-11-16,2025-11,해외자사몰,330600.0,228.0,2
2025-11-16,2025-11,해외자사몰,212570.0,146.6,1
2025-11-16,2025-11,해외자사몰,235770.0,162.6,1
2025-11-16,2025-11,해외자사몰,352640.0,243.2,2
2025-11-17,2025-11,국내자사몰,102060.0,,1
2025-11-17,2025-11,국내자사몰,98550.0,,1
2025-11-17,2025-11,국내자사몰,51600.0,,1
2025-11-17,2025-11,국내자사몰,129600.0,,1
2025-11-17,2025-11,국내자사몰,53550.0,,1
2025-11-17,2025-11,국내자사몰,56700.0,,1
2025-11-17,2025-11,국내자사몰,120294.0,,1
2025-11-17,2025-11,국내자사몰,78200.0,,1
2025-11-17,2025-11,국내자사몰,96390.0,,1
2025-11-17,2025-11,국내자사몰,48195.0,,1
2025-11-17,2025-11,국내자사몰,102060.0,,1
2025-11-17,2025-11,국내자사몰,96390.0,,1
2025-11-17,2025-11,국내자사몰,102060.0,,1
2025-11-17,2025-11,국내자사몰,56700.0,,1
2025-11-17,2025-11,국내자사몰,116640.0,,1
2025-11-17,2025-11,국내자사몰,116280.0,,1
2025-11-17,2025-11,국내자사몰,111150.0,,1
2025-11-17,2025-11,국내자사몰,110160.0,,1
2025-11-17,2025-11,국내자사몰,83997.0,,1
2025-11-17,2025-11,국내자사몰,144500.0,,1
2025-11-17,2025-11,국내자사몰,116640.0,,1
2025-11-17,2025-11,국내자사몰,47385.0,,1
2025-11-17,2025-11,국내자사몰,96390.0,,1
2025-11-17,2025-11,국내자사몰,116640.0,,1
2025-11-17,2025-11,국내자사몰,113400.0,,1
2025-11-17,2025-11,국내자사몰,70380.0,,1
2025-11-17,2025-11,국내자사몰,83980.0,,1
2025-11-17,2025-11,국내자사몰,218700.0,,2
2025-11-17,2025-11,국내자사몰,47685.0,,1
2025-11-17,2025-11,국내자사몰,70380.0,,1
2025-11-17,2025-11,국내자사몰,119000.0,,1
2025-11-17,2025-11,국내자사몰,63000.0,,1
2025-11-17,2025-11,국내자사몰,104975.0,,1
2025-11-17,2025-11,국내자사몰,52743.0,,1
2025-11-17,2025-11,국내자사몰,116640.0,,1
2025-11-17,2025-11,국내자사몰,62050.0,,1
2025-11-17,2025-11,국내자사몰,96390.0,,1
2025-11-17,2025-11,국내자사몰,112860.0,,2
2025-11-17,2025-11,국내자사몰,116640.0,,1
2025-11-17,2025-11,국내자사몰,109614.0,,1
2025-11-17,2025-11,국내자사몰,102060.0,,1
2025-11-17,2025-11,국내자사몰,113400.0,,1
2025-11-17,2025-11,국내자사몰,116640.0,,1
2025-11-17,2025-11,국내자사몰,130050.0,,1
2025-11-17,2025-11,국내자사몰,105206.0,,1
2025-11-17,2025-11,해외자사몰,212570.0,146.6,1
2025-11-17,2025-11,해외자사몰,314360.0,216.8,4
2025-11-17,2025-11,해외자사몰,212570.0,146.6,1
2025-11-17,2025-11,해외자사몰,212570.0,146.6,1
2025-11-17,2025-11,해외자사몰,212570.0,146.6,1
2025-11-17,2025-11,해외자사몰,428330.0,295.4,3
2025-11-17,2025-11,해외자사몰,212570.0,146.6,1
2025-11-17,2025-11,해외자사몰,274122.5,189.05,2
2025-11-17,2025-11,해외자사몰,208307.0,143.66,2
2025-11-17,2025-11,해외자사몰,212570.0,146.6,1
2025-11-17,2025-11,해외자사몰,182816.0,126.08,1
2025-11-17,2025-11,해외자사몰,212570.0,146.6,1
2025-11-17,2025-11,해외자사몰,212570.0,146.6,1
2025-11-17,2025-11,해외자사몰,198360.00000000003,136.8,1
2025-11-17,2025-11,해외자사몰,170085.0,117.3,1
2025-11-17,2025-11,해외자사몰,212570.0,146.6,1
2025-11-17,2025-11,해외자사몰,330600.0,228.0,2
2025-11-17,2025-11,해외자사몰,182816.0,126.08,1
2025-11-17,2025-11,해외자사몰,212570.0,146.6,1
2025-11-17,2025-11,해외자사몰,212570.0,146.6,1
2025-11-17,2025-11,해외자사몰,330600.0,228.0,2
2025-11-17,2025-11,해외자사몰,198360.00000000003,136.8,1
2025-11-17,2025-11,해외자사몰,190530.0,131.4,1
2025-11-17,2025-11,해외자사몰,212570.0,146.6,1
2025-11-17,2025-11,해외자사몰,319217.5,220.15,2
2025-11-17,2025-11,해외자사몰,212570.0,146.6,1
2025-11-17,2025-11,해외자사몰,212570.0,146.6,1
2025-11-17,2025-11,해외자사몰,190530.0,131.4,1
2025-11-17,2025-11,해외자사몰,190530.0,131.4,1
2025-11-17,2025-11,해외자사몰,190530.0,131.4,1
2025-11-17,2025-11,해외자사몰,190530.0,131.4,1
2025-11-17,2025-11,해외자사몰,212570.0,146.6,1
2025-11-17,2025-11,해외자사몰,212570.0,146.6,1
2025-11-17,2025-11,해외자사몰,135720.0,93.6,1
2025-11-17,2025-11,해외자사몰,314360.0,216.8,2
2025-11-17,2025-11,해외자사몰,212570.0,146.6,1
2025-11-17,2025-11,해외자사몰,212570.0,146.6,1
2025-11-17,2025-11,해외자사몰,313490.0,216.2,4
2025-11-17,2025-11,해외자사몰,212570.0,146.6,1
2025-11-18,2025-11,국내자사몰,102060.0,,1
2025-11-18,2025-11,국내자사몰,102060.0,,1
2025-11-18,2025-11,국내자사몰,113400.0,,1
2025-11-18,2025-11,국내자사몰,137275.0,,1
2025-11-18,2025-11,국내자사몰,145350.0,,1
2025-11-18,2025-11,국내자사몰,96390.0,,1
2025-11-18,2025-11,국내자사몰,52743.0,,1
2025-11-18,2025-11,국내자사몰,137275.0,,1
2025-11-18,2025-11,국내자사몰,96390.0,,1
2025-11-18,2025-11,국내자사몰,129600.0,,1
2025-11-18,2025-11,국내자사몰,133238.0,,2
2025-11-18,2025-11,국내자사몰,56700.0,,1
2025-11-18,2025-11,국내자사몰,96390.0,,1
2025-11-18,2025-11,국내자사몰,111690.0,,2
2025-11-18,2025-11,국내자사몰,99390.0,,1
2025-11-18,2025-11,국내자사몰,109820.0,,1
2025-11-18,2025-11,국내자사몰,102060.0,,1
2025-11-18,2025-11,국내자사몰,113400.0,,1
2025-11-18,2025-11,국내자사몰,104975.0,,1
2025-11-18,2025-11,국내자사몰,55845.0,,1
2025-11-18,2025-11,국내자사몰,356195.0,,5
2025-11-18,2025-11,국내자사몰,116640.0,,1
2025-11-18,2025-11,국내자사몰,198900.0,,2
2025-11-18,2025-11,국내자사몰,56700.0,,1
2025-11-18,2025-11,국내자사몰,110160.0,,1
2025-11-18,2025-11,국내자사몰,116640.0,,1
2025-11-18,2025-11,국내자사몰,56700.0,,1
2025-11-18,2025-11,국내자사몰,102060.0,,1
2025-11-18,2025-11,국내자사몰,102060.0,,1
2025-11-18,2025-11,국내자사몰,129200.0,,1
2025-11-18,2025-11,국내자사몰,116640.0,,1
2025-11-18,2025-11,국내자사몰,233280.0,,2
2025-11-18,2025-11,국내자사몰,102060.0,,1
2025-11-18,2025-11,국내자사몰,116640.0,,1
2025-11-18,2025-11,국내자사몰,279150.0,,2
2025-11-18,2025-11,해외자사몰,190530.0,131.4,1
2025-11-18,2025-11,해외자사몰,212570.0,146.6,1
2025-11-18,2025-11,해외자사몰,190530.0,131.4,1
2025-11-18,2025-11,해외자사몰,190530.0,131.4,1
2025-11-18,2025-11,해외자사몰,212570.0,146.6,1
2025-11-18,2025-11,해외자사몰,155947.5,107.55,1
2025-11-18,2025-11,해외자사몰,298410.0,205.8,4
2025-11-18,2025-11,해외자사몰,212570.0,146.6,1
2025-11-18,2025-11,해외자사몰,310155.0,213.9,2
2025-11-18,2025-11,해외자사몰,102312.0,70.56,1
2025-11-18,2025-11,해외자사몰,212570.0,146.6,1
2025-11-18,2025-11,해외자사몰,212570.0,146.6,1
2025-11-18,2025-11,해외자사몰,330600.0,228.0,2
2025-11-18,2025-11,해외자사몰,155947.5,107.55,1
2025-11-18,2025-11,해외자사몰,212570.0,146.6,1
2025-11-18,2025-11,해외자사몰,189950.0,131.0,1
2025-11-18,2025-11,해외자사몰,182700.0,126.0,1
2025-11-18,2025-11,해외자사몰,212570.0,146.6,1
2025-11-18,2025-11,해외자사몰,190530.0,131.4,1
2025-11-18,2025-11,해외자사몰,299570.0,206.6,2
2025-11-18,2025-11,해외자사몰,212570.0,146.6,1
2025-11-18,2025-11,해외자사몰,212570.0,146.6,1
2025-11-18,2025-11,해외자사몰,321465.0,221.7,2
2025-11-18,2025-11,해외자사몰,346550.0,239.0,3
2025-11-18,2025-11,해외자사몰,316535.0,218.3,2
2025-11-18,2025-11,해외자사몰,212570.0,146.6,1
2025-11-18,2025-11,해외자사몰,235770.0,162.6,1
2025-11-18,2025-11,해외자사몰,290928.0,200.64,2
2025-11-18,2025-11,해외자사몰,212570.0,146.6,1
2025-11-18,2025-11,해외자사몰,190530.0,131.4,1
2025-11-18,2025-11,해외자사몰,235770.0,162.6,1
2025-11-18,2025-11,해외자사몰,212570.0,146.6,1
2025-11-18,2025-11,해외자사몰,190530.0,131.4,1
2025-11-19,2025-11,국내자사몰,113400.0,,1
2025-11-19,2025-11,국내자사몰,51030.0,,1
2025-11-19,2025-11,국내자사몰,349920.0,,3
2025-11-19,2025-11,국내자사몰,102060.0,,1
2025-11-19,2025-11,국내자사몰,113400.0,,1
2025-11-19,2025-11,국내자사몰,96390.0,,1
2025-11-19,2025-11,국내자사몰,56700.0,,1
2025-11-19,2025-11,국내자사몰,110160.0,,1
2025-11-19,2025-11,국내자사몰,102060.0,,1
2025-11-19,2025-11,국내자사몰,129600.0,,1
2025-11-19,2025-11,국내자사몰,32400.0,,1
2025-11-19,2025-11,국내자사몰,129600.0,,1
2025-11-19,2025-11,국내자사몰,70380.0,,1
2025-11-19,2025-11,국내자사몰,96390.0,,1
2025-11-19,2025-11,국내자사몰,110160.0,,1
2025-11-19,2025-11,국내자사몰,116640.0,,1
2025-11-19,2025-11,국내자사몰,116640.0,,1
2025-11-19,2025-11,국내자사몰,55845.0,,1
2025-11-19,2025-11,국내자사몰,51030.0,,1
2025-11-19,2025-11,국내자사몰,126225.0,,2
2025-11-19,2025-11,국내자사몰,109820.0,,1
2025-11-19,2025-11,국내자사몰,105300.0,,1
2025-11-19,2025-11,국내자사몰,28500.0,,1
2025-11-19,2025-11,국내자사몰,351900.0,,5
2025-11-19,2025-11,국내자사몰,129600.0,,1
2025-11-19,2025-11,국내자사몰,125987.0,,1
2025-11-19,2025-11,국내자사몰,113400.0,,1
2025-11-19,2025-11,국내자사몰,47385.0,,1
2025-11-19,2025-11,국내자사몰,41125.0,,2
2025-11-19,2025-11,국내자사몰,56100.0,,1
2025-11-19,2025-11,국내자사몰,201365.0,,2
2025-11-19,2025-11,국내자사몰,123500.0,,1
2025-11-19,2025-11,국내자사몰,130050.0,,1
2025-11-19,2025-11,국내자사몰,422820.0,,4
2025-11-19,2025-11,국내자사몰,349920.0,,3
2025-11-19,2025-11,국내자사몰,96390.0,,1
2025-11-19,2025-11,국내자사몰,98820.0,,1
2025-11-19,2025-11,해외자사몰,190530.0,131.4,1
2025-11-19,2025-11,해외자사몰,520187.5,358.75,3
2025-11-19,2025-11,해외자사몰,212570.0,146.6,1
2025-11-19,2025-11,해외자사몰,212570.0,146.6,1
2025-11-19,2025-11,해외자사몰,212570.0,146.6,1
2025-11-19,2025-11,해외자사몰,212570.0,146.6,1
2025-11-19,2025-11,해외자사몰,212570.0,146.6,1
2025-11-19,2025-11,해외자사몰,212570.0,146.6,1
2025-11-19,2025-11,해외자사몰,190530.0,131.4,1
2025-11-19,2025-11,해외자사몰,311097.5,214.55,3
2025-11-19,2025-11,해외자사몰,212570.0,146.6,1
2025-11-19,2025-11,해외자사몰,190530.0,131.4,1
2025-11-19,2025-11,해외자사몰,190530.0,131.4,1
2025-11-19,2025-11,해외자사몰,198360.00000000003,136.8,1
2025-11-19,2025-11,해외자사몰,212570.0,146.6,1
2025-11-19,2025-11,해외자사몰,212570.0,146.6,1
2025-11-19,2025-11,해외자사몰,212570.0,146.6,1
2025-11-19,2025-11,해외자사몰,212570.0,146.6,1
2025-11-19,2025-11,해외자사몰,212570.0,146.6,1
2025-11-19,2025-11,해외자사몰,212570.0,146.6,1
2025-11-19,2025-11,해외자사몰,212570.0,146.6,1
2025-11-19,2025-11,해외자사몰,290928.0,200.64,2
2025-11-19,2025-11,해외자사몰,190530.0,131.4,1
2025-11-19,2025-11,해외자사몰,190530.0,131.4,1
2025-11-19,2025-11,해외자사몰,212570.0,146.6,1
2025-11-19,2025-11,해외자사몰,352495.0,243.1,4
2025-11-20,2025-11,국내자사몰,96390.0,,1
2025-11-20,2025-11,국내자사몰,56700.0,,1
2025-11-20,2025-11,국내자사몰,129600.0,,1
2025-11-20,2025-11,국내자사몰,102060.0,,1
2025-11-20,2025-11,국내자사몰,102060.0,,1
2025-11-20,2025-11,국내자사몰,93480.0,,1
2025-11-20,2025-11,국내자사몰,102060.0,,1
2025-11-20,2025-11,국내자사몰,112083.0,,1
2025-11-20,2025-11,국내자사몰,88920.0,,1
2025-11-20,2025-11,국내자사몰,102060.0,,1
2025-11-20,2025-11,국내자사몰,161500.0,,1
2025-11-20,2025-11,국내자사몰,116640.0,,1
2025-11-20,2025-11,국내자사몰,145350.0,,1
2025-11-20,2025-11,국내자사몰,145350.0,,1
2025-11-20,2025-11,국내자사몰,104975.0,,1
2025-11-20,2025-11,국내자사몰,116280.0,,1
2025-11-20,2025-11,국내자사몰,116280.0,,1
2025-11-20,2025-11,국내자사몰,96390.0,,1
2025-11-20,2025-11,국내자사몰,145350.0,,1
2025-11-20,2025-11,국내자사몰,130050.0,,1
2025-11-20,2025-11,국내자사몰,126198.0,,1
2025-11-20,2025-11,국내자사몰,102060.0,,1
2025-11-20,2025-11,국내자사몰,102060.0,,1
2025-11-20,2025-11,국내자사몰,110160.0,,1
2025-11-20,2025-11,국내자사몰,204120.0,,2
2025-11-20,2025-11,국내자사몰,96390.0,,1
2025-11-20,2025-11,해외자사몰,198360.00000000003,136.8,1
2025-11-20,2025-11,해외자사몰,212570.0,146.6,1
2025-11-20,2025-11,해외자사몰,212570.0,146.6,1
2025-11-20,2025-11,해외자사몰,172709.5,119.11,1
2025-11-20,2025-11,해외자사몰,290928.0,200.64,2
2025-11-20,2025-11,해외자사몰,190530.0,131.4,1
2025-11-20,2025-11,해외자사몰,190530.0,131.4,1
2025-11-20,2025-11,해외자사몰,212570.0,146.6,1
2025-11-20,2025-11,해외자사몰,135720.0,93.6,1
2025-11-20,2025-11,해외자사몰,190530.0,131.4,1
2025-11-20,2025-11,해외자사몰,190530.0,131.4,1
2025-11-20,2025-11,해외자사몰,212570.0,146.6,1
2025-11-20,2025-11,해외자사몰,190530.0,131.4,1
2025-11-20,2025-11,해외자사몰,212570.0,146.6,1
2025-11-20,2025-11,해외자사몰,212570.0,146.6,1
2025-11-20,2025-11,해외자사몰,212570.0,146.6,1
2025-11-20,2025-11,해외자사몰,462477.5,318.95,4
2025-11-20,2025-11,해외자사몰,375840.0,259.2,2
2025-11-20,2025-11,해외자사몰,212570.0,146.6,1
2025-11-20,2025-11,해외자사몰,190530.0,131.4,1
2025-11-20,2025-11,해외자사몰,317332.5,218.85,4
2025-11-20,2025-11,해외자사몰,212570.0,146.6,1
2025-11-20,2025-11,해외자사몰,211265.0,145.7,1
2025-11-20,2025-11,해외자사몰,190530.0,131.4,1
2025-11-20,2025-11,해외자사몰,175377.5,120.95,1
2025-11-20,2025-11,해외자사몰,211265.0,145.7,1
2025-11-20,2025-11,해외자사몰,329295.0,227.1,2
2025-11-20,2025-11,해외자사몰,212570.0,146.6,1
2025-11-20,2025-11,해외자사몰,391210.0,269.8,3
2025-11-20,2025-11,해외자사몰,170085.0,117.3,1
2025-11-20,2025-11,해외자사몰,212570.0,146.6,1
2025-11-20,2025-11,해외자사몰,189950.0,131.0,1
2025-11-20,2025-11,해외자사몰,235770.0,162.6,1
2025-11-20,2025-11,해외자사몰,212570.0,146.6,1
2025-11-21,2025-11,국내자사몰,129600.0,,1
2025-11-21,2025-11,국내자사몰,204120.0,,2
2025-11-21,2025-11,국내자사몰,252700.0,,2
2025-11-21,2025-11,국내자사몰,106590.0,,2
2025-11-21,2025-11,국내자사몰,466560.0,,4
2025-11-21,2025-11,국내자사몰,129718.0,,2
2025-11-21,2025-11,국내자사몰,116640.0,,1
2025-11-21,2025-11,국내자사몰,105300.0,,1
2025-11-21,2025-11,국내자사몰,96390.0,,1
2025-11-21,2025-11,국내자사몰,116640.0,,1
2025-11-21,2025-11,국내자사몰,24675.0,,1
2025-11-21,2025-11,국내자사몰,102060.0,,1
2025-11-21,2025-11,국내자사몰,98903.0,,1
2025-11-21,2025-11,국내자사몰,56700.0,,1
2025-11-21,2025-11,국내자사몰,102060.0,,1
2025-11-21,2025-11,국내자사몰,102060.0,,1
2025-11-21,2025-11,국내자사몰,120011.0,,1
2025-11-21,2025-11,국내자사몰,83980.0,,1
2025-11-21,2025-11,국내자사몰,88920.0,,1
2025-11-21,2025-11,국내자사몰,96390.0,,1
2025-11-21,2025-11,국내자사몰,88920.0,,1
2025-11-21,2025-11,국내자사몰,96390.0,,1
2025-11-21,2025-11,국내자사몰,58948.0,,1
2025-11-21,2025-11,국내자사몰,116640.0,,1
2025-11-21,2025-11,국내자사몰,70380.0,,1
2025-11-21,2025-11,국내자사몰,102060.0,,1
2025-11-21,2025-11,국내자사몰,113400.0,,1
2025-11-21,2025-11,국내자사몰,92800.0,,3
2025-11-21,2025-11,국내자사몰,69300.0,,3
2025-11-21,2025-11,국내자사몰,116280.0,,1
2025-11-21,2025-11,국내자사몰,256275.0,,3
2025-11-21,2025-11,국내자사몰,111886.0,,1
2025-11-21,2025-11,국내자사몰,91800.0,,1
2025-11-21,2025-11,해외자사몰,182700.0,126.0,1
2025-11-21,2025-11,해외자사몰,312968.0,215.84,2
2025-11-21,2025-11,해외자사몰,301745.0,208.1,3
2025-11-21,2025-11,해외자사몰,308560.0,212.8,2
2025-11-21,2025-11,해외자사몰,212570.0,146.6,1
2025-11-21,2025-11,해외자사몰,190530.0,131.4,1
2025-11-21,2025-11,해외자사몰,768500.0,530.0,5
2025-11-21,2025-11,해외자사몰,212570.0,146.6,1
2025-11-21,2025-11,해외자사몰,205102.5,141.45,1
2025-11-21,2025-11,해외자사몰,198360.00000000003,136.8,1
2025-11-21,2025-11,해외자사몰,338430.0,233.4,2
2025-11-21,2025-11,해외자사몰,212570.0,146.6,1
2025-11-21,2025-11,해외자사몰,212570.0,146.6,1
2025-11-21,2025-11,해외자사몰,190530.0,131.4,1
2025-11-21,2025-11,해외자사몰,172898.0,119.24,1
2025-11-21,2025-11,해외자사몰,311170.0,214.6,3
2025-11-21,2025-11,해외자사몰,212570.0,146.6,1
2025-11-21,2025-11,해외자사몰,212860.00000000003,146.8,2
2025-11-21,2025-11,해외자사몰,212570.0,146.6,1
2025-11-21,2025-11,해외자사몰,190530.0,131.4,1
2025-11-21,2025-11,해외자사몰,212570.0,146.6,1
2025-11-21,2025-11,해외자사몰,190530.0,131.4,1
2025-11-21,2025-11,해외자사몰,212570.0,146.6,1
2025-11-21,2025-11,해외자사몰,212570.0,146.6,1
2025-11-21,2025-11,해외자사몰,330020.0,227.6,2
2025-11-21,2025-11,해외자사몰,172898.0,119.24,1
2025-11-21,2025-11,해외자사몰,212570.0,146.6,1
2025-11-21,2025-11,해외자사몰,294495.0,203.1,2
2025-11-21,2025-11,해외자사몰,212570.0,146.6,1
2025-11-22,2025-11,국내자사몰,117000.0,,1
2025-11-22,2025-11,국내자사몰,102060.0,,1
2025-11-22,2025-11,국내자사몰,123120.0,,1
2025-11-22,2025-11,국내자사몰,230850.0,,2
2025-11-22,2025-11,국내자사몰,113400.0,,1
2025-11-22,2025-11,국내자사몰,116640.0,,1
2025-11-22,2025-11,국내자사몰,102060.0,,1
2025-11-22,2025-11,국내자사몰,113400.0,,1
2025-11-22,2025-11,국내자사몰,55845.0,,1
2025-11-22,2025-11,국내자사몰,123500.0,,1
2025-11-22,2025-11,국내자사몰,126225.0,,2
2025-11-22,2025-11,국내자사몰,116640.0,,1
2025-11-22,2025-11,국내자사몰,53550.0,,1
2025-11-22,2025-11,국내자사몰,314260.0,,3
2025-11-22,2025-11,국내자사몰,116640.0,,1
2025-11-22,2025-11,국내자사몰,62050.0,,1
2025-11-22,2025-11,국내자사몰,96390.0,,1
2025-11-22,2025-11,국내자사몰,129002.0,,5
2025-11-22,2025-11,국내자사몰,96390.0,,1
2025-11-22,2025-11,국내자사몰,105300.0,,1
2025-11-22,2025-11,국내자사몰,120325.0,,1
2025-11-22,2025-11,국내자사몰,123120.0,,1
2025-11-22,2025-11,국내자사몰,96390.0,,1
2025-11-22,2025-11,국내자사몰,116640.0,,1
2025-11-22,2025-11,국내자사몰,114140.0,,1
2025-11-22,2025-11,국내자사몰,63750.0,,1
2025-11-22,2025-11,국내자사몰,44310.0,,1
2025-11-22,2025-11,국내자사몰,55845.0,,1
2025-11-22,2025-11,국내자사몰,206550.0,,2
2025-11-22,2025-11,국내자사몰,229033.0,,3
2025-11-22,2025-11,국내자사몰,186660.0,,2
2025-11-22,2025-11,국내자사몰,220936.0,,2
2025-11-22,2025-11,국내자사몰,102060.0,,1
2025-11-22,2025-11,국내자사몰,25800.0,,2
2025-11-22,2025-11,국내자사몰,104975.0,,1
2025-11-22,2025-11,국내자사몰,122825.0,,1
2025-11-22,2025-11,국내자사몰,47685.0,,1
2025-11-22,2025-11,국내자사몰,102060.0,,1
2025-11-22,2025-11,국내자사몰,122213.0,,1
2025-11-22,2025-11,국내자사몰,102060.0,,1
2025-11-22,2025-11,국내자사몰,102060.0,,1
2025-11-22,2025-11,국내자사몰,116640.0,,1
2025-11-22,2025-11,국내자사몰,102060.0,,1
2025-11-22,2025-11,국내자사몰,247410.0,,2
2025-11-22,2025-11,해외자사몰,212570.0,146.6,1
2025-11-22,2025-11,해외자사몰,212570.0,146.6,1
2025-11-22,2025-11,해외자사몰,190530.0,131.4,1
2025-11-22,2025-11,해외자사몰,375840.0,259.2,2
2025-11-22,2025-11,해외자사몰,155947.5,107.55,1
2025-11-22,2025-11,해외자사몰,172898.0,119.24,1
2025-11-22,2025-11,해외자사몰,212570.0,146.6,1
2025-11-22,2025-11,해외자사몰,212570.0,146.6,1
2025-11-22,2025-11,해외자사몰,212570.0,146.6,1
2025-11-22,2025-11,해외자사몰,212570.0,146.6,1
2025-11-22,2025-11,해외자사몰,212570.0,146.6,1
2025-11-22,2025-11,해외자사몰,170085.0,117.3,1
2025-11-22,2025-11,해외자사몰,212570.0,146.6,1
2025-11-22,2025-11,해외자사몰,330600.0,228.0,2
2025-11-22,2025-11,해외자사몰,212570.0,146.6,1
2025-11-22,2025-11,해외자사몰,212570.0,146.6,1
2025-11-22,2025-11,해외자사몰,190530.0,131.4,1
2025-11-22,2025-11,해외자사몰,211265.0,145.7,1
2025-11-22,2025-11,해외자사몰,212570.0,146.6,1
2025-11-22,2025-11,해외자사몰,368590.0,254.2,3
2025-11-22,2025-11,해외자사몰,310155.0,213.9,2
2025-11-22,2025-11,해외자사몰,190530.0,131.4,1
2025-11-22,2025-11,해외자사몰,212570.0,146.6,1
2025-11-22,2025-11,해외자사몰,190530.0,131.4,1
2025-11-22,2025-11,해외자사몰,330600.0,228.0,2
2025-11-22,2025-11,해외자사몰,190530.0,131.4,1
2025-11-22,2025-11,해외자사몰,385700.0,266.0,4
2025-11-22,2025-11,해외자사몰,235770.0,162.6,1
2025-11-22,2025-11,해외자사몰,190530.0,131.4,1
2025-11-22,2025-11,해외자사몰,190530.0,131.4,1
2025-11-23,2025-11,국내자사몰,62050.0,,1
2025-11-23,2025-11,국내자사몰,66470.0,,1
2025-11-23,2025-11,국내자사몰,114449.0,,1
2025-11-23,2025-11,국내자사몰,137275.0,,1
2025-11-23,2025-11,국내자사몰,96390.0,,1
2025-11-23,2025-11,국내자사몰,47385.0,,1
2025-11-23,2025-11,국내자사몰,130050.0,,1
2025-11-23,2025-11,국내자사몰,199170.0,,2
2025-11-23,2025-11,국내자사몰,116640.0,,1
2025-11-23,2025-11,국내자사몰,96390.0,,1
2025-11-23,2025-11,국내자사몰,52743.0,,1
2025-11-23,2025-11,국내자사몰,113400.0,,1
2025-11-23,2025-11,국내자사몰,63000.0,,1
2025-11-23,2025-11,국내자사몰,129200.0,,1
2025-11-23,2025-11,국내자사몰,56700.0,,1
2025-11-23,2025-11,국내자사몰,172485.0,,2
2025-11-23,2025-11,국내자사몰,96390.0,,1
2025-11-23,2025-11,국내자사몰,70380.0,,1
2025-11-23,2025-11,국내자사몰,102060.0,,1
2025-11-23,2025-11,국내자사몰,136710.0,,2
2025-11-23,2025-11,국내자사몰,88920.0,,1
2025-11-23,2025-11,국내자사몰,113400.0,,1
2025-11-23,2025-11,국내자사몰,111195.0,,1
2025-11-23,2025-11,국내자사몰,253300.0,,3
2025-11-23,2025-11,국내자사몰,107100.0,,1
2025-11-23,2025-11,국내자사몰,102060.0,,1
2025-11-23,2025-11,국내자사몰,116280.0,,1
2025-11-23,2025-11,국내자사몰,102060.0,,1
2025-11-23,2025-11,국내자사몰,145350.0,,1
2025-11-23,2025-11,국내자사몰,145350.0,,1
2025-11-23,2025-11,국내자사몰,102060.0,,1
2025-11-23,2025-11,국내자사몰,140250.0,,2
2025-11-23,2025-11,국내자사몰,101745.0,,1
2025-11-23,2025-11,국내자사몰,145350.0,,1
2025-11-23,2025-11,국내자사몰,56700.0,,1
2025-11-23,2025-11,해외자사몰,190530.0,131.4,1
2025-11-23,2025-11,해외자사몰,212570.0,146.6,1
2025-11-23,2025-11,해외자사몰,235770.0,162.6,1
2025-11-23,2025-11,해외자사몰,212570.0,146.6,1
2025-11-23,2025-11,해외자사몰,294495.0,203.1,2
2025-11-23,2025-11,해외자사몰,294495.0,203.1,2
2025-11-23,2025-11,해외자사몰,212570.0,146.6,1
2025-11-23,2025-11,해외자사몰,212570.0,146.6,1
2025-11-23,2025-11,해외자사몰,211265.0,145.7,1
2025-11-23,2025-11,해외자사몰,212570.0,146.6,1
2025-11-23,2025-11,해외자사몰,212570.0,146.6,1
2025-11-23,2025-11,해외자사몰,190530.0,131.4,1
2025-11-23,2025-11,해외자사몰,212570.0,146.6,1
2025-11-23,2025-11,해외자사몰,212570.0,146.6,1
2025-11-23,2025-11,해외자사몰,212570.0,146.6,1
2025-11-23,2025-11,해외자사몰,212570.0,146.6,1
2025-11-23,2025-11,해외자사몰,190530.0,131.4,1
2025-11-23,2025-11,해외자사몰,212570.0,146.6,1
2025-11-23,2025-11,해외자사몰,212570.0,146.6,1
2025-11-23,2025-11,해외자사몰,212570.0,146.6,1
2025-11-23,2025-11,해외자사몰,211265.0,145.7,1
2025-11-23,2025-11,해외자사몰,212570.0,146.6,1
2025-11-23,2025-11,해외자사몰,212570.0,146.6,1
2025-11-23,2025-11,해외자사몰,212570.0,146.6,1
2025-11-23,2025-11,해외자사몰,211265.0,145.7,1
2025-11-23,2025-11,해외자사몰,190530.0,131.4,1
2025-11-23,2025-11,해외자사몰,212570.0,146.6,1
2025-11-23,2025-11,해외자사몰,212570.0,146.6,1
2025-11-23,2025-11,해외자사몰,212570.0,146.6,1
2025-11-23,2025-11,해외자사몰,212570.0,146.6,1
2025-11-23,2025-11,해외자사몰,212570.0,146.6,1
2025-11-23,2025-11,해외자사몰,172898.0,119.24,1
2025-11-23,2025-11,해외자사몰,212570.0,146.6,1
2025-11-23,2025-11,해외자사몰,211265.0,145.7,1
2025-11-24,2025-11,국내자사몰,204120.0,,2
2025-11-24,2025-11,국내자사몰,429930.0,,4
2025-11-24,2025-11,국내자사몰,74290.0,,1
2025-11-24,2025-11,국내자사몰,111150.0,,1
2025-11-24,2025-11,국내자사몰,139995.0,,2
2025-11-24,2025-11,국내자사몰,117325.0,,1
2025-11-24,2025-11,국내자사몰,96390.0,,1
2025-11-24,2025-11,국내자사몰,102060.0,,1
2025-11-24,2025-11,국내자사몰,116640.0,,1
2025-11-24,2025-11,국내자사몰,100428.0,,2
2025-11-24,2025-11,국내자사몰,100428.0,,2
2025-11-24,2025-11,국내자사몰,126498.0,,1
2025-11-24,2025-11,국내자사몰,969400.0,,10
2025-11-24,2025-11,국내자사몰,102060.0,,1
2025-11-24,2025-11,국내자사몰,102060.0,,1
2025-11-24,2025-11,국내자사몰,96390.0,,1
2025-11-24,2025-11,국내자사몰,102060.0,,1
2025-11-24,2025-11,국내자사몰,105206.0,,1
2025-11-24,2025-11,국내자사몰,104975.0,,1
2025-11-24,2025-11,국내자사몰,111150.0,,1
2025-11-24,2025-11,국내자사몰,83980.0,,1
2025-11-24,2025-11,국내자사몰,82620.0,,1
2025-11-24,2025-11,국내자사몰,116640.0,,1
2025-11-24,2025-11,국내자사몰,145350.0,,1
2025-11-24,2025-11,국내자사몰,144585.0,,2
2025-11-24,2025-11,국내자사몰,102060.0,,1
2025-11-24,2025-11,국내자사몰,48195.0,,1
2025-11-24,2025-11,국내자사몰,126225.0,,2
2025-11-24,2025-11,국내자사몰,145350.0,,1
2025-11-24,2025-11,국내자사몰,267750.0,,4
2025-11-24,2025-11,국내자사몰,100428.0,,2
2025-11-24,2025-11,국내자사몰,102060.0,,1
2025-11-24,2025-11,국내자사몰,70380.0,,1
2025-11-24,2025-11,국내자사몰,55845.0,,1
2025-11-24,2025-11,국내자사몰,123500.0,,1
2025-11-24,2025-11,국내자사몰,144585.0,,2
2025-11-24,2025-11,국내자사몰,96390.0,,1
2025-11-24,2025-11,국내자사몰,88938.0,,1
2025-11-24,2025-11,해외자사몰,190530.0,131.4,1
2025-11-24,2025-11,해외자사몰,155947.5,107.55,1
2025-11-24,2025-11,해외자사몰,212570.0,146.6,1
2025-11-24,2025-11,해외자사몰,172898.0,119.24,1
2025-11-24,2025-11,해외자사몰,375840.0,259.2,2
2025-11-24,2025-11,해외자사몰,198360.00000000003,136.8,1
2025-11-24,2025-11,해외자사몰,212570.0,146.6,1
2025-11-24,2025-11,해외자사몰,138910.0,95.8,1
2025-11-24,2025-11,해외자사몰,190530.0,131.4,1
2025-11-24,2025-11,해외자사몰,212570.0,146.6,1
2025-11-24,2025-11,해외자사몰,212570.0,146.6,1
2025-11-24,2025-11,해외자사몰,212570.0,146.6,1
2025-11-24,2025-11,해외자사몰,190530.0,131.4,1
2025-11-24,2025-11,해외자사몰,235770.0,162.6,1
2025-11-24,2025-11,해외자사몰,316825.0,218.5,3
2025-11-24,2025-11,해외자사몰,235770.0,162.6,1
2025-11-24,2025-11,해외자사몰,212570.0,146.6,1
2025-11-24,2025-11,해외자사몰,212570.0,146.6,1
2025-11-24,2025-11,해외자사몰,172898.0,119.24,1
2025-11-24,2025-11,해외자사몰,212570.0,146.6,1
2025-11-24,2025-11,해외자사몰,381785.0,263.3,5
2025-11-24,2025-11,해외자사몰,381712.5,263.25,4
2025-11-24,2025-11,해외자사몰,190530.0,131.4,1
2025-11-24,2025-11,해외자사몰,316390.0,218.2,2
2025-11-24,2025-11,해외자사몰,155947.5,107.55,1
2025-11-24,2025-11,해외자사몰,212570.0,146.6,1
2025-11-24,2025-11,해외자사몰,212570.0,146.6,1
2025-11-24,2025-11,해외자사몰,212570.0,146.6,1
2025-11-24,2025-11,해외자사몰,212570.0,146.6,1
2025-11-25,2025-11,국내자사몰,116640.0,,1
2025-11-25,2025-11,국내자사몰,21275.0,,2
2025-11-25,2025-11,국내자사몰,113400.0,,1
2025-11-25,2025-11,국내자사몰,116640.0,,1
2025-11-25,2025-11,국내자사몰,116640.0,,1
2025-11-25,2025-11,국내자사몰,63750.0,,1
2025-11-25,2025-11,국내자사몰,55845.0,,1
2025-11-25,2025-11,국내자사몰,97120.0,,1
2025-11-25,2025-11,국내자사몰,104975.0,,1
2025-11-25,2025-11,국내자사몰,136639.0,,1
2025-11-25,2025-11,국내자사몰,102060.0,,1
2025-11-25,2025-11,국내자사몰,116640.0,,1
2025-11-25,2025-11,국내자사몰,129600.0,,1
2025-11-25,2025-11,국내자사몰,102060.0,,1
2025-11-25,2025-11,국내자사몰,116640.0,,1
2025-11-25,2025-11,국내자사몰,129600.0,,1
2025-11-25,2025-11,국내자사몰,98839.0,,1
2025-11-25,2025-11,국내자사몰,218700.0,,2
2025-11-25,2025-11,국내자사몰,116640.0,,1
2025-11-25,2025-11,국내자사몰,137275.0,,1
2025-11-25,2025-11,국내자사몰,101150.0,,1
2025-11-25,2025-11,국내자사몰,90558.0,,1
2025-11-25,2025-11,국내자사몰,129600.0,,1
2025-11-25,2025-11,국내자사몰,102060.0,,1
2025-11-25,2025-11,국내자사몰,111150.0,,1
2025-11-25,2025-11,국내자사몰,114150.0,,1
2025-11-25,2025-11,국내자사몰,110160.0,,1
2025-11-25,2025-11,국내자사몰,102060.0,,1
2025-11-25,2025-11,국내자사몰,55743.0,,1
2025-11-25,2025-11,국내자사몰,82620.0,,1
2025-11-25,2025-11,국내자사몰,116640.0,,1
2025-11-25,2025-11,국내자사몰,200610.0,,2
2025-11-25,2025-11,국내자사몰,102060.0,,1
2025-11-25,2025-11,해외자사몰,212570.0,146.6,1
2025-11-25,2025-11,해외자사몰,211265.0,145.7,1
2025-11-25,2025-11,해외자사몰,212570.0,146.6,1
2025-11-25,2025-11,해외자사몰,212570.0,146.6,1
2025-11-25,2025-11,해외자사몰,182700.0,126.0,1
2025-11-25,2025-11,해외자사몰,212570.0,146.6,1
2025-11-25,2025-11,해외자사몰,190530.0,131.4,1
2025-11-25,2025-11,해외자사몰,212570.0,146.6,1
2025-11-25,2025-11,해외자사몰,212570.0,146.6,1
2025-11-25,2025-11,해외자사몰,190530.0,131.4,1
2025-11-25,2025-11,해외자사몰,212570.0,146.6,1
2025-11-25,2025-11,해외자사몰,212570.0,146.6,1
2025-11-25,2025-11,해외자사몰,190530.0,131.4,1
2025-11-25,2025-11,해외자사몰,155947.5,107.55,1
2025-11-25,2025-11,해외자사몰,212570.0,146.6,1
2025-11-25,2025-11,해외자사몰,190530.0,131.4,1
2025-11-25,2025-11,해외자사몰,212570.0,146.6,1
2025-11-25,2025-11,해외자사몰,212570.0,146.6,1
2025-11-25,2025-11,해외자사몰,302035.0,208.3,2
2025-11-25,2025-11,해외자사몰,182700.0,126.0,1
2025-11-25,2025-11,해외자사몰,190530.0,131.4,1
2025-11-25,2025-11,해외자사몰,212570.0,146.6,1
2025-11-25,2025-11,해외자사몰,212570.0,146.6,1
2025-11-25,2025-11,해외자사몰,190530.0,131.4,1
2025-11-25,2025-11,해외자사몰,203754.00000000003,140.52,1
2025-11-25,2025-11,해외자사몰,212570.0,146.6,1
2025-11-25,2025-11,해외자사몰,212570.0,146.6,1
2025-11-25,2025-11,해외자사몰,190530.0,131.4,1
2025-11-25,2025-11,해외자사몰,212570.0,146.6,1
2025-11-26,2025-11,국내자사몰,12500.0,,1
2025-11-26,2025-11,국내자사몰,195585.0,,3
2025-11-26,2025-11,국내자사몰,56700.0,,1
2025-11-26,2025-11,국내자사몰,171540.0,,2
2025-11-26,2025-11,국내자사몰,48740.0,,1
2025-11-26,2025-11,국내자사몰,129600.0,,1
2025-11-26,2025-11,국내자사몰,116640.0,,1
2025-11-26,2025-11,국내자사몰,137275.0,,1
2025-11-26,2025-11,국내자사몰,55845.0,,1
2025-11-26,2025-11,국내자사몰,101150.0,,2
2025-11-26,2025-11,국내자사몰,96390.0,,1
2025-11-26,2025-11,국내자사몰,47385.0,,1
2025-11-26,2025-11,국내자사몰,116640.0,,1
2025-11-26,2025-11,국내자사몰,91800.0,,1
2025-11-26,2025-11,국내자사몰,113400.0,,1
2025-11-26,2025-11,국내자사몰,229373.0,,3
2025-11-26,2025-11,국내자사몰,233280.0,,2
2025-11-26,2025-11,국내자사몰,110160.0,,1
2025-11-26,2025-11,국내자사몰,101030.0,,1
2025-11-26,2025-11,국내자사몰,187020.0,,2
2025-11-26,2025-11,국내자사몰,109820.0,,1
2025-11-26,2025-11,국내자사몰,78200.0,,1
2025-11-26,2025-11,국내자사몰,107660.0,,1
2025-11-26,2025-11,국내자사몰,116640.0,,1
2025-11-26,2025-11,국내자사몰,177850.0,,2
2025-11-26,2025-11,국내자사몰,769463.0,,8
2025-11-26,2025-11,국내자사몰,105712.0,,1
2025-11-26,2025-11,국내자사몰,102060.0,,1
2025-11-26,2025-11,국내자사몰,116640.0,,1
2025-11-26,2025-11,국내자사몰,124500.0,,1
2025-11-26,2025-11,국내자사몰,220677.0,,2
2025-11-26,2025-11,국내자사몰,70380.0,,1
2025-11-26,2025-11,국내자사몰,102060.0,,1
2025-11-26,2025-11,국내자사몰,96390.0,,1
2025-11-26,2025-11,국내자사몰,116640.0,,1
2025-11-26,2025-11,국내자사몰,53550.0,,1
2025-11-26,2025-11,국내자사몰,96390.0,,1
2025-11-26,2025-11,국내자사몰,113400.0,,1
2025-11-26,2025-11,국내자사몰,102060.0,,1
2025-11-26,2025-11,국내자사몰,102060.0,,1
2025-11-26,2025-11,국내자사몰,110160.0,,1
2025-11-26,2025-11,국내자사몰,171700.0,,2
2025-11-26,2025-11,국내자사몰,47685.0,,1
2025-11-26,2025-11,국내자사몰,121836.0,,1
2025-11-26,2025-11,국내자사몰,207715.0,,3
2025-11-26,2025-11,국내자사몰,116640.0,,1
2025-11-26,2025-11,국내자사몰,540090.0,,5
2025-11-26,2025-11,국내자사몰,63000.0,,1
2025-11-26,2025-11,국내자사몰,113400.0,,1
2025-11-26,2025-11,국내자사몰,62050.0,,1
2025-11-26,2025-11,국내자사몰,243000.0,,2
2025-11-26,2025-11,국내자사몰,142290.0,,2
2025-11-26,2025-11,국내자사몰,129600.0,,1
2025-11-26,2025-11,국내자사몰,311398.0,,4
2025-11-26,2025-11,국내자사몰,119213.0,,2
2025-11-26,2025-11,국내자사몰,96390.0,,1
2025-11-26,2025-11,국내자사몰,110732.0,,1
2025-11-26,2025-11,국내자사몰,88920.0,,1
2025-11-26,2025-11,국내자사몰,113400.0,,1
2025-11-26,2025-11,국내자사몰,113400.0,,1
2025-11-26,2025-11,국내자사몰,145350.0,,1
2025-11-26,2025-11,해외자사몰,330600.0,228.0,2
2025-11-26,2025-11,해외자사몰,212570.0,146.6,1
2025-11-26,2025-11,해외자사몰,330600.0,228.0,2
2025-11-26,2025-11,해외자사몰,604867.5,417.15,4
2025-11-26,2025-11,해외자사몰,212570.0,146.6,1
2025-11-26,2025-11,해외자사몰,212570.0,146.6,1
2025-11-26,2025-11,해외자사몰,349015.0,240.7,2
2025-11-26,2025-11,해외자사몰,212570.0,146.6,1
2025-11-26,2025-11,해외자사몰,190530.0,131.4,1
2025-11-26,2025-11,해외자사몰,212570.0,146.6,1
2025-11-26,2025-11,해외자사몰,212570.0,146.6,1
2025-11-26,2025-11,해외자사몰,308560.0,212.8,3
2025-11-26,2025-11,해외자사몰,212570.0,146.6,1
2025-11-26,2025-11,해외자사몰,205102.5,141.45,1
2025-11-26,2025-11,해외자사몰,212570.0,146.6,1
2025-11-26,2025-11,해외자사몰,301600.0,208.0,4
2025-11-26,2025-11,해외자사몰,212570.0,146.6,1
2025-11-26,2025-11,해외자사몰,190530.0,131.4,1
2025-11-26,2025-11,해외자사몰,312040.0,215.2,2
2025-11-26,2025-11,해외자사몰,212570.0,146.6,1
2025-11-26,2025-11,해외자사몰,212570.0,146.6,1
2025-11-26,2025-11,해외자사몰,212570.0,146.6,1
2025-11-26,2025-11,해외자사몰,330600.0,228.0,2
2025-11-26,2025-11,해외자사몰,190530.0,131.4,1
2025-11-26,2025-11,해외자사몰,244760.00000000003,168.8,2
2025-11-26,2025-11,해외자사몰,233450.0,161.0,2
2025-11-26,2025-11,해외자사몰,212570.0,146.6,1
2025-11-26,2025-11,해외자사몰,212570.0,146.6,1
2025-11-26,2025-11,해외자사몰,212570.0,146.6,1
2025-11-26,2025-11,해외자사몰,329295.0,227.1,2
2025-11-26,2025-11,해외자사몰,212570.0,146.6,1
2025-11-27,2025-11,국내자사몰,249390.0,,3
2025-11-27,2025-11,국내자사몰,116640.0,,1
2025-11-27,2025-11,국내자사몰,78030.0,,1
2025-11-27,2025-11,국내자사몰,469890.0,,6
2025-11-27,2025-11,국내자사몰,116640.0,,1
2025-11-27,2025-11,국내자사몰,98820.0,,1
2025-11-27,2025-11,국내자사몰,202050.0,,2
2025-11-27,2025-11,국내자사몰,204120.0,,2
2025-11-27,2025-11,국내자사몰,113400.0,,1
2025-11-27,2025-11,국내자사몰,117000.0,,1
2025-11-27,2025-11,국내자사몰,117000.0,,1
2025-11-27,2025-11,국내자사몰,129600.0,,1
2025-11-27,2025-11,국내자사몰,325620.0,,3
2025-11-27,2025-11,국내자사몰,70380.0,,1
2025-11-27,2025-11,국내자사몰,62050.0,,1
2025-11-27,2025-11,국내자사몰,246240.0,,2
2025-11-27,2025-11,국내자사몰,111150.0,,1
2025-11-27,2025-11,국내자사몰,54188.0,,1
2025-11-27,2025-11,국내자사몰,62050.0,,1
2025-11-27,2025-11,국내자사몰,116640.0,,1
2025-11-27,2025-11,국내자사몰,82620.0,,1
2025-11-27,2025-11,국내자사몰,88938.0,,1
2025-11-27,2025-11,국내자사몰,29460.0,,1
2025-11-27,2025-11,국내자사몰,116640.0,,1
2025-11-27,2025-11,국내자사몰,113400.0,,1
2025-11-27,2025-11,국내자사몰,116640.0,,1
2025-11-27,2025-11,국내자사몰,190980.0,,2
2025-11-27,2025-11,국내자사몰,113400.0,,1
2025-11-27,2025-11,국내자사몰,96390.0,,1
2025-11-27,2025-11,국내자사몰,50490.0,,1
2025-11-27,2025-11,국내자사몰,96390.0,,1
2025-11-27,2025-11,국내자사몰,109332.0,,1
2025-11-27,2025-11,국내자사몰,153170.0,,2
2025-11-27,2025-11,국내자사몰,129600.0,,1
2025-11-27,2025-11,국내자사몰,794070.0,,10
2025-11-27,2025-11,국내자사몰,62050.0,,1
2025-11-27,2025-11,국내자사몰,102060.0,,1
2025-11-27,2025-11,국내자사몰,102060.0,,1
2025-11-27,2025-11,국내자사몰,102060.0,,1
2025-11-27,2025-11,국내자사몰,58140.0,,2
2025-11-27,2025-11,국내자사몰,335340.0,,3
2025-11-27,2025-11,국내자사몰,366477.0,,3
2025-11-27,2025-11,국내자사몰,96390.0,,1
2025-11-27,2025-11,국내자사몰,129600.0,,1
2025-11-27,2025-11,해외자사몰,353510.0,243.8,3
2025-11-27,2025-11,해외자사몰,219820.0,151.6,1
2025-11-27,2025-11,해외자사몰,235770.0,162.6,2
2025-11-27,2025-11,해외자사몰,219820.0,151.6,1
2025-11-27,2025-11,해외자사몰,197780.0,136.4,1
2025-11-27,2025-11,해외자사몰,219820.0,151.6,1
2025-11-27,2025-11,해외자사몰,308560.0,212.8,2
2025-11-27,2025-11,해외자사몰,219820.0,151.6,1
2025-11-27,2025-11,해외자사몰,211004.00000000003,145.52,1
2025-11-27,2025-11,해외자사몰,219820.0,151.6,1
2025-11-27,2025-11,해외자사몰,352640.0,243.2,2
2025-11-27,2025-11,해외자사몰,180148.0,124.24,1
2025-11-27,2025-11,해외자사몰,219820.0,151.6,1
2025-11-27,2025-11,해외자사몰,352640.0,243.2,2
2025-11-27,2025-11,해외자사몰,294712.5,203.25,2
2025-11-27,2025-11,해외자사몰,212570.0,146.6,1
2025-11-27,2025-11,해외자사몰,212570.0,146.6,1
2025-11-27,2025-11,해외자사몰,212570.0,146.6,1
2025-11-27,2025-11,해외자사몰,172898.0,119.24,1
2025-11-27,2025-11,해외자사몰,212570.0,146.6,1
2025-11-27,2025-11,해외자사몰,572097.5,394.55,4
2025-11-27,2025-11,해외자사몰,212570.0,146.6,1
2025-11-27,2025-11,해외자사몰,212570.0,146.6,1
2025-11-27,2025-11,해외자사몰,212570.0,146.6,1
2025-11-27,2025-11,해외자사몰,182700.0,126.0,1
2025-11-27,2025-11,해외자사몰,189950.0,131.0,1
2025-11-27,2025-11,해외자사몰,352640.0,243.2,2
2025-11-27,2025-11,해외자사몰,212570.0,146.6,1
2025-11-27,2025-11,해외자사몰,212570.0,146.6,1
2025-11-27,2025-11,해외자사몰,159500.0,110.0,1
2025-11-27,2025-11,해외자사몰,212570.0,146.6,1
2025-11-27,2025-11,해외자사몰,212570.0,146.6,1
2025-11-27,2025-11,해외자사몰,212570.0,146.6,1
2025-11-27,2025-11,해외자사몰,212570.0,146.6,1
2025-11-27,2025-11,해외자사몰,211265.0,145.7,1
2025-11-27,2025-11,해외자사몰,212570.0,146.6,1
2025-11-27,2025-11,해외자사몰,190530.0,131.4,1
2025-11-27,2025-11,해외자사몰,212570.0,146.6,1
2025-11-27,2025-11,해외자사몰,212570.0,146.6,1
2025-11-27,2025-11,해외자사몰,190530.0,131.4,1
2025-11-27,2025-11,해외자사몰,212570.0,146.6,1
2025-11-27,2025-11,해외자사몰,368590.0,254.2,3
2025-11-27,2025-11,해외자사몰,212570.0,146.6,1
2025-11-28,2025-11,국내자사몰,102060.0,,1
2025-11-28,2025-11,국내자사몰,107217.0,,1
2025-11-28,2025-11,국내자사몰,113400.0,,1
2025-11-28,2025-11,국내자사몰,63000.0,,1
2025-11-28,2025-11,국내자사몰,116640.0,,1
2025-11-28,2025-11,국내자사몰,70380.0,,1
2025-11-28,2025-11,국내자사몰,47385.0,,1
2025-11-28,2025-11,국내자사몰,129600.0,,1
2025-11-28,2025-11,국내자사몰,204120.0,,2
2025-11-28,2025-11,국내자사몰,102060.0,,1
2025-11-28,2025-11,국내자사몰,129600.0,,1
2025-11-28,2025-11,국내자사몰,56700.0,,1
2025-11-28,2025-11,국내자사몰,124100.0,,2
2025-11-28,2025-11,국내자사몰,102060.0,,1
2025-11-28,2025-11,국내자사몰,110250.0,,1
2025-11-28,2025-11,국내자사몰,25950.0,,1
2025-11-28,2025-11,국내자사몰,110160.0,,1
2025-11-28,2025-11,국내자사몰,96390.0,,1
2025-11-28,2025-11,국내자사몰,93130.0,,1
2025-11-28,2025-11,국내자사몰,70380.0,,1
2025-11-28,2025-11,국내자사몰,96390.0,,1
2025-11-28,2025-11,국내자사몰,91800.0,,1
2025-11-28,2025-11,국내자사몰,75650.0,,1
2025-11-28,2025-11,국내자사몰,102060.0,,1
2025-11-28,2025-11,국내자사몰,167620.0,,2
2025-11-28,2025-11,국내자사몰,137275.0,,1
2025-11-28,2025-11,국내자사몰,96390.0,,1
2025-11-28,2025-11,국내자사몰,181603.0,,4
2025-11-28,2025-11,국내자사몰,162563.0,,2
2025-11-28,2025-11,국내자사몰,100428.0,,2
2025-11-28,2025-11,국내자사몰,106335.0,,2
2025-11-28,2025-11,해외자사몰,197780.0,136.4,1
2025-11-28,2025-11,해외자사몰,310155.0,213.9,2
2025-11-28,2025-11,해외자사몰,219820.0,151.6,1
2025-11-28,2025-11,해외자사몰,219820.0,151.6,1
2025-11-28,2025-11,해외자사몰,211004.00000000003,145.52,1
2025-11-28,2025-11,해외자사몰,310155.0,213.9,2
2025-11-28,2025-11,해외자사몰,219820.0,151.6,1
2025-11-28,2025-11,해외자사몰,197780.0,136.4,1
2025-11-28,2025-11,해외자사몰,302035.0,208.3,2
2025-11-28,2025-11,해외자사몰,189950.0,131.0,1
2025-11-28,2025-11,해외자사몰,197780.0,136.4,1
2025-11-28,2025-11,해외자사몰,219820.0,151.6,1
2025-11-28,2025-11,해외자사몰,197780.0,136.4,1
2025-11-28,2025-11,해외자사몰,310662.5,214.25,3
2025-11-28,2025-11,해외자사몰,219820.0,151.6,1
2025-11-28,2025-11,해외자사몰,219820.0,151.6,1
2025-11-28,2025-11,해외자사몰,177335.0,122.3,1
2025-11-28,2025-11,해외자사몰,219820.0,151.6,1
2025-11-28,2025-11,해외자사몰,197780.0,136.4,1
2025-11-28,2025-11,해외자사몰,197780.0,136.4,1
2025-11-28,2025-11,해외자사몰,219820.0,151.6,1
2025-11-28,2025-11,해외자사몰,219820.0,151.6,1
2025-11-28,2025-11,해외자사몰,177335.0,122.3,1
2025-11-28,2025-11,해외자사몰,296670.0,204.6,3
2025-11-28,2025-11,해외자사몰,197780.0,136.4,1
2025-11-28,2025-11,해외자사몰,219820.0,151.6,1
2025-11-28,2025-11,해외자사몰,219820.0,151.6,1
2025-11-28,2025-11,해외자사몰,219820.0,151.6,1
2025-11-28,2025-11,해외자사몰,197780.0,136.4,1
2025-11-28,2025-11,해외자사몰,322770.0,222.6,2
2025-11-28,2025-11,해외자사몰,312968.0,215.84,2
2025-11-28,2025-11,해외자사몰,219820.0,151.6,1
2025-11-28,2025-11,해외자사몰,411872.5,284.05,4
2025-11-28,2025-11,해외자사몰,219820.0,151.6,1
2025-11-28,2025-11,해외자사몰,264190.0,182.2,3
2025-11-28,2025-11,해외자사몰,219820.0,151.6,1
2025-11-28,2025-11,해외자사몰,219820.0,151.6,1
2025-11-28,2025-11,해외자사몰,197780.0,136.4,1
2025-11-28,2025-11,해외자사몰,219820.0,151.6,1
2025-11-28,2025-11,해외자사몰,296017.5,204.15,2
2025-11-28,2025-11,해외자사몰,391790.0,270.2,3
2025-11-28,2025-11,해외자사몰,219820.0,151.6,1
2025-11-28,2025-11,해외자사몰,219820.0,151.6,1
2025-11-28,2025-11,해외자사몰,219820.0,151.6,1
2025-11-28,2025-11,해외자사몰,163197.5,112.55,1
2025-11-28,2025-11,해외자사몰,219820.0,151.6,1
2025-11-28,2025-11,해외자사몰,219820.0,151.6,1
2025-11-28,2025-11,해외자사몰,219820.0,151.6,1
2025-11-28,2025-11,해외자사몰,197780.0,136.4,1
2025-11-28,2025-11,해외자사몰,219820.0,151.6,1
2025-11-28,2025-11,해외자사몰,307617.5,212.15,4
2025-11-28,2025-11,해외자사몰,219820.0,151.6,1
2025-11-28,2025-11,해외자사몰,192560.00000000003,132.8,3
2025-11-28,2025-11,해외자사몰,222140.0,153.2,2
2025-11-28,2025-11,해외자사몰,219820.0,151.6,1
2025-11-28,2025-11,해외자사몰,243020.0,167.6,1
2025-11-28,2025-11,해외자사몰,219820.0,151.6,1
2025-11-28,2025-11,해외자사몰,330600.0,228.0,2
2025-11-28,2025-11,해외자사몰,330600.0,228.0,2
2025-11-28,2025-11,해외자사몰,197780.0,136.4,1
2025-11-28,2025-11,해외자사몰,189950.0,131.0,1
2025-11-28,2025-11,해외자사몰,197780.0,136.4,1
2025-11-28,2025-11,해외자사몰,308850.0,213.0,2
2025-11-28,2025-11,해외자사몰,219820.0,151.6,1
2025-11-28,2025-11,해외자사몰,219820.0,151.6,1
2025-11-28,2025-11,해외자사몰,197780.0,136.4,1
2025-11-29,2025-11,국내자사몰,96390.0,,1
2025-11-29,2025-11,국내자사몰,78030.0,,1
2025-11-29,2025-11,국내자사몰,129600.0,,1
2025-11-29,2025-11,국내자사몰,98800.0,,1
2025-11-29,2025-11,국내자사몰,116280.0,,1
2025-11-29,2025-11,국내자사몰,102060.0,,1
2025-11-29,2025-11,국내자사몰,88920.0,,1
2025-11-29,2025-11,국내자사몰,96390.0,,1
2025-11-29,2025-11,국내자사몰,106596.0,,1
2025-11-29,2025-11,국내자사몰,59383.0,,1
2025-11-29,2025-11,국내자사몰,83997.0,,1
2025-11-29,2025-11,국내자사몰,44807.0,,2
2025-11-29,2025-11,국내자사몰,102060.0,,1
2025-11-29,2025-11,국내자사몰,117450.0,,2
2025-11-29,2025-11,국내자사몰,52743.0,,1
2025-11-29,2025-11,국내자사몰,102060.0,,1
2025-11-29,2025-11,국내자사몰,102060.0,,1
2025-11-29,2025-11,국내자사몰,15000.0,,1
2025-11-29,2025-11,국내자사몰,57375.0,,1
2025-11-29,2025-11,국내자사몰,57690.0,,1
2025-11-29,2025-11,국내자사몰,102060.0,,1
2025-11-29,2025-11,국내자사몰,113400.0,,1
2025-11-29,2025-11,국내자사몰,335340.0,,3
2025-11-29,2025-11,국내자사몰,96390.0,,1
2025-11-29,2025-11,해외자사몰,219820.0,151.6,1
2025-11-29,2025-11,해외자사몰,197780.0,136.4,1
2025-11-29,2025-11,해외자사몰,218515.0,150.7,1
2025-11-29,2025-11,해외자사몰,330600.0,228.0,2
2025-11-29,2025-11,해외자사몰,219820.0,151.6,1
2025-11-29,2025-11,해외자사몰,197780.0,136.4,1
2025-11-29,2025-11,해외자사몰,330600.0,228.0,2
2025-11-29,2025-11,해외자사몰,219820.0,151.6,1
2025-11-29,2025-11,해외자사몰,351335.0,242.3,2
2025-11-29,2025-11,해외자사몰,352640.0,243.2,2
2025-11-29,2025-11,해외자사몰,219820.0,151.6,1
2025-11-29,2025-11,해외자사몰,219820.0,151.6,1
2025-11-29,2025-11,해외자사몰,180148.0,124.24,1
2025-11-29,2025-11,해외자사몰,414192.5,285.65,3
2025-11-29,2025-11,해외자사몰,262885.0,181.3,2
2025-11-29,2025-11,해외자사몰,163197.5,112.55,1
2025-11-29,2025-11,해외자사몰,197780.0,136.4,1
2025-11-29,2025-11,해외자사몰,290928.0,200.64,2
2025-11-29,2025-11,해외자사몰,219820.0,151.6,1
2025-11-29,2025-11,해외자사몰,219820.0,151.6,1
2025-11-29,2025-11,해외자사몰,177335.0,122.3,1
2025-11-29,2025-11,해외자사몰,219820.0,151.6,1
2025-11-29,2025-11,해외자사몰,219820.0,151.6,1
2025-11-29,2025-11,해외자사몰,211004.00000000003,145.52,1
2025-11-29,2025-11,해외자사몰,163197.5,112.55,1
2025-11-29,2025-11,해외자사몰,525335.0,362.3,3
2025-11-29,2025-11,해외자사몰,197780.0,136.4,1
2025-11-29,2025-11,해외자사몰,243020.0,167.6,1
2025-11-29,2025-11,해외자사몰,219820.0,151.6,1
2025-11-29,2025-11,해외자사몰,219820.0,151.6,1
2025-11-29,2025-11,해외자사몰,197780.0,136.4,1
2025-11-29,2025-11,해외자사몰,197780.0,136.4,1
2025-11-29,2025-11,해외자사몰,330600.0,228.0,2
2025-11-29,2025-11,해외자사몰,197780.0,136.4,1
2025-11-29,2025-11,해외자사몰,219820.0,151.6,1
2025-11-29,2025-11,해외자사몰,371055.0,255.9,2
2025-11-29,2025-11,해외자사몰,219820.0,151.6,1
2025-11-29,2025-11,해외자사몰,177335.0,122.3,1
2025-11-29,2025-11,해외자사몰,177335.0,122.3,1
2025-11-29,2025-11,해외자사몰,219820.0,151.6,1
2025-11-29,2025-11,해외자사몰,197780.0,136.4,1
2025-11-29,2025-11,해외자사몰,219820.0,151.6,1
2025-11-29,2025-11,해외자사몰,219820.0,151.6,1
2025-11-29,2025-11,해외자사몰,197780.0,136.4,1
2025-11-29,2025-11,해외자사몰,197780.0,136.4,1
2025-11-29,2025-11,해외자사몰,442395.00000000006,305.1,3
2025-11-29,2025-11,해외자사몰,347275.0,239.5,3
2025-11-29,2025-11,해외자사몰,297250.0,205.0,5
2025-11-29,2025-11,해외자사몰,219820.0,151.6,1
2025-11-29,2025-11,해외자사몰,219820.0,151.6,1
2025-11-29,2025-11,해외자사몰,219820.0,151.6,1
2025-11-29,2025-11,해외자사몰,163197.5,112.55,1
2025-11-29,2025-11,해외자사몰,219820.0,151.6,1
2025-11-29,2025-11,해외자사몰,197780.0,136.4,1
2025-11-29,2025-11,해외자사몰,243020.0,167.6,1
2025-11-29,2025-11,해외자사몰,219820.0,151.6,1
2025-11-29,2025-11,해외자사몰,197780.0,136.4,1
2025-11-29,2025-11,해외자사몰,197780.0,136.4,1
2025-11-29,2025-11,해외자사몰,219820.0,151.6,1
2025-11-29,2025-11,해외자사몰,197780.0,136.4,1
2025-11-29,2025-11,해외자사몰,219820.0,151.6,1
2025-11-29,2025-11,해외자사몰,219820.0,151.6,1
2025-11-29,2025-11,해외자사몰,219820.0,151.6,1
2025-11-29,2025-11,해외자사몰,243020.0,167.6,1
2025-11-29,2025-11,해외자사몰,297250.0,205.0,5
2025-11-29,2025-11,해외자사몰,219820.0,151.6,1
2025-11-29,2025-11,해외자사몰,219820.0,151.6,1
2025-11-29,2025-11,해외자사몰,317825.5,219.19,4
2025-11-29,2025-11,해외자사몰,219820.0,151.6,1
2025-11-29,2025-11,해외자사몰,177842.5,122.65,2
2025-11-29,2025-11,해외자사몰,219820.0,151.6,1
2025-11-29,2025-11,해외자사몰,219820.0,151.6,1
2025-11-29,2025-11,해외자사몰,219820.0,151.6,1
2025-11-29,2025-11,해외자사몰,197780.0,136.4,1
2025-11-29,2025-11,해외자사몰,197780.0,136.4,1
2025-11-29,2025-11,해외자사몰,197780.0,136.4,1
2025-11-29,2025-11,해외자사몰,219820.0,151.6,1
2025-11-29,2025-11,해외자사몰,219820.0,151.6,1
2025-11-29,2025-11,해외자사몰,293262.5,202.25,3
2025-11-29,2025-11,해외자사몰,197780.0,136.4,1
2025-11-29,2025-11,해외자사몰,219820.0,151.6,1
2025-11-29,2025-11,해외자사몰,219820.0,151.6,1
2025-11-29,2025-11,해외자사몰,371055.0,255.9,2
2025-11-29,2025-11,해외자사몰,330600.0,228.0,2
2025-11-29,2025-11,해외자사몰,219820.0,151.6,1
2025-11-29,2025-11,해외자사몰,219820.0,151.6,1
2025-11-29,2025-11,해외자사몰,197780.0,136.4,1
2025-11-29,2025-11,해외자사몰,219820.0,151.6,1
2025-11-29,2025-11,해외자사몰,330600.0,228.0,2
2025-11-29,2025-11,해외자사몰,219820.0,151.6,1
2025-11-29,2025-11,해외자사몰,353800.0,244.0,2
2025-11-29,2025-11,해외자사몰,235697.50000000003,162.55,2
2025-11-29,2025-11,해외자사몰,219820.0,151.6,1
2025-11-29,2025-11,해외자사몰,197780.0,136.4,1
2025-11-29,2025-11,해외자사몰,219820.0,151.6,1
2025-11-29,2025-11,해외자사몰,219820.0,151.6,1
2025-11-29,2025-11,해외자사몰,219820.0,151.6,1
2025-11-29,2025-11,해외자사몰,197780.0,136.4,1
2025-11-29,2025-11,해외자사몰,219820.0,151.6,1
2025-11-30,2025-11,국내자사몰,116280.0,,1
2025-11-30,2025-11,국내자사몰,116640.0,,1
2025-11-30,2025-11,국내자사몰,335340.0,,3
2025-11-30,2025-11,국내자사몰,96093.0,,1
2025-11-30,2025-11,국내자사몰,129600.0,,1
2025-11-30,2025-11,국내자사몰,102060.0,,1
2025-11-30,2025-11,국내자사몰,137275.0,,1
2025-11-30,2025-11,국내자사몰,116640.0,,1
2025-11-30,2025-11,국내자사몰,83980.0,,1
2025-11-30,2025-11,국내자사몰,137275.0,,1
2025-11-30,2025-11,국내자사몰,258800.0,,2
2025-11-30,2025-11,국내자사몰,116640.0,,1
2025-11-30,2025-11,국내자사몰,252947.0,,2
2025-11-30,2025-11,국내자사몰,70380.0,,1
2025-11-30,2025-11,국내자사몰,116640.0,,1
2025-11-30,2025-11,국내자사몰,83106.0,,1
2025-11-30,2025-11,국내자사몰,110160.0,,1
2025-11-30,2025-11,국내자사몰,67955.0,,1
2025-11-30,2025-11,국내자사몰,145350.0,,1
2025-11-30,2025-11,국내자사몰,144500.0,,1
2025-11-30,2025-11,국내자사몰,208440.0,,2
2025-11-30,2025-11,국내자사몰,123110.0,,2
2025-11-30,2025-11,국내자사몰,116640.0,,1
2025-11-30,2025-11,국내자사몰,102060.0,,1
2025-11-30,2025-11,국내자사몰,46740.0,,1
2025-11-30,2025-11,국내자사몰,207231.0,,2
2025-11-30,2025-11,국내자사몰,70380.0,,1
2025-11-30,2025-11,국내자사몰,116640.0,,1
2025-11-30,2025-11,국내자사몰,185555.0,,3
2025-11-30,2025-11,국내자사몰,67500.0,,1
2025-11-30,2025-11,국내자사몰,121513.0,,1
2025-11-30,2025-11,국내자사몰,18000.0,,1
2025-11-30,2025-11,국내자사몰,53550.0,,1
2025-11-30,2025-11,국내자사몰,129600.0,,1
2025-11-30,2025-11,국내자사몰,116640.0,,1
2025-11-30,2025-11,국내자사몰,96390.0,,1
2025-11-30,2025-11,국내자사몰,50095.0,,1
2025-11-30,2025-11,국내자사몰,102060.0,,1
2025-11-30,2025-11,국내자사몰,145350.0,,1
2025-11-30,2025-11,국내자사몰,55845.0,,1
2025-11-30,2025-11,국내자사몰,113400.0,,1
2025-11-30,2025-11,국내자사몰,50490.0,,1
2025-11-30,2025-11,국내자사몰,122740.0,,1
2025-11-30,2025-11,해외자사몰,219820.0,151.6,1
2025-11-30,2025-11,해외자사몰,197780.0,136.4,1
2025-11-30,2025-11,해외자사몰,219820.0,151.6,1
2025-11-30,2025-11,해외자사몰,219820.0,151.6,1
2025-11-30,2025-11,해외자사몰,296017.5,204.15,2
2025-11-30,2025-11,해외자사몰,219820.0,151.6,1
2025-11-30,2025-11,해외자사몰,197780.0,136.4,1
2025-11-30,2025-11,해외자사몰,180148.0,124.24,1
2025-11-30,2025-11,해외자사몰,197780.0,136.4,1
2025-11-30,2025-11,해외자사몰,351335.0,242.3,2
2025-11-30,2025-11,해외자사몰,314070.0,216.6,2
2025-11-30,2025-11,해외자사몰,219820.0,151.6,1
2025-11-30,2025-11,해외자사몰,219820.0,151.6,1
2025-11-30,2025-11,해외자사몰,299570.0,206.6,2
2025-11-30,2025-11,해외자사몰,211004.00000000003,145.52,1
2025-11-30,2025-11,해외자사몰,308560.0,212.8,2
2025-11-30,2025-11,해외자사몰,219820.0,151.6,1
2025-11-30,2025-11,해외자사몰,219820.0,151.6,1
2025-11-30,2025-11,해외자사몰,219820.0,151.6,1
2025-11-30,2025-11,해외자사몰,219820.0,151.6,1
2025-11-30,2025-11,해외자사몰,302252.5,208.45,4
2025-11-30,2025-11,해외자사몰,219820.0,151.6,1
2025-11-30,2025-11,해외자사몰,218515.0,150.7,1
2025-11-30,2025-11,해외자사몰,219820.0,151.6,1
2025-11-30,2025-11,해외자사몰,219820.0,151.6,1
2025-11-30,2025-11,해외자사몰,219820.0,151.6,1
2025-11-30,2025-11,해외자사몰,219820.0,151.6,1
2025-11-30,2025-11,해외자사몰,219820.0,151.6,1
2025-11-30,2025-11,해외자사몰,219820.0,151.6,1
2025-11-30,2025-11,해외자사몰,219820.0,151.6,1
2025-11-30,2025-11,해외자사몰,219820.0,151.6,1
2025-11-30,2025-11,해외자사몰,219820.0,151.6,1
2025-11-30,2025-11,해외자사몰,197780.0,136.4,1
2025-11-30,2025-11,해외자사몰,315882.5,217.85,4
2025-11-30,2025-11,해외자사몰,351335.0,242.3,2
2025-11-30,2025-11,해외자사몰,126440.0,87.2,1
2025-11-30,2025-11,해외자사몰,219820.0,151.6,1
2025-11-30,2025-11,해외자사몰,243020.0,167.6,1
2025-11-30,2025-11,해외자사몰,197780.0,136.4,1
2025-11-30,2025-11,해외자사몰,219820.0,151.6,1
2025-11-30,2025-11,해외자사몰,219820.0,151.6,1
2025-11-30,2025-11,해외자사몰,335820.0,231.6,3
2025-11-30,2025-11,해외자사몰,219820.0,151.6,1
2025-11-30,2025-11,해외자사몰,219820.0,151.6,1
2025-11-30,2025-11,해외자사몰,219820.0,151.6,1
2025-11-30,2025-11,해외자사몰,219820.0,151.6,1
2025-11-30,2025-11,해외자사몰,197780.0,136.4,1
2025-11-30,2025-11,해외자사몰,243020.0,167.6,1
2025-11-30,2025-11,해외자사몰,313925.0,216.5,5
2025-11-30,2025-11,해외자사몰,219820.0,151.6,1
2025-11-30,2025-11,해외자사몰,219820.0,151.6,1
2025-11-30,2025-11,해외자사몰,219820.0,151.6,1
2025-11-30,2025-11,해외자사몰,219820.0,151.6,1
2025-11-30,2025-11,해외자사몰,219820.0,151.6,1
2025-11-30,2025-11,해외자사몰,219820.0,151.6,1
2025-11-30,2025-11,해외자사몰,197780.0,136.4,1
2025-11-30,2025-11,해외자사몰,218515.0,150.7,1
2025-11-30,2025-11,해외자사몰,219820.0,151.6,1
2025-11-30,2025-11,해외자사몰,352712.5,243.25,3
2025-11-30,2025-11,해외자사몰,197780.0,136.4,1
2025-11-30,2025-11,해외자사몰,219820.0,151.6,1
2025-11-30,2025-11,해외자사몰,333355.0,229.9,2
2025-11-30,2025-11,해외자사몰,357135.0,246.3,3
2025-11-30,2025-11,해외자사몰,219820.0,151.6,1
2025-11-30,2025-11,해외자사몰,219820.0,151.6,1
2025-11-30,2025-11,해외자사몰,219820.0,151.6,1
2025-11-30,2025-11,해외자사몰,219820.0,151.6,1
2025-11-30,2025-11,해외자사몰,219820.0,151.6,1
2025-11-30,2025-11,해외자사몰,219820.0,151.6,1
2025-11-30,2025-11,해외자사몰,292320.0,201.6,3
2025-11-30,2025-11,해외자사몰,197780.0,136.4,1
2025-11-30,2025-11,해외자사몰,219820.0,151.6,1
2025-11-30,2025-11,해외자사몰,243020.0,167.6,1
2025-11-30,2025-11,해외자사몰,296017.5,204.15,2
2025-11-30,2025-11,해외자사몰,219820.0,151.6,1
2025-12-01,2025-12,국내자사몰,116640.0,,1
2025-12-01,2025-12,국내자사몰,129600.0,,1
2025-12-01,2025-12,국내자사몰,110160.0,,1
2025-12-01,2025-12,국내자사몰,116640.0,,1
2025-12-01,2025-12,국내자사몰,145350.0,,1
2025-12-01,2025-12,국내자사몰,110160.0,,1
2025-12-01,2025-12,국내자사몰,116640.0,,1
2025-12-01,2025-12,국내자사몰,116640.0,,1
2025-12-01,2025-12,국내자사몰,145350.0,,1
2025-12-01,2025-12,국내자사몰,123254.0,,1
2025-12-01,2025-12,국내자사몰,129600.0,,1
2025-12-01,2025-12,국내자사몰,65293.0,,1
2025-12-01,2025-12,국내자사몰,70380.0,,1
2025-12-01,2025-12,국내자사몰,116640.0,,1
2025-12-01,2025-12,국내자사몰,39081.0,,1
2025-12-01,2025-12,국내자사몰,114140.0,,1
2025-12-01,2025-12,국내자사몰,114048.0,,1
2025-12-01,2025-12,국내자사몰,47685.0,,1
2025-12-01,2025-12,국내자사몰,145350.0,,1
2025-12-01,2025-12,국내자사몰,116640.0,,1
2025-12-01,2025-12,국내자사몰,160850.0,,2
2025-12-01,2025-12,국내자사몰,138736.0,,2
2025-12-01,2025-12,국내자사몰,451980.0,,4
2025-12-01,2025-12,국내자사몰,254912.0,,2
2025-12-01,2025-12,국내자사몰,116640.0,,1
2025-12-01,2025-12,국내자사몰,145350.0,,1
2025-12-01,2025-12,국내자사몰,48350.0,,1
2025-12-01,2025-12,국내자사몰,100716.0,,1
2025-12-01,2025-12,국내자사몰,102060.0,,1
2025-12-01,2025-12,해외자사몰,219820.0,151.6,1
2025-12-01,2025-12,해외자사몰,219820.0,151.6,1
2025-12-01,2025-12,해외자사몰,219820.0,151.6,1
2025-12-01,2025-12,해외자사몰,352640.0,243.2,2
2025-12-01,2025-12,해외자사몰,219820.0,151.6,1
2025-12-01,2025-12,해외자사몰,219820.0,151.6,1
2025-12-01,2025-12,해외자사몰,157180.0,108.4,1
2025-12-01,2025-12,해외자사몰,219820.0,151.6,1
2025-12-01,2025-12,해외자사몰,218515.0,150.7,1
2025-12-01,2025-12,해외자사몰,219820.0,151.6,1
2025-12-01,2025-12,해외자사몰,219820.0,151.6,1
2025-12-01,2025-12,해외자사몰,219820.0,151.6,1
2025-12-01,2025-12,해외자사몰,190820.0,131.6,1
2025-12-01,2025-12,해외자사몰,219820.0,151.6,1
2025-12-01,2025-12,해외자사몰,219820.0,151.6,1
2025-12-01,2025-12,해외자사몰,219820.0,151.6,1
2025-12-01,2025-12,해외자사몰,219820.0,151.6,1
2025-12-01,2025-12,해외자사몰,219820.0,151.6,1
2025-12-01,2025-12,해외자사몰,219820.0,151.6,1
2025-12-01,2025-12,해외자사몰,219820.0,151.6,1
2025-12-01,2025-12,해외자사몰,219820.0,151.6,1
2025-12-01,2025-12,해외자사몰,219820.0,151.6,1
2025-12-01,2025-12,해외자사몰,219820.0,151.6,1
2025-12-01,2025-12,해외자사몰,193865.0,133.7,1
2025-12-01,2025-12,해외자사몰,219820.0,151.6,1
2025-12-01,2025-12,해외자사몰,219820.0,151.6,1
2025-12-01,2025-12,해외자사몰,219820.0,151.6,1
2025-12-01,2025-12,해외자사몰,219820.0,151.6,1
2025-12-01,2025-12,해외자사몰,219820.0,151.6,1
2025-12-01,2025-12,해외자사몰,243020.0,167.6,1
2025-12-01,2025-12,해외자사몰,336182.5,231.85,5
2025-12-01,2025-12,해외자사몰,219820.0,151.6,1
2025-12-01,2025-12,해외자사몰,219820.0,151.6,1
2025-12-01,2025-12,해외자사몰,219820.0,151.6,1
2025-12-01,2025-12,해외자사몰,177335.0,122.3,1
2025-12-01,2025-12,해외자사몰,484880.0,334.4,3
2025-12-01,2025-12,해외자사몰,330600.0,228.0,2
2025-12-01,2025-12,해외자사몰,219820.0,151.6,1
2025-12-01,2025-12,해외자사몰,197780.0,136.4,1
2025-12-01,2025-12,해외자사몰,219820.0,151.6,1
2025-12-01,2025-12,해외자사몰,197780.0,136.4,1
2025-12-01,2025-12,해외자사몰,352640.0,243.2,2
2025-12-01,2025-12,해외자사몰,219820.0,151.6,1
2025-12-01,2025-12,해외자사몰,330600.0,228.0,2
2025-12-01,2025-12,해외자사몰,219820.0,151.6,1
2025-12-01,2025-12,해외자사몰,180148.0,124.24,1
2025-12-01,2025-12,해외자사몰,243020.0,167.6,1
2025-12-01,2025-12,해외자사몰,197780.0,136.4,1
2025-12-01,2025-12,해외자사몰,219820.0,151.6,1
2025-12-01,2025-12,해외자사몰,219820.0,151.6,1
2025-12-01,2025-12,해외자사몰,197780.0,136.4,1
2025-12-01,2025-12,해외자사몰,219820.0,151.6,1
2025-12-01,2025-12,해외자사몰,197780.0,136.4,1
2025-12-01,2025-12,해외자사몰,219820.0,151.6,1
2025-12-01,2025-12,해외자사몰,219820.0,151.6,1
2025-12-01,2025-12,해외자사몰,219820.0,151.6,1
2025-12-01,2025-12,해외자사몰,352640.0,243.2,2
2025-12-02,2025-12,국내자사몰,56100.0,,1
2025-12-02,2025-12,국내자사몰,116640.0,,1
2025-12-02,2025-12,국내자사몰,110160.0,,1
2025-12-02,2025-12,국내자사몰,55845.0,,1
2025-12-02,2025-12,국내자사몰,116640.0,,1
2025-12-02,2025-12,국내자사몰,137275.0,,1
2025-12-02,2025-12,국내자사몰,116640.0,,1
2025-12-02,2025-12,국내자사몰,116640.0,,1
2025-12-02,2025-12,국내자사몰,140250.0,,2
2025-12-02,2025-12,국내자사몰,118150.0,,2
2025-12-02,2025-12,국내자사몰,35379.0,,1
2025-12-02,2025-12,국내자사몰,116640.0,,1
2025-12-02,2025-12,국내자사몰,103340.0,,1
2025-12-02,2025-12,국내자사몰,116640.0,,1
2025-12-02,2025-12,국내자사몰,110160.0,,1
2025-12-02,2025-12,국내자사몰,126101.0,,1
2025-12-02,2025-12,국내자사몰,112752.0,,1
2025-12-02,2025-12,국내자사몰,129600.0,,1
2025-12-02,2025-12,국내자사몰,116640.0,,1
2025-12-02,2025-12,국내자사몰,119213.0,,2
2025-12-02,2025-12,국내자사몰,79475.0,,1
2025-12-02,2025-12,국내자사몰,110160.0,,1
2025-12-02,2025-12,국내자사몰,116640.0,,1
2025-12-02,2025-12,국내자사몰,110160.0,,1
2025-12-02,2025-12,국내자사몰,107100.0,,1
2025-12-02,2025-12,국내자사몰,126112.0,,1
2025-12-02,2025-12,국내자사몰,116640.0,,1
2025-12-02,2025-12,국내자사몰,78030.0,,1
2025-12-02,2025-12,국내자사몰,116640.0,,1
2025-12-02,2025-12,국내자사몰,116280.0,,1
2025-12-02,2025-12,해외자사몰,219820.0,151.6,1
2025-12-02,2025-12,해외자사몰,219820.0,151.6,1
2025-12-02,2025-12,해외자사몰,219820.0,151.6,1
2025-12-02,2025-12,해외자사몰,219820.0,151.6,1
2025-12-02,2025-12,해외자사몰,219820.0,151.6,1
2025-12-02,2025-12,해외자사몰,219820.0,151.6,1
2025-12-02,2025-12,해외자사몰,219820.0,151.6,1
2025-12-02,2025-12,해외자사몰,219820.0,151.6,1
2025-12-02,2025-12,해외자사몰,219820.0,151.6,1
2025-12-02,2025-12,해외자사몰,219820.0,151.6,1
2025-12-02,2025-12,해외자사몰,243020.0,167.6,1
2025-12-02,2025-12,해외자사몰,219820.0,151.6,1
2025-12-02,2025-12,해외자사몰,219820.0,151.6,1
2025-12-02,2025-12,해외자사몰,219820.0,151.6,1
2025-12-02,2025-12,해외자사몰,219820.0,151.6,1
2025-12-02,2025-12,해외자사몰,219820.0,151.6,1
2025-12-02,2025-12,해외자사몰,190820.0,131.6,1
2025-12-02,2025-12,해외자사몰,219820.0,151.6,1
2025-12-02,2025-12,해외자사몰,219820.0,151.6,1
2025-12-02,2025-12,해외자사몰,219820.0,151.6,1
2025-12-02,2025-12,해외자사몰,219820.0,151.6,1
2025-12-02,2025-12,해외자사몰,219820.0,151.6,1
2025-12-02,2025-12,해외자사몰,219820.0,151.6,1
2025-12-02,2025-12,해외자사몰,219820.0,151.6,1
2025-12-02,2025-12,해외자사몰,352640.0,243.2,2
2025-12-02,2025-12,해외자사몰,219820.0,151.6,1
2025-12-02,2025-12,해외자사몰,219820.0,151.6,1
2025-12-02,2025-12,해외자사몰,219820.0,151.6,1
2025-12-02,2025-12,해외자사몰,219820.0,151.6,1
2025-12-02,2025-12,해외자사몰,219820.0,151.6,1
2025-12-02,2025-12,해외자사몰,218515.0,150.7,1
2025-12-02,2025-12,해외자사몰,290971.5,200.67,3
2025-12-02,2025-12,해외자사몰,290000.0,200.0,2
2025-12-02,2025-12,해외자사몰,219820.0,151.6,1
2025-12-02,2025-12,해외자사몰,219820.0,151.6,1
2025-12-02,2025-12,해외자사몰,219820.0,151.6,1
2025-12-02,2025-12,해외자사몰,219820.0,151.6,1
2025-12-02,2025-12,해외자사몰,219820.0,151.6,1
2025-12-02,2025-12,해외자사몰,219820.0,151.6,1
2025-12-02,2025-12,해외자사몰,190820.0,131.6,1
2025-12-02,2025-12,해외자사몰,219820.0,151.6,1
2025-12-02,2025-12,해외자사몰,219820.0,151.6,1
2025-12-02,2025-12,해외자사몰,219820.0,151.6,1
2025-12-02,2025-12,해외자사몰,352640.0,243.2,2
2025-12-02,2025-12,해외자사몰,218515.0,150.7,1
2025-12-02,2025-12,해외자사몰,219820.0,151.6,1
2025-12-02,2025-12,해외자사몰,219820.0,151.6,1
2025-12-02,2025-12,해외자사몰,219820.0,151.6,1
2025-12-02,2025-12,해외자사몰,219820.0,151.6,1
2025-12-02,2025-12,해외자사몰,219820.0,151.6,1
2025-12-02,2025-12,해외자사몰,219820.0,151.6,1
2025-12-02,2025-12,해외자사몰,375840.0,259.2,2
2025-12-03,2025-12,국내자사몰,332207.0,,3
2025-12-03,2025-12,국내자사몰,116640.0,,1
2025-12-03,2025-12,국내자사몰,116640.0,,1
2025-12-03,2025-12,국내자사몰,129600.0,,1
2025-12-03,2025-12,국내자사몰,129600.0,,1
2025-12-03,2025-12,국내자사몰,196605.0,,3
2025-12-03,2025-12,국내자사몰,145350.0,,1
2025-12-03,2025-12,국내자사몰,161500.0,,1
2025-12-03,2025-12,국내자사몰,129600.0,,1
2025-12-03,2025-12,국내자사몰,129600.0,,1
2025-12-03,2025-12,국내자사몰,116360.0,,1
2025-12-03,2025-12,국내자사몰,70380.0,,1
2025-12-03,2025-12,국내자사몰,110160.0,,1
2025-12-03,2025-12,국내자사몰,81000.0,,1
2025-12-03,2025-12,국내자사몰,308466.0,,4
2025-12-03,2025-12,국내자사몰,66470.0,,1
2025-12-03,2025-12,국내자사몰,129600.0,,1
2025-12-03,2025-12,국내자사몰,116640.0,,1
2025-12-03,2025-12,국내자사몰,82620.0,,1
2025-12-03,2025-12,국내자사몰,137275.0,,1
2025-12-03,2025-12,국내자사몰,110160.0,,1
2025-12-03,2025-12,국내자사몰,129600.0,,1
2025-12-03,2025-12,국내자사몰,107100.0,,1
2025-12-03,2025-12,해외자사몰,219820.0,151.6,1
2025-12-03,2025-12,해외자사몰,436450.0,301.0,3
2025-12-03,2025-12,해외자사몰,219820.0,151.6,1
2025-12-03,2025-12,해외자사몰,219820.0,151.6,1
2025-12-03,2025-12,해외자사몰,235770.0,162.6,2
2025-12-03,2025-12,해외자사몰,332847.5,229.55,3
2025-12-03,2025-12,해외자사몰,219820.0,151.6,1
2025-12-03,2025-12,해외자사몰,219820.0,151.6,1
2025-12-03,2025-12,해외자사몰,219820.0,151.6,1
2025-12-03,2025-12,해외자사몰,219820.0,151.6,1
2025-12-03,2025-12,해외자사몰,219820.0,151.6,1
2025-12-03,2025-12,해외자사몰,219820.0,151.6,1
2025-12-03,2025-12,해외자사몰,128542.5,88.65,1
2025-12-03,2025-12,해외자사몰,219820.0,151.6,1
2025-12-03,2025-12,해외자사몰,219820.0,151.6,1
2025-12-03,2025-12,해외자사몰,219820.0,151.6,1
2025-12-03,2025-12,해외자사몰,352640.0,243.2,2
2025-12-03,2025-12,해외자사몰,219820.0,151.6,1
2025-12-03,2025-12,해외자사몰,219820.0,151.6,1
2025-12-03,2025-12,해외자사몰,190820.0,131.6,1
2025-12-03,2025-12,해외자사몰,219820.0,151.6,1
2025-12-03,2025-12,해외자사몰,219820.0,151.6,1
2025-12-03,2025-12,해외자사몰,219820.0,151.6,1
2025-12-03,2025-12,해외자사몰,219820.0,151.6,1
2025-12-03,2025-12,해외자사몰,219820.0,151.6,1
2025-12-03,2025-12,해외자사몰,219820.0,151.6,1
2025-12-03,2025-12,해외자사몰,219820.0,151.6,1
2025-12-03,2025-12,해외자사몰,219820.0,151.6,1
2025-12-03,2025-12,해외자사몰,219820.0,151.6,1
2025-12-03,2025-12,해외자사몰,220400.0,152.0,1
2025-12-03,2025-12,해외자사몰,219820.0,151.6,1
2025-12-03,2025-12,해외자사몰,219820.0,151.6,1
2025-12-03,2025-12,해외자사몰,243020.0,167.6,1
2025-12-04,2025-12,국내자사몰,116640.0,,1
2025-12-04,2025-12,국내자사몰,129600.0,,1
2025-12-04,2025-12,국내자사몰,129200.0,,1
2025-12-04,2025-12,국내자사몰,110160.0,,1
2025-12-04,2025-12,국내자사몰,129600.0,,1
2025-12-04,2025-12,국내자사몰,62050.0,,1
2025-12-04,2025-12,국내자사몰,116640.0,,1
2025-12-04,2025-12,국내자사몰,116640.0,,1
2025-12-04,2025-12,국내자사몰,55845.0,,1
2025-12-04,2025-12,국내자사몰,145350.0,,1
2025-12-04,2025-12,국내자사몰,116640.0,,1
2025-12-04,2025-12,국내자사몰,116640.0,,1
2025-12-04,2025-12,국내자사몰,78200.0,,1
2025-12-04,2025-12,국내자사몰,176715.0,,3
2025-12-04,2025-12,국내자사몰,116640.0,,1
2025-12-04,2025-12,국내자사몰,110160.0,,1
2025-12-04,2025-12,국내자사몰,129600.0,,1
2025-12-04,2025-12,국내자사몰,140275.0,,1
2025-12-04,2025-12,국내자사몰,52743.0,,1
2025-12-04,2025-12,국내자사몰,110160.0,,1
2025-12-04,2025-12,국내자사몰,144500.0,,1
2025-12-04,2025-12,국내자사몰,78030.0,,1
2025-12-04,2025-12,국내자사몰,126225.0,,2
2025-12-04,2025-12,국내자사몰,106163.0,,1
2025-12-04,2025-12,국내자사몰,115515.0,,1
2025-12-04,2025-12,국내자사몰,123120.0,,1
2025-12-04,2025-12,해외자사몰,219820.0,151.6,1
2025-12-04,2025-12,해외자사몰,219820.0,151.6,1
2025-12-04,2025-12,해외자사몰,352640.0,243.2,2
2025-12-04,2025-12,해외자사몰,219820.0,151.6,1
2025-12-04,2025-12,해외자사몰,219820.0,151.6,1
2025-12-04,2025-12,해외자사몰,219820.0,151.6,1
2025-12-04,2025-12,해외자사몰,351335.0,242.3,2
2025-12-04,2025-12,해외자사몰,219820.0,151.6,1
2025-12-04,2025-12,해외자사몰,219820.0,151.6,1
2025-12-04,2025-12,해외자사몰,243020.0,167.6,1
2025-12-04,2025-12,해외자사몰,219820.0,151.6,1
2025-12-04,2025-12,해외자사몰,219820.0,151.6,1
2025-12-04,2025-12,해외자사몰,219820.0,151.6,1
2025-12-04,2025-12,해외자사몰,219820.0,151.6,1
2025-12-04,2025-12,해외자사몰,219820.0,151.6,1
2025-12-04,2025-12,해외자사몰,219820.0,151.6,1
2025-12-04,2025-12,해외자사몰,219820.0,151.6,1
2025-12-04,2025-12,해외자사몰,219820.0,151.6,1
2025-12-04,2025-12,해외자사몰,219820.0,151.6,1
2025-12-04,2025-12,해외자사몰,219820.0,151.6,1
2025-12-04,2025-12,해외자사몰,219820.0,151.6,1
2025-12-04,2025-12,해외자사몰,219820.0,151.6,1
2025-12-04,2025-12,해외자사몰,219820.0,151.6,1
2025-12-04,2025-12,해외자사몰,219820.0,151.6,1
2025-12-04,2025-12,해외자사몰,219820.0,151.6,1
2025-12-04,2025-12,해외자사몰,219820.0,151.6,1
2025-12-04,2025-12,해외자사몰,219820.0,151.6,1
2025-12-04,2025-12,해외자사몰,219820.0,151.6,1
2025-12-04,2025-12,해외자사몰,219820.0,151.6,1
2025-12-04,2025-12,해외자사몰,219820.0,151.6,1
2025-12-04,2025-12,해외자사몰,219820.0,151.6,1
2025-12-04,2025-12,해외자사몰,219820.0,151.6,1
2025-12-04,2025-12,해외자사몰,157180.0,108.4,1
2025-12-04,2025-12,해외자사몰,352640.0,243.2,2
2025-12-04,2025-12,해외자사몰,219820.0,151.6,1
2025-12-05,2025-12,국내자사몰,129600.0,,1
2025-12-05,2025-12,국내자사몰,103230.0,,1
2025-12-05,2025-12,국내자사몰,116640.0,,1
2025-12-05,2025-12,국내자사몰,110160.0,,1
2025-12-05,2025-12,국내자사몰,116640.0,,1
2025-12-05,2025-12,국내자사몰,330480.0,,3
2025-12-05,2025-12,국내자사몰,62050.0,,1
2025-12-05,2025-12,국내자사몰,116640.0,,1
2025-12-05,2025-12,국내자사몰,66470.0,,1
2025-12-05,2025-12,국내자사몰,110160.0,,1
2025-12-05,2025-12,국내자사몰,220320.0,,2
2025-12-05,2025-12,국내자사몰,110160.0,,1
2025-12-05,2025-12,국내자사몰,116640.0,,1
2025-12-05,2025-12,국내자사몰,116640.0,,1
2025-12-05,2025-12,국내자사몰,116640.0,,1
2025-12-05,2025-12,국내자사몰,129600.0,,1
2025-12-05,2025-12,국내자사몰,110160.0,,1
2025-12-05,2025-12,국내자사몰,55845.0,,1
2025-12-05,2025-12,국내자사몰,110160.0,,1
2025-12-05,2025-12,국내자사몰,171250.0,,2
2025-12-05,2025-12,국내자사몰,70380.0,,1
2025-12-05,2025-12,국내자사몰,65610.0,,1
2025-12-05,2025-12,국내자사몰,226282.0,,2
2025-12-05,2025-12,해외자사몰,219820.0,151.6,1
2025-12-05,2025-12,해외자사몰,332847.5,229.55,2
2025-12-05,2025-12,해외자사몰,219820.0,151.6,1
2025-12-05,2025-12,해외자사몰,200100.0,138.0,1
2025-12-05,2025-12,해외자사몰,200027.5,137.95,1
2025-12-05,2025-12,해외자사몰,351335.0,242.3,2
2025-12-05,2025-12,해외자사몰,219820.0,151.6,1
2025-12-05,2025-12,해외자사몰,243020.0,167.6,1
2025-12-05,2025-12,해외자사몰,352640.0,243.2,2
2025-12-05,2025-12,해외자사몰,219820.0,151.6,1
2025-12-05,2025-12,해외자사몰,219820.0,151.6,1
2025-12-05,2025-12,해외자사몰,219820.0,151.6,1
2025-12-05,2025-12,해외자사몰,352640.0,243.2,2
2025-12-05,2025-12,해외자사몰,219820.0,151.6,1
2025-12-05,2025-12,해외자사몰,219820.0,151.6,1
2025-12-05,2025-12,해외자사몰,219820.0,151.6,1
2025-12-05,2025-12,해외자사몰,219820.0,151.6,1
2025-12-05,2025-12,해외자사몰,299570.0,206.6,2
2025-12-05,2025-12,해외자사몰,219820.0,151.6,1
2025-12-05,2025-12,해외자사몰,219820.0,151.6,1
2025-12-05,2025-12,해외자사몰,352640.0,243.2,2
2025-12-05,2025-12,해외자사몰,219820.0,151.6,1
2025-12-05,2025-12,해외자사몰,157180.0,108.4,1
2025-12-05,2025-12,해외자사몰,290942.5,200.65,3
2025-12-05,2025-12,해외자사몰,219820.0,151.6,1
2025-12-05,2025-12,해외자사몰,219820.0,151.6,1
2025-12-05,2025-12,해외자사몰,219820.0,151.6,1
2025-12-05,2025-12,해외자사몰,219820.0,151.6,1
2025-12-05,2025-12,해외자사몰,219820.0,151.6,1
2025-12-05,2025-12,해외자사몰,219820.0,151.6,1
2025-12-06,2025-12,국내자사몰,116640.0,,1
2025-12-06,2025-12,국내자사몰,129600.0,,1
2025-12-06,2025-12,국내자사몰,52743.0,,1
2025-12-06,2025-12,국내자사몰,137275.0,,1
2025-12-06,2025-12,국내자사몰,200790.0,,2
2025-12-06,2025-12,국내자사몰,116640.0,,1
2025-12-06,2025-12,국내자사몰,110160.0,,1
2025-12-06,2025-12,국내자사몰,66470.0,,1
2025-12-06,2025-12,국내자사몰,161500.0,,1
2025-12-06,2025-12,국내자사몰,145350.0,,1
2025-12-06,2025-12,국내자사몰,145350.0,,1
2025-12-06,2025-12,국내자사몰,110160.0,,1
2025-12-06,2025-12,국내자사몰,129600.0,,1
2025-12-06,2025-12,국내자사몰,116640.0,,1
2025-12-06,2025-12,국내자사몰,157590.0,,2
2025-12-06,2025-12,국내자사몰,187425.0,,1
2025-12-06,2025-12,국내자사몰,110160.0,,1
2025-12-06,2025-12,국내자사몰,110160.0,,1
2025-12-06,2025-12,국내자사몰,116640.0,,1
2025-12-06,2025-12,국내자사몰,388000.0,,3
2025-12-06,2025-12,국내자사몰,110160.0,,1
2025-12-06,2025-12,국내자사몰,110160.0,,1
2025-12-06,2025-12,해외자사몰,352640.0,243.2,2
2025-12-06,2025-12,해외자사몰,219820.0,151.6,1
2025-12-06,2025-12,해외자사몰,219820.0,151.6,1
2025-12-06,2025-12,해외자사몰,219820.0,151.6,1
2025-12-06,2025-12,해외자사몰,243020.0,167.6,1
2025-12-06,2025-12,해외자사몰,219820.0,151.6,1
2025-12-06,2025-12,해외자사몰,219820.0,151.6,1
2025-12-06,2025-12,해외자사몰,352640.0,243.2,2
2025-12-06,2025-12,해외자사몰,219820.0,151.6,1
2025-12-06,2025-12,해외자사몰,190820.0,131.6,1
2025-12-06,2025-12,해외자사몰,352640.0,243.2,2
2025-12-06,2025-12,해외자사몰,219820.0,151.6,1
2025-12-06,2025-12,해외자사몰,305950.0,211.0,3
2025-12-06,2025-12,해외자사몰,219820.0,151.6,1
2025-12-06,2025-12,해외자사몰,114985.0,79.3,1
2025-12-06,2025-12,해외자사몰,219820.0,151.6,1
2025-12-06,2025-12,해외자사몰,219820.0,151.6,1
2025-12-06,2025-12,해외자사몰,352640.0,243.2,2
2025-12-06,2025-12,해외자사몰,200027.5,137.95,1
2025-12-06,2025-12,해외자사몰,219820.0,151.6,1
2025-12-06,2025-12,해외자사몰,218515.0,150.7,1
2025-12-06,2025-12,해외자사몰,190820.0,131.6,1
2025-12-06,2025-12,해외자사몰,219820.0,151.6,1
2025-12-06,2025-12,해외자사몰,190820.0,131.6,1
2025-12-06,2025-12,해외자사몰,219820.0,151.6,1
2025-12-06,2025-12,해외자사몰,218515.0,150.7,1
2025-12-06,2025-12,해외자사몰,290000.0,200.0,2
2025-12-06,2025-12,해외자사몰,219820.0,151.6,1
2025-12-06,2025-12,해외자사몰,219820.0,151.6,1
2025-12-06,2025-12,해외자사몰,219820.0,151.6,1
2025-12-06,2025-12,해외자사몰,544692.5,375.65,6
2025-12-06,2025-12,해외자사몰,219820.0,151.6,1
2025-12-06,2025-12,해외자사몰,219820.0,151.6,1
2025-12-06,2025-12,해외자사몰,218515.0,150.7,1
2025-12-06,2025-12,해외자사몰,219820.0,151.6,1
2025-12-06,2025-12,해외자사몰,219820.0,151.6,1
2025-12-06,2025-12,해외자사몰,218515.0,150.7,1
2025-12-06,2025-12,해외자사몰,290000.0,200.0,2
2025-12-06,2025-12,해외자사몰,219820.0,151.6,1
2025-12-06,2025-12,해외자사몰,219820.0,151.6,1
2025-12-06,2025-12,해외자사몰,243020.0,167.6,1
2025-12-06,2025-12,해외자사몰,218515.0,150.7,1
2025-12-06,2025-12,해외자사몰,219820.0,151.6,1
2025-12-07,2025-12,국내자사몰,66350.0,,1
2025-12-07,2025-12,국내자사몰,110160.0,,1
2025-12-07,2025-12,국내자사몰,116640.0,,1
2025-12-07,2025-12,국내자사몰,120870.0,,2
2025-12-07,2025-12,국내자사몰,129600.0,,1
2025-12-07,2025-12,국내자사몰,126225.0,,2
2025-12-07,2025-12,국내자사몰,56100.0,,1
2025-12-07,2025-12,국내자사몰,93070.0,,1
2025-12-07,2025-12,국내자사몰,116640.0,,1
2025-12-07,2025-12,국내자사몰,132218.0,,2
2025-12-07,2025-12,국내자사몰,220320.0,,2
2025-12-07,2025-12,국내자사몰,55845.0,,1
2025-12-07,2025-12,국내자사몰,116640.0,,1
2025-12-07,2025-12,국내자사몰,145350.0,,1
2025-12-07,2025-12,국내자사몰,101745.0,,1
2025-12-07,2025-12,국내자사몰,155550.0,,2
2025-12-07,2025-12,국내자사몰,110160.0,,1
2025-12-07,2025-12,국내자사몰,116640.0,,1
2025-12-07,2025-12,국내자사몰,116280.0,,1
2025-12-07,2025-12,국내자사몰,103230.0,,1
2025-12-07,2025-12,국내자사몰,110160.0,,1
2025-12-07,2025-12,해외자사몰,219820.0,151.6,1
2025-12-07,2025-12,해외자사몰,219820.0,151.6,1
2025-12-07,2025-12,해외자사몰,219820.0,151.6,1
2025-12-07,2025-12,해외자사몰,237075.0,163.5,2
2025-12-07,2025-12,해외자사몰,352640.0,243.2,2
2025-12-07,2025-12,해외자사몰,219820.0,151.6,1
2025-12-07,2025-12,해외자사몰,219820.0,151.6,1
2025-12-07,2025-12,해외자사몰,219820.0,151.6,1
2025-12-07,2025-12,해외자사몰,219820.0,151.6,1
2025-12-07,2025-12,해외자사몰,219820.0,151.6,1
2025-12-07,2025-12,해외자사몰,219820.0,151.6,1
2025-12-07,2025-12,해외자사몰,219820.0,151.6,1
2025-12-07,2025-12,해외자사몰,352640.0,243.2,2
2025-12-07,2025-12,해외자사몰,219820.0,151.6,1
2025-12-07,2025-12,해외자사몰,219820.0,151.6,1
2025-12-07,2025-12,해외자사몰,219820.0,151.6,1
2025-12-07,2025-12,해외자사몰,219820.0,151.6,1
2025-12-07,2025-12,해외자사몰,219820.0,151.6,1
2025-12-07,2025-12,해외자사몰,219820.0,151.6,1
2025-12-07,2025-12,해외자사몰,332920.0,229.6,2
2025-12-07,2025-12,해외자사몰,200100.0,138.0,1
2025-12-07,2025-12,해외자사몰,219820.0,151.6,1
2025-12-07,2025-12,해외자사몰,219820.0,151.6,1
2025-12-07,2025-12,해외자사몰,219820.0,151.6,1
2025-12-07,2025-12,해외자사몰,219820.0,151.6,1
2025-12-07,2025-12,해외자사몰,218515.0,150.7,1
2025-12-07,2025-12,해외자사몰,338937.5,233.75,5
2025-12-07,2025-12,해외자사몰,219820.0,151.6,1
2025-12-07,2025-12,해외자사몰,219820.0,151.6,1
2025-12-07,2025-12,해외자사몰,218515.0,150.7,1
2025-12-07,2025-12,해외자사몰,352640.0,243.2,2
2025-12-07,2025-12,해외자사몰,190820.0,131.6,1
2025-12-07,2025-12,해외자사몰,219820.0,151.6,1
2025-12-07,2025-12,해외자사몰,219820.0,151.6,1
2025-12-07,2025-12,해외자사몰,219820.0,151.6,1
2025-12-07,2025-12,해외자사몰,219820.0,151.6,1
2025-12-07,2025-12,해외자사몰,219820.0,151.6,1
2025-12-07,2025-12,해외자사몰,219820.0,151.6,1
2025-12-07,2025-12,해외자사몰,290000.0,200.0,2
2025-12-07,2025-12,해외자사몰,219820.0,151.6,1
2025-12-07,2025-12,해외자사몰,219820.0,151.6,1
2025-12-07,2025-12,해외자사몰,219820.0,151.6,1
2025-12-08,2025-12,국내자사몰,133238.0,,2
2025-12-08,2025-12,국내자사몰,52743.0,,1
2025-12-08,2025-12,국내자사몰,129600.0,,1
2025-12-08,2025-12,국내자사몰,44192.0,,1
2025-12-08,2025-12,국내자사몰,137275.0,,1
2025-12-08,2025-12,국내자사몰,116640.0,,1
2025-12-08,2025-12,국내자사몰,116640.0,,1
2025-12-08,2025-12,국내자사몰,129600.0,,1
2025-12-08,2025-12,국내자사몰,110160.0,,1
2025-12-08,2025-12,국내자사몰,116640.0,,1
2025-12-08,2025-12,국내자사몰,110160.0,,1
2025-12-08,2025-12,국내자사몰,211050.0,,3
2025-12-08,2025-12,국내자사몰,91692.0,,1
2025-12-08,2025-12,국내자사몰,116640.0,,1
2025-12-08,2025-12,국내자사몰,110160.0,,1
2025-12-08,2025-12,국내자사몰,110160.0,,1
2025-12-08,2025-12,국내자사몰,110160.0,,1
2025-12-08,2025-12,국내자사몰,110160.0,,1
2025-12-08,2025-12,국내자사몰,116640.0,,1
2025-12-08,2025-12,국내자사몰,129600.0,,1
2025-12-08,2025-12,국내자사몰,35130.0,,1
2025-12-08,2025-12,국내자사몰,116640.0,,1
2025-12-08,2025-12,국내자사몰,68850.0,,1
2025-12-08,2025-12,국내자사몰,50490.0,,1
2025-12-08,2025-12,국내자사몰,110160.0,,1
2025-12-08,2025-12,국내자사몰,116640.0,,1
2025-12-08,2025-12,국내자사몰,66470.0,,1
2025-12-08,2025-12,국내자사몰,456063.0,,4
2025-12-08,2025-12,국내자사몰,68850.0,,1
2025-12-08,2025-12,국내자사몰,72900.0,,1
2025-12-08,2025-12,해외자사몰,290551.0,200.38,4
2025-12-08,2025-12,해외자사몰,243020.0,167.6,1
2025-12-08,2025-12,해외자사몰,219820.0,151.6,1
2025-12-08,2025-12,해외자사몰,218515.0,150.7,1
2025-12-08,2025-12,해외자사몰,219820.0,151.6,1
2025-12-08,2025-12,해외자사몰,219820.0,151.6,1
2025-12-08,2025-12,해외자사몰,219820.0,151.6,1
2025-12-08,2025-12,해외자사몰,219820.0,151.6,1
2025-12-08,2025-12,해외자사몰,219820.0,151.6,1
2025-12-08,2025-12,해외자사몰,290000.0,200.0,2
2025-12-08,2025-12,해외자사몰,219820.0,151.6,1
2025-12-08,2025-12,해외자사몰,219820.0,151.6,1
2025-12-08,2025-12,해외자사몰,219820.0,151.6,1
2025-12-08,2025-12,해외자사몰,219820.0,151.6,1
2025-12-08,2025-12,해외자사몰,219820.0,151.6,1
2025-12-08,2025-12,해외자사몰,219820.0,151.6,1
2025-12-08,2025-12,해외자사몰,219820.0,151.6,1
2025-12-08,2025-12,해외자사몰,219820.0,151.6,1
2025-12-08,2025-12,해외자사몰,352640.0,243.2,2
2025-12-08,2025-12,해외자사몰,352640.0,243.2,2
2025-12-08,2025-12,해외자사몰,371055.0,255.9,2
2025-12-08,2025-12,해외자사몰,291885.0,201.3,4
2025-12-08,2025-12,해외자사몰,218515.0,150.7,1
2025-12-08,2025-12,해외자사몰,219820.0,151.6,1
2025-12-08,2025-12,해외자사몰,219820.0,151.6,1
2025-12-08,2025-12,해외자사몰,509167.5,351.15,3
2025-12-08,2025-12,해외자사몰,219820.0,151.6,1
2025-12-08,2025-12,해외자사몰,219820.0,151.6,1
2025-12-08,2025-12,해외자사몰,219820.0,151.6,1
2025-12-08,2025-12,해외자사몰,219820.0,151.6,1
2025-12-08,2025-12,해외자사몰,219820.0,151.6,1
2025-12-08,2025-12,해외자사몰,219820.0,151.6,1
2025-12-08,2025-12,해외자사몰,219820.0,151.6,1
2025-12-08,2025-12,해외자사몰,219820.0,151.6,1
2025-12-08,2025-12,해외자사몰,145580.0,100.4,1
2025-12-08,2025-12,해외자사몰,219820.0,151.6,1
2025-12-08,2025-12,해외자사몰,219820.0,151.6,1
2025-12-08,2025-12,해외자사몰,219820.0,151.6,1
2025-12-08,2025-12,해외자사몰,219820.0,151.6,1
2025-12-08,2025-12,해외자사몰,219820.0,151.6,1
2025-12-08,2025-12,해외자사몰,219820.0,151.6,1
2025-12-08,2025-12,해외자사몰,219820.0,151.6,1
2025-12-08,2025-12,해외자사몰,219820.0,151.6,1
2025-12-08,2025-12,해외자사몰,218515.0,150.7,1
2025-12-08,2025-12,해외자사몰,219820.0,151.6,1
2025-12-08,2025-12,해외자사몰,219820.0,151.6,1
2025-12-08,2025-12,해외자사몰,219820.0,151.6,1
2025-12-08,2025-12,해외자사몰,219820.0,151.6,1
2025-12-08,2025-12,해외자사몰,219820.0,151.6,1
2025-12-08,2025-12,해외자사몰,243020.0,167.6,1
2025-12-08,2025-12,해외자사몰,219820.0,151.6,1
2025-12-08,2025-12,해외자사몰,219820.0,151.6,1
2025-12-08,2025-12,해외자사몰,219820.0,151.6,1
2025-12-08,2025-12,해외자사몰,219820.0,151.6,1
2025-12-09,2025-12,국내자사몰,330480.0,,3
2025-12-09,2025-12,국내자사몰,440640.0,,4
2025-12-09,2025-12,국내자사몰,110160.0,,1
2025-12-09,2025-12,국내자사몰,129600.0,,1
2025-12-09,2025-12,국내자사몰,109217.0,,1
2025-12-09,2025-12,국내자사몰,55845.0,,1
2025-12-09,2025-12,국내자사몰,129600.0,,1
2025-12-09,2025-12,국내자사몰,56100.0,,1
2025-12-09,2025-12,국내자사몰,190018.0,,2
2025-12-09,2025-12,국내자사몰,55845.0,,1
2025-12-09,2025-12,국내자사몰,109820.0,,1
2025-12-09,2025-12,국내자사몰,110160.0,,1
2025-12-09,2025-12,국내자사몰,109820.0,,1
2025-12-09,2025-12,국내자사몰,105827.0,,1
2025-12-09,2025-12,국내자사몰,55845.0,,1
2025-12-09,2025-12,국내자사몰,382500.0,,5
2025-12-09,2025-12,국내자사몰,330816.0,,3
2025-12-09,2025-12,국내자사몰,59939.0,,1
2025-12-09,2025-12,국내자사몰,129600.0,,1
2025-12-09,2025-12,국내자사몰,233280.0,,2
2025-12-09,2025-12,해외자사몰,218515.0,150.7,1
2025-12-09,2025-12,해외자사몰,219820.0,151.6,1
2025-12-09,2025-12,해외자사몰,290000.0,200.0,2
2025-12-09,2025-12,해외자사몰,219820.0,151.6,1
2025-12-09,2025-12,해외자사몰,218515.0,150.7,1
2025-12-09,2025-12,해외자사몰,219820.0,151.6,1
2025-12-09,2025-12,해외자사몰,219820.0,151.6,1
2025-12-09,2025-12,해외자사몰,219820.0,151.6,1
2025-12-09,2025-12,해외자사몰,352640.0,243.2,2
2025-12-09,2025-12,해외자사몰,219820.0,151.6,1
2025-12-09,2025-12,해외자사몰,351335.0,242.3,2
2025-12-09,2025-12,해외자사몰,219820.0,151.6,1
2025-12-09,2025-12,해외자사몰,219820.0,151.6,1
2025-12-09,2025-12,해외자사몰,218515.0,150.7,1
2025-12-09,2025-12,해외자사몰,346840.0,239.2,2
2025-12-09,2025-12,해외자사몰,219820.0,151.6,1
2025-12-09,2025-12,해외자사몰,219820.0,151.6,1
2025-12-09,2025-12,해외자사몰,219820.0,151.6,1
2025-12-09,2025-12,해외자사몰,307835.0,212.3,3
2025-12-09,2025-12,해외자사몰,89102.5,61.45,1
2025-12-09,2025-12,해외자사몰,200027.5,137.95,1
2025-12-09,2025-12,해외자사몰,219820.0,151.6,1
2025-12-09,2025-12,해외자사몰,219820.0,151.6,1
2025-12-09,2025-12,해외자사몰,219820.0,151.6,1
2025-12-09,2025-12,해외자사몰,200027.5,137.95,1
2025-12-09,2025-12,해외자사몰,219820.0,151.6,1
2025-12-09,2025-12,해외자사몰,219820.0,151.6,1
2025-12-09,2025-12,해외자사몰,219820.0,151.6,1
2025-12-09,2025-12,해외자사몰,219820.0,151.6,1
2025-12-09,2025-12,해외자사몰,219820.0,151.6,1
2025-12-09,2025-12,해외자사몰,219820.0,151.6,1
2025-12-09,2025-12,해외자사몰,219820.0,151.6,1
2025-12-09,2025-12,해외자사몰,219820.0,151.6,1
2025-12-09,2025-12,해외자사몰,219820.0,151.6,1
2025-12-09,2025-12,해외자사몰,219820.0,151.6,1
2025-12-09,2025-12,해외자사몰,219820.0,151.6,1
2025-12-09,2025-12,해외자사몰,219820.0,151.6,1
2025-12-09,2025-12,해외자사몰,219820.0,151.6,1
2025-12-09,2025-12,해외자사몰,219820.0,151.6,1
2025-12-09,2025-12,해외자사몰,219820.0,151.6,1
2025-12-09,2025-12,해외자사몰,387005.0,266.9,3
2025-12-09,2025-12,해외자사몰,219820.0,151.6,1
2025-12-09,2025-12,해외자사몰,219820.0,151.6,1
2025-12-09,2025-12,해외자사몰,219820.0,151.6,1
2025-12-09,2025-12,해외자사몰,375840.0,259.2,2
2025-12-09,2025-12,해외자사몰,219820.0,151.6,1
2025-12-09,2025-12,해외자사몰,219820.0,151.6,1
2025-12-09,2025-12,해외자사몰,219820.0,151.6,1
2025-12-09,2025-12,해외자사몰,219820.0,151.6,1
2025-12-09,2025-12,해외자사몰,219820.0,151.6,1
2025-12-09,2025-12,해외자사몰,219820.0,151.6,1
2025-12-09,2025-12,해외자사몰,219820.0,151.6,1
2025-12-10,2025-12,국내자사몰,72900.0,,1
2025-12-10,2025-12,국내자사몰,259200.0,,2
2025-12-10,2025-12,국내자사몰,82620.0,,1
2025-12-10,2025-12,국내자사몰,129600.0,,1
2025-12-10,2025-12,국내자사몰,161500.0,,1
2025-12-10,2025-12,국내자사몰,116640.0,,1
2025-12-10,2025-12,국내자사몰,116640.0,,1
2025-12-10,2025-12,국내자사몰,110160.0,,1
2025-12-10,2025-12,국내자사몰,62050.0,,1
2025-12-10,2025-12,국내자사몰,164348.0,,2
2025-12-10,2025-12,국내자사몰,116640.0,,1
2025-12-10,2025-12,국내자사몰,50490.0,,1
2025-12-10,2025-12,국내자사몰,55845.0,,1
2025-12-10,2025-12,국내자사몰,144500.0,,1
2025-12-10,2025-12,국내자사몰,110160.0,,1
2025-12-10,2025-12,국내자사몰,116640.0,,1
2025-12-10,2025-12,국내자사몰,233280.0,,2
2025-12-10,2025-12,국내자사몰,116640.0,,1
2025-12-10,2025-12,국내자사몰,50490.0,,1
2025-12-10,2025-12,국내자사몰,66470.0,,1
2025-12-10,2025-12,해외자사몰,219820.0,151.6,1
2025-12-10,2025-12,해외자사몰,219820.0,151.6,1
2025-12-10,2025-12,해외자사몰,219820.0,151.6,1
2025-12-10,2025-12,해외자사몰,219820.0,151.6,1
2025-12-10,2025-12,해외자사몰,219820.0,151.6,1
2025-12-10,2025-12,해외자사몰,219820.0,151.6,1
2025-12-10,2025-12,해외자사몰,219820.0,151.6,1
2025-12-10,2025-12,해외자사몰,219820.0,151.6,1
2025-12-10,2025-12,해외자사몰,219820.0,151.6,1
2025-12-10,2025-12,해외자사몰,219820.0,151.6,1
2025-12-10,2025-12,해외자사몰,332920.0,229.6,2
2025-12-10,2025-12,해외자사몰,219820.0,151.6,1
2025-12-10,2025-12,해외자사몰,219820.0,151.6,1
2025-12-10,2025-12,해외자사몰,219820.0,151.6,1
2025-12-10,2025-12,해외자사몰,219820.0,151.6,1
2025-12-10,2025-12,해외자사몰,219820.0,151.6,1
2025-12-10,2025-12,해외자사몰,219820.0,151.6,1
2025-12-10,2025-12,해외자사몰,219820.0,151.6,1
2025-12-10,2025-12,해외자사몰,218515.0,150.7,1
2025-12-10,2025-12,해외자사몰,351335.0,242.3,2
2025-12-10,2025-12,해외자사몰,375840.0,259.2,2
2025-12-10,2025-12,해외자사몰,219820.0,151.6,1
2025-12-10,2025-12,해외자사몰,218515.0,150.7,1
2025-12-10,2025-12,해외자사몰,219820.0,151.6,1
2025-12-10,2025-12,해외자사몰,219820.0,151.6,1
2025-12-10,2025-12,해외자사몰,332847.5,229.55,2
2025-12-10,2025-12,해외자사몰,219820.0,151.6,1
2025-12-10,2025-12,해외자사몰,219820.0,151.6,1
2025-12-10,2025-12,해외자사몰,219820.0,151.6,1
2025-12-10,2025-12,해외자사몰,219820.0,151.6,1
2025-12-10,2025-12,해외자사몰,219820.0,151.6,1
2025-12-10,2025-12,해외자사몰,322770.0,222.6,2
2025-12-10,2025-12,해외자사몰,352640.0,243.2,2
2025-12-10,2025-12,해외자사몰,219820.0,151.6,1
2025-12-10,2025-12,해외자사몰,219820.0,151.6,1
2025-12-10,2025-12,해외자사몰,219820.0,151.6,1
2025-12-10,2025-12,해외자사몰,200100.0,138.0,1
2025-12-10,2025-12,해외자사몰,219820.0,151.6,1
2025-12-11,2025-12,국내자사몰,110160.0,,1
2025-12-11,2025-12,국내자사몰,66470.0,,1
2025-12-11,2025-12,국내자사몰,66470.0,,1
2025-12-11,2025-12,국내자사몰,116640.0,,1
2025-12-11,2025-12,국내자사몰,233280.0,,2
2025-12-11,2025-12,국내자사몰,245855.0,,3
2025-12-11,2025-12,국내자사몰,66470.0,,1
2025-12-11,2025-12,국내자사몰,66470.0,,1
2025-12-11,2025-12,국내자사몰,55845.0,,1
2025-12-11,2025-12,국내자사몰,53490.0,,1
2025-12-11,2025-12,국내자사몰,109820.0,,1
2025-12-11,2025-12,국내자사몰,116640.0,,1
2025-12-11,2025-12,국내자사몰,214320.0,,2
2025-12-11,2025-12,국내자사몰,116640.0,,1
2025-12-11,2025-12,국내자사몰,116640.0,,1
2025-12-11,2025-12,국내자사몰,65610.0,,1
2025-12-11,2025-12,국내자사몰,116640.0,,1
2025-12-11,2025-12,국내자사몰,116640.0,,1
2025-12-11,2025-12,국내자사몰,161500.0,,1
2025-12-11,2025-12,국내자사몰,116640.0,,1
2025-12-11,2025-12,국내자사몰,116640.0,,1
2025-12-11,2025-12,국내자사몰,52743.0,,1
2025-12-11,2025-12,국내자사몰,191250.0,,2
2025-12-11,2025-12,국내자사몰,119213.0,,2
2025-12-11,2025-12,국내자사몰,99450.0,,1
2025-12-11,2025-12,국내자사몰,68850.0,,1
2025-12-11,2025-12,국내자사몰,169132.0,,3
2025-12-11,2025-12,국내자사몰,116640.0,,1
2025-12-11,2025-12,해외자사몰,352640.0,243.2,2
2025-12-11,2025-12,해외자사몰,219820.0,151.6,1
2025-12-11,2025-12,해외자사몰,219820.0,151.6,1
2025-12-11,2025-12,해외자사몰,218515.0,150.7,1
2025-12-11,2025-12,해외자사몰,219820.0,151.6,1
2025-12-11,2025-12,해외자사몰,352640.0,243.2,2
2025-12-11,2025-12,해외자사몰,235770.0,162.6,2
2025-12-11,2025-12,해외자사몰,219820.0,151.6,1
2025-12-11,2025-12,해외자사몰,219820.0,151.6,1
2025-12-11,2025-12,해외자사몰,219820.0,151.6,1
2025-12-11,2025-12,해외자사몰,219820.0,151.6,1
2025-12-11,2025-12,해외자사몰,346840.0,239.2,2
2025-12-11,2025-12,해외자사몰,219820.0,151.6,1
2025-12-11,2025-12,해외자사몰,219820.0,151.6,1
2025-12-11,2025-12,해외자사몰,218515.0,150.7,1
2025-12-11,2025-12,해외자사몰,219820.0,151.6,1
2025-12-11,2025-12,해외자사몰,302876.0,208.88,4
2025-12-11,2025-12,해외자사몰,219820.0,151.6,1
2025-12-11,2025-12,해외자사몰,219820.0,151.6,1
2025-12-11,2025-12,해외자사몰,169215.0,116.7,1
2025-12-11,2025-12,해외자사몰,219820.0,151.6,1
2025-12-11,2025-12,해외자사몰,219820.0,151.6,1
2025-12-11,2025-12,해외자사몰,200100.0,138.0,1
2025-12-11,2025-12,해외자사몰,219820.0,151.6,1
2025-12-11,2025-12,해외자사몰,219820.0,151.6,1
2025-12-11,2025-12,해외자사몰,219820.0,151.6,1
2025-12-11,2025-12,해외자사몰,316825.0,218.5,3
2025-12-11,2025-12,해외자사몰,219820.0,151.6,1
2025-12-11,2025-12,해외자사몰,219820.0,151.6,1
2025-12-11,2025-12,해외자사몰,157180.0,108.4,1
2025-12-11,2025-12,해외자사몰,219820.0,151.6,1
2025-12-12,2025-12,국내자사몰,78200.0,,1
2025-12-12,2025-12,국내자사몰,116280.0,,1
2025-12-12,2025-12,국내자사몰,491895.0,,5
2025-12-12,2025-12,국내자사몰,105300.0,,1
2025-12-12,2025-12,국내자사몰,116640.0,,1
2025-12-12,2025-12,국내자사몰,116640.0,,1
2025-12-12,2025-12,국내자사몰,191250.0,,2
2025-12-12,2025-12,국내자사몰,105300.0,,1
2025-12-12,2025-12,국내자사몰,140250.0,,2
2025-12-12,2025-12,국내자사몰,116640.0,,1
2025-12-12,2025-12,국내자사몰,57375.0,,1
2025-12-12,2025-12,국내자사몰,66470.0,,1
2025-12-12,2025-12,국내자사몰,116640.0,,1
2025-12-12,2025-12,국내자사몰,110160.0,,1
2025-12-12,2025-12,국내자사몰,110160.0,,1
2025-12-12,2025-12,국내자사몰,116640.0,,1
2025-12-12,2025-12,국내자사몰,116640.0,,1
2025-12-12,2025-12,국내자사몰,116640.0,,1
2025-12-12,2025-12,국내자사몰,101745.0,,1
2025-12-12,2025-12,해외자사몰,219820.0,151.6,1
2025-12-12,2025-12,해외자사몰,196330.0,135.4,1
2025-12-12,2025-12,해외자사몰,219820.0,151.6,1
2025-12-12,2025-12,해외자사몰,219820.0,151.6,1
2025-12-12,2025-12,해외자사몰,271512.5,187.25,1
2025-12-12,2025-12,해외자사몰,219820.0,151.6,1
2025-12-12,2025-12,해외자사몰,219820.0,151.6,1
2025-12-12,2025-12,해외자사몰,219820.0,151.6,1
2025-12-12,2025-12,해외자사몰,218515.0,150.7,1
2025-12-12,2025-12,해외자사몰,219820.0,151.6,1
2025-12-12,2025-12,해외자사몰,352640.0,243.2,2
2025-12-12,2025-12,해외자사몰,219820.0,151.6,1
2025-12-12,2025-12,해외자사몰,219820.0,151.6,1
2025-12-12,2025-12,해외자사몰,219820.0,151.6,1
2025-12-12,2025-12,해외자사몰,219820.0,151.6,1
2025-12-12,2025-12,해외자사몰,219820.0,151.6,1
2025-12-12,2025-12,해외자사몰,219820.0,151.6,1
2025-12-12,2025-12,해외자사몰,219820.0,151.6,1
2025-12-12,2025-12,해외자사몰,218515.0,150.7,1
2025-12-12,2025-12,해외자사몰,200027.5,137.95,1
2025-12-12,2025-12,해외자사몰,243020.0,167.6,1
2025-12-12,2025-12,해외자사몰,219820.0,151.6,1
2025-12-12,2025-12,해외자사몰,526350.0,363.0,3
2025-12-12,2025-12,해외자사몰,219820.0,151.6,1
2025-12-12,2025-12,해외자사몰,219820.0,151.6,1
2025-12-12,2025-12,해외자사몰,290000.0,200.0,2
2025-12-12,2025-12,해외자사몰,219820.0,151.6,1
2025-12-12,2025-12,해외자사몰,200027.5,137.95,1
2025-12-12,2025-12,해외자사몰,219820.0,151.6,1
2025-12-12,2025-12,해외자사몰,219820.0,151.6,1
2025-12-12,2025-12,해외자사몰,219820.0,151.6,1
2025-12-13,2025-12,국내자사몰,105300.0,,1
2025-12-13,2025-12,국내자사몰,126101.0,,1
2025-12-13,2025-12,국내자사몰,135405.0,,2
2025-12-13,2025-12,국내자사몰,110079.0,,1
2025-12-13,2025-12,국내자사몰,116640.0,,1
2025-12-13,2025-12,국내자사몰,116640.0,,1
2025-12-13,2025-12,국내자사몰,129600.0,,1
2025-12-13,2025-12,국내자사몰,101745.0,,1
2025-12-13,2025-12,국내자사몰,104763.0,,1
2025-12-13,2025-12,국내자사몰,189540.0,,2
2025-12-13,2025-12,국내자사몰,340425.0,,4
2025-12-13,2025-12,국내자사몰,196860.0,,2
2025-12-13,2025-12,국내자사몰,81000.0,,1
2025-12-13,2025-12,국내자사몰,110925.0,,1
2025-12-13,2025-12,국내자사몰,116640.0,,1
2025-12-13,2025-12,국내자사몰,93500.0,,1
2025-12-13,2025-12,국내자사몰,116640.0,,1
2025-12-13,2025-12,국내자사몰,65700.0,,1
2025-12-13,2025-12,국내자사몰,129600.0,,1
2025-12-13,2025-12,국내자사몰,110160.0,,1
2025-12-13,2025-12,국내자사몰,70380.0,,1
2025-12-13,2025-12,해외자사몰,219820.0,151.6,1
2025-12-13,2025-12,해외자사몰,200027.5,137.95,1
2025-12-13,2025-12,해외자사몰,219820.0,151.6,1
2025-12-13,2025-12,해외자사몰,219820.0,151.6,1
2025-12-13,2025-12,해외자사몰,219820.0,151.6,1
2025-12-13,2025-12,해외자사몰,230840.0,159.2,1
2025-12-13,2025-12,해외자사몰,652210.0,449.8,3
2025-12-13,2025-12,해외자사몰,196330.0,135.4,1
2025-12-13,2025-12,해외자사몰,219820.0,151.6,1
2025-12-13,2025-12,해외자사몰,219820.0,151.6,1
2025-12-13,2025-12,해외자사몰,230840.0,159.2,1
2025-12-13,2025-12,해외자사몰,219820.0,151.6,1
2025-12-13,2025-12,해외자사몰,219820.0,151.6,1
2025-12-13,2025-12,해외자사몰,218515.0,150.7,1
2025-12-13,2025-12,해외자사몰,374680.0,258.4,2
2025-12-13,2025-12,해외자사몰,219820.0,151.6,1
2025-12-13,2025-12,해외자사몰,219820.0,151.6,1
2025-12-13,2025-12,해외자사몰,181540.0,125.2,1
2025-12-13,2025-12,해외자사몰,219820.0,151.6,1
2025-12-13,2025-12,해외자사몰,219820.0,151.6,1
2025-12-13,2025-12,해외자사몰,230840.0,159.2,1
2025-12-13,2025-12,해외자사몰,219820.0,151.6,1
2025-12-13,2025-12,해외자사몰,219820.0,151.6,1
2025-12-13,2025-12,해외자사몰,351335.0,242.3,2
2025-12-13,2025-12,해외자사몰,219820.0,151.6,1
2025-12-13,2025-12,해외자사몰,219820.0,151.6,1
2025-12-13,2025-12,해외자사몰,380842.5,262.65,2
2025-12-13,2025-12,해외자사몰,219820.0,151.6,1
2025-12-13,2025-12,해외자사몰,219820.0,151.6,1
2025-12-13,2025-12,해외자사몰,219820.0,151.6,1
2025-12-13,2025-12,해외자사몰,219820.0,151.6,1
2025-12-13,2025-12,해외자사몰,272759.5,188.11,3
2025-12-13,2025-12,해외자사몰,219820.0,151.6,1
2025-12-13,2025-12,해외자사몰,219820.0,151.6,1
2025-12-13,2025-12,해외자사몰,219820.0,151.6,1
2025-12-14,2025-12,국내자사몰,116640.0,,1
2025-12-14,2025-12,국내자사몰,117045.0,,1
2025-12-14,2025-12,국내자사몰,123930.0,,1
2025-12-14,2025-12,국내자사몰,70380.0,,1
2025-12-14,2025-12,국내자사몰,94800.0,,1
2025-12-14,2025-12,국내자사몰,58500.0,,1
2025-12-14,2025-12,국내자사몰,110160.0,,1
2025-12-14,2025-12,국내자사몰,103230.0,,1
2025-12-14,2025-12,국내자사몰,290700.0,,2
2025-12-14,2025-12,국내자사몰,129600.0,,1
2025-12-14,2025-12,국내자사몰,123930.0,,1
2025-12-14,2025-12,국내자사몰,171233.0,,2
2025-12-14,2025-12,국내자사몰,30859.0,,1
2025-12-14,2025-12,국내자사몰,184700.0,,2
2025-12-14,2025-12,국내자사몰,119560.0,,1
2025-12-14,2025-12,국내자사몰,116640.0,,1
2025-12-14,2025-12,국내자사몰,116640.0,,1
2025-12-14,2025-12,국내자사몰,110160.0,,1
2025-12-14,2025-12,국내자사몰,110160.0,,1
2025-12-14,2025-12,국내자사몰,116640.0,,1
2025-12-14,2025-12,국내자사몰,140760.0,,2
2025-12-14,2025-12,국내자사몰,220320.0,,2
2025-12-14,2025-12,국내자사몰,56100.0,,1
2025-12-14,2025-12,국내자사몰,233280.0,,2
2025-12-14,2025-12,국내자사몰,129600.0,,1
2025-12-14,2025-12,해외자사몰,219820.0,151.6,1
2025-12-14,2025-12,해외자사몰,219820.0,151.6,1
2025-12-14,2025-12,해외자사몰,219820.0,151.6,1
2025-12-14,2025-12,해외자사몰,352640.0,243.2,2
2025-12-14,2025-12,해외자사몰,196330.0,135.4,1
2025-12-14,2025-12,해외자사몰,352640.0,243.2,2
2025-12-14,2025-12,해외자사몰,219820.0,151.6,1
2025-12-14,2025-12,해외자사몰,200027.5,137.95,1
2025-12-14,2025-12,해외자사몰,271512.5,187.25,1
2025-12-14,2025-12,해외자사몰,219820.0,151.6,1
2025-12-14,2025-12,해외자사몰,196330.0,135.4,1
2025-12-14,2025-12,해외자사몰,219820.0,151.6,1
2025-12-14,2025-12,해외자사몰,299860.0,206.8,2
2025-12-14,2025-12,해외자사몰,218515.0,150.7,1
2025-12-14,2025-12,해외자사몰,219820.0,151.6,1
2025-12-14,2025-12,해외자사몰,219820.0,151.6,1
2025-12-14,2025-12,해외자사몰,219820.0,151.6,1
2025-12-14,2025-12,해외자사몰,218515.0,150.7,1
2025-12-14,2025-12,해외자사몰,219820.0,151.6,1
2025-12-14,2025-12,해외자사몰,302035.0,208.3,2
2025-12-14,2025-12,해외자사몰,219820.0,151.6,1
2025-12-14,2025-12,해외자사몰,352640.0,243.2,2
2025-12-14,2025-12,해외자사몰,196330.0,135.4,1
2025-12-14,2025-12,해외자사몰,219820.0,151.6,1
2025-12-14,2025-12,해외자사몰,219820.0,151.6,1
2025-12-14,2025-12,해외자사몰,218515.0,150.7,1
2025-12-14,2025-12,해외자사몰,219820.0,151.6,1
2025-12-14,2025-12,해외자사몰,352640.0,243.2,2
2025-12-14,2025-12,해외자사몰,219820.0,151.6,1
2025-12-14,2025-12,해외자사몰,196330.0,135.4,1
2025-12-14,2025-12,해외자사몰,219820.0,151.6,1
2025-12-14,2025-12,해외자사몰,219820.0,151.6,1
2025-12-14,2025-12,해외자사몰,230840.0,159.2,1
2025-12-14,2025-12,해외자사몰,219820.0,151.6,1
2025-12-14,2025-12,해외자사몰,196330.0,135.4,1
2025-12-14,2025-12,해외자사몰,219820.0,151.6,1
2025-12-14,2025-12,해외자사몰,219820.0,151.6,1
2025-12-14,2025-12,해외자사몰,200027.5,137.95,1
2025-12-14,2025-12,해외자사몰,157180.0,108.4,1
2025-12-14,2025-12,해외자사몰,196330.0,135.4,1
2025-12-14,2025-12,해외자사몰,219820.0,151.6,1
2025-12-14,2025-12,해외자사몰,196330.0,135.4,1
2025-12-14,2025-12,해외자사몰,196330.0,135.4,1
2025-12-14,2025-12,해외자사몰,219820.0,151.6,1
2025-12-14,2025-12,해외자사몰,219820.0,151.6,1
2025-12-14,2025-12,해외자사몰,293480.0,202.4,2
2025-12-14,2025-12,해외자사몰,219820.0,151.6,1
2025-12-14,2025-12,해외자사몰,112520.0,77.6,1
2025-12-14,2025-12,해외자사몰,219820.0,151.6,1
2025-12-14,2025-12,해외자사몰,253025.0,174.5,1
2025-12-14,2025-12,해외자사몰,219820.0,151.6,1
2025-12-14,2025-12,해외자사몰,219820.0,151.6,1
2025-12-14,2025-12,해외자사몰,219820.0,151.6,1
2025-12-14,2025-12,해외자사몰,114985.0,79.3,1
2025-12-15,2025-12,국내자사몰,545700.0,,4
2025-12-15,2025-12,국내자사몰,129600.0,,1
2025-12-15,2025-12,국내자사몰,116640.0,,1
2025-12-15,2025-12,국내자사몰,47685.0,,1
2025-12-15,2025-12,국내자사몰,50490.0,,1
2025-12-15,2025-12,국내자사몰,99450.0,,1
2025-12-15,2025-12,국내자사몰,234900.0,,1
2025-12-15,2025-12,국내자사몰,50490.0,,1
2025-12-15,2025-12,국내자사몰,676353.0,,6
2025-12-15,2025-12,국내자사몰,167130.0,,2
2025-12-15,2025-12,국내자사몰,110160.0,,1
2025-12-15,2025-12,국내자사몰,56189.0,,2
2025-12-15,2025-12,국내자사몰,145350.0,,1
2025-12-15,2025-12,국내자사몰,116640.0,,1
2025-12-15,2025-12,국내자사몰,116640.0,,1
2025-12-15,2025-12,국내자사몰,116640.0,,1
2025-12-15,2025-12,국내자사몰,161500.0,,1
2025-12-15,2025-12,국내자사몰,116640.0,,1
2025-12-15,2025-12,국내자사몰,137275.0,,1
2025-12-15,2025-12,국내자사몰,47252.0,,1
2025-12-15,2025-12,국내자사몰,126600.0,,1
2025-12-15,2025-12,국내자사몰,151725.0,,1
2025-12-15,2025-12,국내자사몰,109820.0,,1
2025-12-15,2025-12,해외자사몰,612915.0,422.7,5
2025-12-15,2025-12,해외자사몰,219820.0,151.6,1
2025-12-15,2025-12,해외자사몰,219820.0,151.6,1
2025-12-15,2025-12,해외자사몰,429200.0,296.0,2
2025-12-15,2025-12,해외자사몰,196330.0,135.4,1
2025-12-15,2025-12,해외자사몰,219820.0,151.6,1
2025-12-15,2025-12,해외자사몰,196330.0,135.4,1
2025-12-15,2025-12,해외자사몰,422747.5,291.55,2
2025-12-15,2025-12,해외자사몰,230840.0,159.2,1
2025-12-15,2025-12,해외자사몰,219820.0,151.6,1
2025-12-15,2025-12,해외자사몰,539980.0,372.4,3
2025-12-15,2025-12,해외자사몰,219820.0,151.6,1
2025-12-15,2025-12,해외자사몰,196330.0,135.4,1
2025-12-15,2025-12,해외자사몰,196330.0,135.4,1
2025-12-15,2025-12,해외자사몰,196330.0,135.4,1
2025-12-15,2025-12,해외자사몰,219820.0,151.6,1
2025-12-15,2025-12,해외자사몰,196330.0,135.4,1
2025-12-15,2025-12,해외자사몰,219820.0,151.6,1
2025-12-15,2025-12,해외자사몰,230840.0,159.2,1
2025-12-15,2025-12,해외자사몰,219820.0,151.6,1
2025-12-15,2025-12,해외자사몰,469437.5,323.75,2
2025-12-15,2025-12,해외자사몰,219820.0,151.6,1
2025-12-15,2025-12,해외자사몰,230840.0,159.2,1
2025-12-15,2025-12,해외자사몰,219820.0,151.6,1
2025-12-15,2025-12,해외자사몰,218515.0,150.7,1
2025-12-15,2025-12,해외자사몰,145580.0,100.4,1
2025-12-15,2025-12,해외자사몰,340170.0,234.6,2
2025-12-15,2025-12,해외자사몰,196330.0,135.4,1
2025-12-15,2025-12,해외자사몰,219820.0,151.6,1
2025-12-15,2025-12,해외자사몰,271512.5,187.25,1
2025-12-15,2025-12,해외자사몰,219820.0,151.6,1
2025-12-15,2025-12,해외자사몰,196330.0,135.4,1
2025-12-15,2025-12,해외자사몰,219820.0,151.6,1
2025-12-15,2025-12,해외자사몰,200027.5,137.95,1
2025-12-15,2025-12,해외자사몰,196330.0,135.4,1
2025-12-15,2025-12,해외자사몰,219820.0,151.6,1
2025-12-15,2025-12,해외자사몰,329150.0,227.0,2
2025-12-15,2025-12,해외자사몰,271512.5,187.25,1
2025-12-15,2025-12,해외자사몰,219820.0,151.6,1
2025-12-15,2025-12,해외자사몰,219820.0,151.6,1
2025-12-15,2025-12,해외자사몰,219820.0,151.6,1
2025-12-15,2025-12,해외자사몰,218515.0,150.7,1
2025-12-15,2025-12,해외자사몰,219820.0,151.6,1
2025-12-15,2025-12,해외자사몰,219820.0,151.6,1
2025-12-15,2025-12,해외자사몰,219820.0,151.6,1
2025-12-15,2025-12,해외자사몰,309357.5,213.35,2
2025-12-15,2025-12,해외자사몰,196330.0,135.4,1
2025-12-15,2025-12,해외자사몰,196330.0,135.4,1
2025-12-16,2025-12,국내자사몰,160650.0,,1
2025-12-16,2025-12,국내자사몰,151725.0,,1
2025-12-16,2025-12,국내자사몰,123250.0,,1
2025-12-16,2025-12,국내자사몰,71910.0,,2
2025-12-16,2025-12,국내자사몰,133650.0,,1
2025-12-16,2025-12,국내자사몰,50490.0,,1
2025-12-16,2025-12,국내자사몰,178500.0,,1
2025-12-16,2025-12,국내자사몰,141150.0,,1
2025-12-16,2025-12,국내자사몰,66470.0,,1
2025-12-16,2025-12,국내자사몰,221400.0,,2
2025-12-16,2025-12,국내자사몰,129600.0,,1
2025-12-16,2025-12,국내자사몰,78405.0,,1
2025-12-16,2025-12,국내자사몰,116640.0,,1
2025-12-16,2025-12,국내자사몰,267882.0,,2
2025-12-16,2025-12,국내자사몰,129600.0,,1
2025-12-16,2025-12,국내자사몰,116640.0,,1
2025-12-16,2025-12,국내자사몰,116640.0,,1
2025-12-16,2025-12,국내자사몰,110160.0,,1
2025-12-16,2025-12,국내자사몰,110160.0,,1
2025-12-16,2025-12,국내자사몰,160650.0,,1
2025-12-16,2025-12,국내자사몰,129600.0,,1
2025-12-16,2025-12,국내자사몰,178500.0,,1
2025-12-16,2025-12,국내자사몰,116640.0,,1
2025-12-16,2025-12,국내자사몰,105000.0,,1
2025-12-16,2025-12,국내자사몰,166500.0,,2
2025-12-16,2025-12,국내자사몰,110925.0,,1
2025-12-16,2025-12,국내자사몰,72000.0,,1
2025-12-16,2025-12,국내자사몰,110925.0,,1
2025-12-16,2025-12,국내자사몰,145350.0,,1
2025-12-16,2025-12,국내자사몰,160650.0,,1
2025-12-16,2025-12,국내자사몰,116640.0,,1
2025-12-16,2025-12,국내자사몰,213165.0,,1
2025-12-16,2025-12,국내자사몰,110160.0,,1
2025-12-16,2025-12,국내자사몰,233280.0,,2
2025-12-16,2025-12,국내자사몰,160650.0,,1
2025-12-16,2025-12,국내자사몰,167280.0,,1
2025-12-16,2025-12,해외자사몰,196330.0,135.4,1
2025-12-16,2025-12,해외자사몰,219820.0,151.6,1
2025-12-16,2025-12,해외자사몰,230840.0,159.2,1
2025-12-16,2025-12,해외자사몰,291493.5,201.03,3
2025-12-16,2025-12,해외자사몰,219820.0,151.6,1
2025-12-16,2025-12,해외자사몰,196330.0,135.4,1
2025-12-16,2025-12,해외자사몰,363660.0,250.8,2
2025-12-16,2025-12,해외자사몰,196330.0,135.4,1
2025-12-16,2025-12,해외자사몰,219820.0,151.6,1
2025-12-16,2025-12,해외자사몰,219820.0,151.6,1
2025-12-16,2025-12,해외자사몰,219820.0,151.6,1
2025-12-16,2025-12,해외자사몰,299497.5,206.55,2
2025-12-16,2025-12,해외자사몰,299497.5,206.55,2
2025-12-16,2025-12,해외자사몰,219820.0,151.6,1
2025-12-16,2025-12,해외자사몰,271512.5,187.25,1
2025-12-16,2025-12,해외자사몰,196330.0,135.4,1
2025-12-16,2025-12,해외자사몰,502425.0,346.5,3
2025-12-16,2025-12,해외자사몰,200100.0,138.0,1
2025-12-16,2025-12,해외자사몰,196330.0,135.4,1
2025-12-16,2025-12,해외자사몰,290000.0,200.0,2
2025-12-16,2025-12,해외자사몰,219820.0,151.6,1
2025-12-16,2025-12,해외자사몰,196330.0,135.4,1
2025-12-16,2025-12,해외자사몰,309357.5,213.35,2
2025-12-16,2025-12,해외자사몰,301020.0,207.6,2
2025-12-16,2025-12,해외자사몰,219820.0,151.6,1
2025-12-16,2025-12,해외자사몰,219820.0,151.6,1
2025-12-16,2025-12,해외자사몰,193865.0,133.7,1
2025-12-16,2025-12,해외자사몰,219820.0,151.6,1
2025-12-16,2025-12,해외자사몰,219820.0,151.6,1
2025-12-16,2025-12,해외자사몰,219820.0,151.6,1
2025-12-16,2025-12,해외자사몰,313200.0,216.0,1
2025-12-16,2025-12,해외자사몰,380842.5,262.65,2
2025-12-16,2025-12,해외자사몰,196330.0,135.4,1
2025-12-16,2025-12,해외자사몰,218515.0,150.7,1
2025-12-16,2025-12,해외자사몰,219820.0,151.6,1
2025-12-16,2025-12,해외자사몰,219820.0,151.6,1
2025-12-16,2025-12,해외자사몰,196330.0,135.4,1
2025-12-16,2025-12,해외자사몰,219820.0,151.6,1
2025-12-16,2025-12,해외자사몰,219820.0,151.6,1
2025-12-16,2025-12,해외자사몰,219820.0,151.6,1
2025-12-16,2025-12,해외자사몰,324075.0,223.5,3
2025-12-16,2025-12,해외자사몰,219820.0,151.6,1
2025-12-16,2025-12,해외자사몰,219820.0,151.6,1
2025-12-16,2025-12,해외자사몰,219820.0,151.6,1
2025-12-16,2025-12,해외자사몰,271512.5,187.25,1
2025-12-16,2025-12,해외자사몰,219820.0,151.6,1
2025-12-16,2025-12,해외자사몰,290870.0,200.6,2
2025-12-16,2025-12,해외자사몰,219820.0,151.6,1
2025-12-17,2025-12,국내자사몰,145350.0,,1
2025-12-17,2025-12,국내자사몰,149225.0,,1
2025-12-17,2025-12,국내자사몰,277790.0,,3
2025-12-17,2025-12,국내자사몰,123930.0,,1
2025-12-17,2025-12,국내자사몰,160650.0,,1
2025-12-17,2025-12,국내자사몰,160650.0,,1
2025-12-17,2025-12,국내자사몰,151725.0,,1
2025-12-17,2025-12,국내자사몰,116640.0,,1
2025-12-17,2025-12,국내자사몰,202500.0,,1
2025-12-17,2025-12,국내자사몰,408510.0,,4
2025-12-17,2025-12,국내자사몰,132218.0,,2
2025-12-17,2025-12,국내자사몰,116640.0,,1
2025-12-17,2025-12,국내자사몰,933120.0,,8
2025-12-17,2025-12,국내자사몰,56100.0,,1
2025-12-17,2025-12,국내자사몰,129600.0,,1
2025-12-17,2025-12,국내자사몰,116640.0,,1
2025-12-17,2025-12,국내자사몰,119250.0,,2
2025-12-17,2025-12,국내자사몰,151725.0,,1
2025-12-17,2025-12,국내자사몰,116640.0,,1
2025-12-17,2025-12,국내자사몰,110160.0,,1
2025-12-17,2025-12,국내자사몰,151725.0,,1
2025-12-17,2025-12,국내자사몰,110160.0,,1
2025-12-17,2025-12,국내자사몰,126225.0,,1
2025-12-17,2025-12,국내자사몰,123250.0,,1
2025-12-17,2025-12,국내자사몰,110160.0,,1
2025-12-17,2025-12,국내자사몰,105714.0,,1
2025-12-17,2025-12,국내자사몰,555185.0,,5
2025-12-17,2025-12,국내자사몰,68850.0,,1
2025-12-17,2025-12,국내자사몰,128745.0,,2
2025-12-17,2025-12,국내자사몰,160650.0,,1
2025-12-17,2025-12,해외자사몰,196330.0,135.4,1
2025-12-17,2025-12,해외자사몰,271512.5,187.25,1
2025-12-17,2025-12,해외자사몰,219820.0,151.6,1
2025-12-17,2025-12,해외자사몰,219820.0,151.6,1
2025-12-17,2025-12,해외자사몰,218515.0,150.7,1
2025-12-17,2025-12,해외자사몰,271512.5,187.25,1
2025-12-17,2025-12,해외자사몰,271512.5,187.25,1
2025-12-17,2025-12,해외자사몰,230840.0,159.2,1
2025-12-17,2025-12,해외자사몰,200027.5,137.95,1
2025-12-17,2025-12,해외자사몰,271512.5,187.25,1
2025-12-17,2025-12,해외자사몰,340170.0,234.6,2
2025-12-17,2025-12,해외자사몰,341692.5,235.65,2
2025-12-17,2025-12,해외자사몰,196330.0,135.4,1
2025-12-17,2025-12,해외자사몰,218515.0,150.7,1
2025-12-17,2025-12,해외자사몰,340170.0,234.6,2
2025-12-17,2025-12,해외자사몰,219820.0,151.6,1
2025-12-17,2025-12,해외자사몰,219820.0,151.6,1
2025-12-17,2025-12,해외자사몰,219820.0,151.6,1
2025-12-17,2025-12,해외자사몰,271512.5,187.25,1
2025-12-17,2025-12,해외자사몰,351335.0,242.3,2
2025-12-17,2025-12,해외자사몰,305660.0,210.8,2
2025-12-17,2025-12,해외자사몰,219820.0,151.6,1
2025-12-17,2025-12,해외자사몰,505470.00000000006,348.6,3
2025-12-17,2025-12,해외자사몰,219820.0,151.6,1
2025-12-17,2025-12,해외자사몰,219820.0,151.6,1
2025-12-17,2025-12,해외자사몰,219820.0,151.6,1
2025-12-17,2025-12,해외자사몰,219820.0,151.6,1
2025-12-17,2025-12,해외자사몰,219820.0,151.6,1
2025-12-17,2025-12,해외자사몰,219820.0,151.6,1
2025-12-17,2025-12,해외자사몰,219820.0,151.6,1
2025-12-17,2025-12,해외자사몰,190820.0,131.6,1
2025-12-17,2025-12,해외자사몰,219820.0,151.6,1
2025-12-17,2025-12,해외자사몰,219820.0,151.6,1
2025-12-17,2025-12,해외자사몰,309357.5,213.35,2
2025-12-17,2025-12,해외자사몰,219820.0,151.6,1
2025-12-17,2025-12,해외자사몰,230840.0,159.2,1
2025-12-17,2025-12,해외자사몰,200100.0,138.0,1
2025-12-17,2025-12,해외자사몰,196330.0,135.4,1
2025-12-17,2025-12,해외자사몰,196330.0,135.4,1
2025-12-17,2025-12,해외자사몰,219820.0,151.6,1
2025-12-18,2025-12,국내자사몰,191250.0,,1
2025-12-18,2025-12,국내자사몰,126225.0,,1
2025-12-18,2025-12,국내자사몰,129600.0,,1
2025-12-18,2025-12,국내자사몰,116640.0,,1
2025-12-18,2025-12,국내자사몰,97627.0,,1
2025-12-18,2025-12,국내자사몰,421875.0,,3
2025-12-18,2025-12,국내자사몰,116640.0,,1
2025-12-18,2025-12,국내자사몰,160650.0,,1
2025-12-18,2025-12,국내자사몰,198000.0,,1
2025-12-18,2025-12,국내자사몰,160650.0,,1
2025-12-18,2025-12,국내자사몰,116640.0,,1
2025-12-18,2025-12,국내자사몰,116280.0,,1
2025-12-18,2025-12,국내자사몰,116640.0,,1
2025-12-18,2025-12,국내자사몰,122602.0,,1
2025-12-18,2025-12,국내자사몰,160650.0,,1
2025-12-18,2025-12,국내자사몰,99450.0,,1
2025-12-18,2025-12,국내자사몰,129600.0,,1
2025-12-18,2025-12,국내자사몰,104763.0,,1
2025-12-18,2025-12,국내자사몰,129600.0,,1
2025-12-18,2025-12,국내자사몰,191250.0,,2
2025-12-18,2025-12,국내자사몰,129600.0,,1
2025-12-18,2025-12,국내자사몰,129600.0,,1
2025-12-18,2025-12,국내자사몰,116640.0,,1
2025-12-18,2025-12,국내자사몰,145350.0,,1
2025-12-18,2025-12,국내자사몰,116640.0,,1
2025-12-18,2025-12,국내자사몰,116640.0,,1
2025-12-18,2025-12,국내자사몰,116640.0,,1
2025-12-18,2025-12,해외자사몰,196330.0,135.4,1
2025-12-18,2025-12,해외자사몰,271512.5,187.25,1
2025-12-18,2025-12,해외자사몰,363660.0,250.8,2
2025-12-18,2025-12,해외자사몰,219820.0,151.6,1
2025-12-18,2025-12,해외자사몰,196330.0,135.4,1
2025-12-18,2025-12,해외자사몰,196330.0,135.4,1
2025-12-18,2025-12,해외자사몰,219820.0,151.6,1
2025-12-18,2025-12,해외자사몰,271512.5,187.25,1
2025-12-18,2025-12,해외자사몰,196330.0,135.4,1
2025-12-18,2025-12,해외자사몰,219820.0,151.6,1
2025-12-18,2025-12,해외자사몰,271512.5,187.25,1
2025-12-18,2025-12,해외자사몰,271512.5,187.25,1
2025-12-18,2025-12,해외자사몰,196330.0,135.4,1
2025-12-18,2025-12,해외자사몰,200100.0,138.0,1
2025-12-18,2025-12,해외자사몰,196330.0,135.4,1
2025-12-18,2025-12,해외자사몰,230840.0,159.2,1
2025-12-18,2025-12,해외자사몰,196330.0,135.4,1
2025-12-18,2025-12,해외자사몰,230840.0,159.2,1
2025-12-18,2025-12,해외자사몰,271512.5,187.25,1
2025-12-18,2025-12,해외자사몰,219820.0,151.6,1
2025-12-18,2025-12,해외자사몰,196330.0,135.4,1
2025-12-18,2025-12,해외자사몰,219820.0,151.6,1
2025-12-18,2025-12,해외자사몰,332920.0,229.6,2
2025-12-18,2025-12,해외자사몰,219820.0,151.6,1
2025-12-18,2025-12,해외자사몰,218515.0,150.7,1
2025-12-18,2025-12,해외자사몰,219820.0,151.6,1
2025-12-18,2025-12,해외자사몰,423255.0,291.9,5
2025-12-18,2025-12,해외자사몰,219820.0,151.6,1
2025-12-18,2025-12,해외자사몰,378377.5,260.95,2
2025-12-18,2025-12,해외자사몰,230840.0,159.2,1
2025-12-18,2025-12,해외자사몰,219820.0,151.6,1
2025-12-18,2025-12,해외자사몰,218515.0,150.7,1
2025-12-18,2025-12,해외자사몰,329150.0,227.0,2
2025-12-18,2025-12,해외자사몰,196330.0,135.4,1
2025-12-18,2025-12,해외자사몰,219820.0,151.6,1
2025-12-18,2025-12,해외자사몰,219820.0,151.6,1
2025-12-18,2025-12,해외자사몰,329150.0,227.0,2
2025-12-19,2025-12,국내자사몰,194400.0,,1
2025-12-19,2025-12,국내자사몰,110925.0,,1
2025-12-19,2025-12,국내자사몰,63270.0,,1
2025-12-19,2025-12,국내자사몰,116640.0,,1
2025-12-19,2025-12,국내자사몰,110160.0,,1
2025-12-19,2025-12,국내자사몰,116640.0,,1
2025-12-19,2025-12,국내자사몰,160650.0,,1
2025-12-19,2025-12,국내자사몰,116640.0,,1
2025-12-19,2025-12,국내자사몰,587571.0,,5
2025-12-19,2025-12,국내자사몰,58222.0,,1
2025-12-19,2025-12,국내자사몰,162180.0,,2
2025-12-19,2025-12,국내자사몰,330480.0,,3
2025-12-19,2025-12,국내자사몰,116640.0,,1
2025-12-19,2025-12,국내자사몰,70380.0,,1
2025-12-19,2025-12,국내자사몰,567971.0,,6
2025-12-19,2025-12,국내자사몰,187000.0,,2
2025-12-19,2025-12,국내자사몰,160650.0,,1
2025-12-19,2025-12,국내자사몰,57375.0,,1
2025-12-19,2025-12,국내자사몰,151725.0,,1
2025-12-19,2025-12,국내자사몰,160650.0,,1
2025-12-19,2025-12,국내자사몰,223220.0,,2
2025-12-19,2025-12,국내자사몰,349920.0,,3
2025-12-19,2025-12,국내자사몰,73030.0,,1
2025-12-19,2025-12,해외자사몰,196330.0,135.4,1
2025-12-19,2025-12,해외자사몰,219820.0,151.6,1
2025-12-19,2025-12,해외자사몰,271512.5,187.25,1
2025-12-19,2025-12,해외자사몰,219820.0,151.6,1
2025-12-19,2025-12,해외자사몰,219820.0,151.6,1
2025-12-19,2025-12,해외자사몰,196330.0,135.4,1
2025-12-19,2025-12,해외자사몰,219820.0,151.6,1
2025-12-19,2025-12,해외자사몰,219820.0,151.6,1
2025-12-19,2025-12,해외자사몰,219820.0,151.6,1
2025-12-19,2025-12,해외자사몰,253025.0,174.5,1
2025-12-19,2025-12,해외자사몰,230840.0,159.2,1
2025-12-19,2025-12,해외자사몰,196330.0,135.4,1
2025-12-19,2025-12,해외자사몰,311025.0,214.5,1
2025-12-19,2025-12,해외자사몰,404332.50000000006,278.85,2
2025-12-19,2025-12,해외자사몰,196330.0,135.4,1
2025-12-19,2025-12,해외자사몰,219820.0,151.6,1
2025-12-19,2025-12,해외자사몰,196330.0,135.4,1
2025-12-19,2025-12,해외자사몰,196330.0,135.4,1
2025-12-19,2025-12,해외자사몰,219820.0,151.6,1
2025-12-19,2025-12,해외자사몰,219820.0,151.6,1
2025-12-19,2025-12,해외자사몰,219820.0,151.6,1
2025-12-19,2025-12,해외자사몰,219820.0,151.6,1
2025-12-19,2025-12,해외자사몰,219820.0,151.6,1
2025-12-19,2025-12,해외자사몰,219820.0,151.6,1
2025-12-19,2025-12,해외자사몰,196330.0,135.4,1
2025-12-19,2025-12,해외자사몰,200027.5,137.95,1
2025-12-19,2025-12,해외자사몰,219820.0,151.6,1
2025-12-19,2025-12,해외자사몰,343867.5,237.15,2
2025-12-19,2025-12,해외자사몰,219820.0,151.6,1
2025-12-19,2025-12,해외자사몰,219820.0,151.6,1
2025-12-19,2025-12,해외자사몰,219820.0,151.6,1
2025-12-20,2025-12,국내자사몰,122400.0,,1
2025-12-20,2025-12,국내자사몰,148500.0,,1
2025-12-20,2025-12,국내자사몰,76579.0,,1
2025-12-20,2025-12,국내자사몰,62050.0,,1
2025-12-20,2025-12,국내자사몰,145350.0,,1
2025-12-20,2025-12,국내자사몰,144500.0,,1
2025-12-20,2025-12,국내자사몰,116640.0,,1
2025-12-20,2025-12,국내자사몰,771120.0,,7
2025-12-20,2025-12,국내자사몰,61200.0,,1
2025-12-20,2025-12,국내자사몰,119213.0,,2
2025-12-20,2025-12,국내자사몰,126225.0,,2
2025-12-20,2025-12,국내자사몰,234900.0,,1
2025-12-20,2025-12,국내자사몰,57375.0,,1
2025-12-20,2025-12,국내자사몰,72000.0,,1
2025-12-20,2025-12,국내자사몰,233775.0,,1
2025-12-20,2025-12,국내자사몰,105242.0,,2
2025-12-20,2025-12,국내자사몰,112437.0,,2
2025-12-20,2025-12,국내자사몰,116640.0,,1
2025-12-20,2025-12,국내자사몰,129600.0,,1
2025-12-20,2025-12,국내자사몰,160650.0,,1
2025-12-20,2025-12,국내자사몰,126296.0,,1
2025-12-20,2025-12,해외자사몰,196330.0,135.4,1
2025-12-20,2025-12,해외자사몰,300440.0,207.2,3
2025-12-20,2025-12,해외자사몰,219820.0,151.6,1
2025-12-20,2025-12,해외자사몰,196330.0,135.4,1
2025-12-20,2025-12,해외자사몰,271512.5,187.25,1
2025-12-20,2025-12,해외자사몰,218515.0,150.7,1
2025-12-20,2025-12,해외자사몰,351335.0,242.3,2
2025-12-20,2025-12,해외자사몰,196330.0,135.4,1
2025-12-20,2025-12,해외자사몰,196330.0,135.4,1
2025-12-20,2025-12,해외자사몰,271512.5,187.25,1
2025-12-20,2025-12,해외자사몰,230840.0,159.2,1
2025-12-20,2025-12,해외자사몰,219820.0,151.6,1
2025-12-20,2025-12,해외자사몰,196330.0,135.4,1
2025-12-20,2025-12,해외자사몰,200027.5,137.95,1
2025-12-20,2025-12,해외자사몰,219820.0,151.6,1
2025-12-20,2025-12,해외자사몰,213150.0,147.0,2
2025-12-20,2025-12,해외자사몰,219820.0,151.6,1
2025-12-20,2025-12,해외자사몰,271512.5,187.25,1
2025-12-20,2025-12,해외자사몰,219820.0,151.6,1
2025-12-20,2025-12,해외자사몰,196330.0,135.4,1
2025-12-20,2025-12,해외자사몰,363660.0,250.8,2
2025-12-20,2025-12,해외자사몰,219820.0,151.6,1
2025-12-20,2025-12,해외자사몰,219820.0,151.6,1
2025-12-20,2025-12,해외자사몰,157180.0,108.4,1
2025-12-20,2025-12,해외자사몰,218515.0,150.7,1
2025-12-20,2025-12,해외자사몰,196330.0,135.4,1
2025-12-20,2025-12,해외자사몰,219820.0,151.6,1
2025-12-20,2025-12,해외자사몰,271512.5,187.25,1
2025-12-20,2025-12,해외자사몰,319841.0,220.58,3
2025-12-20,2025-12,해외자사몰,219820.0,151.6,1
2025-12-20,2025-12,해외자사몰,219820.0,151.6,1
2025-12-20,2025-12,해외자사몰,230840.0,159.2,1
2025-12-20,2025-12,해외자사몰,230840.0,159.2,1
2025-12-20,2025-12,해외자사몰,271512.5,187.25,1
2025-12-20,2025-12,해외자사몰,219820.0,151.6,1
2025-12-20,2025-12,해외자사몰,508950.0,351.0,2
2025-12-20,2025-12,해외자사몰,181540.0,125.2,1
2025-12-20,2025-12,해외자사몰,219820.0,151.6,1
2025-12-20,2025-12,해외자사몰,218515.0,150.7,1
2025-12-20,2025-12,해외자사몰,219820.0,151.6,1
2025-12-20,2025-12,해외자사몰,219820.0,151.6,1
2025-12-20,2025-12,해외자사몰,219820.0,151.6,1
2025-12-20,2025-12,해외자사몰,196330.0,135.4,1
2025-12-20,2025-12,해외자사몰,219820.0,151.6,1
2025-12-20,2025-12,해외자사몰,317115.0,218.7,2
2025-12-20,2025-12,해외자사몰,336545.0,232.1,2
2025-12-20,2025-12,해외자사몰,219820.0,151.6,1
2025-12-20,2025-12,해외자사몰,196330.0,135.4,1
2025-12-20,2025-12,해외자사몰,271512.5,187.25,1
2025-12-21,2025-12,국내자사몰,112865.0,,1
2025-12-21,2025-12,국내자사몰,57375.0,,1
2025-12-21,2025-12,국내자사몰,50490.0,,1
2025-12-21,2025-12,국내자사몰,110160.0,,1
2025-12-21,2025-12,국내자사몰,109551.0,,1
2025-12-21,2025-12,국내자사몰,123930.0,,1
2025-12-21,2025-12,국내자사몰,119213.0,,2
2025-12-21,2025-12,국내자사몰,161500.0,,1
2025-12-21,2025-12,국내자사몰,116640.0,,1
2025-12-21,2025-12,국내자사몰,145350.0,,1
2025-12-21,2025-12,국내자사몰,151725.0,,1
2025-12-21,2025-12,국내자사몰,126225.0,,1
2025-12-21,2025-12,국내자사몰,70380.0,,1
2025-12-21,2025-12,국내자사몰,55845.0,,1
2025-12-21,2025-12,국내자사몰,110160.0,,1
2025-12-21,2025-12,국내자사몰,225000.0,,1
2025-12-21,2025-12,국내자사몰,110925.0,,1
2025-12-21,2025-12,국내자사몰,110160.0,,1
2025-12-21,2025-12,국내자사몰,151725.0,,1
2025-12-21,2025-12,국내자사몰,178500.0,,1
2025-12-21,2025-12,국내자사몰,160650.0,,1
2025-12-21,2025-12,국내자사몰,65700.0,,1
2025-12-21,2025-12,국내자사몰,50490.0,,1
2025-12-21,2025-12,국내자사몰,137275.0,,1
2025-12-21,2025-12,국내자사몰,123930.0,,1
2025-12-21,2025-12,국내자사몰,70380.0,,1
2025-12-21,2025-12,국내자사몰,126225.0,,2
2025-12-21,2025-12,국내자사몰,70380.0,,1
2025-12-21,2025-12,해외자사몰,219820.0,151.6,1
2025-12-21,2025-12,해외자사몰,271512.5,187.25,1
2025-12-21,2025-12,해외자사몰,219820.0,151.6,1
2025-12-21,2025-12,해외자사몰,316245.0,218.1,3
2025-12-21,2025-12,해외자사몰,237321.5,163.67,1
2025-12-21,2025-12,해외자사몰,219820.0,151.6,1
2025-12-21,2025-12,해외자사몰,219820.0,151.6,1
2025-12-21,2025-12,해외자사몰,219820.0,151.6,1
2025-12-21,2025-12,해외자사몰,299570.0,206.6,2
2025-12-21,2025-12,해외자사몰,219820.0,151.6,1
2025-12-21,2025-12,해외자사몰,196330.0,135.4,1
2025-12-21,2025-12,해외자사몰,271512.5,187.25,1
2025-12-21,2025-12,해외자사몰,112520.0,77.6,1
2025-12-21,2025-12,해외자사몰,230840.0,159.2,1
2025-12-21,2025-12,해외자사몰,196330.0,135.4,1
2025-12-21,2025-12,해외자사몰,271512.5,187.25,1
2025-12-21,2025-12,해외자사몰,196330.0,135.4,1
2025-12-21,2025-12,해외자사몰,196330.0,135.4,1
2025-12-21,2025-12,해외자사몰,352640.0,243.2,2
2025-12-21,2025-12,해외자사몰,505470.00000000006,348.6,3
2025-12-21,2025-12,해외자사몰,271512.5,187.25,1
2025-12-21,2025-12,해외자사몰,196330.0,135.4,1
2025-12-21,2025-12,해외자사몰,219820.0,151.6,1
2025-12-21,2025-12,해외자사몰,219820.0,151.6,1
2025-12-21,2025-12,해외자사몰,271512.5,187.25,1
2025-12-21,2025-12,해외자사몰,271512.5,187.25,1
2025-12-21,2025-12,해외자사몰,271512.5,187.25,1
2025-12-21,2025-12,해외자사몰,332920.0,229.6,2
2025-12-21,2025-12,해외자사몰,219820.0,151.6,1
2025-12-21,2025-12,해외자사몰,219820.0,151.6,1
2025-12-21,2025-12,해외자사몰,305660.0,210.8,2
2025-12-21,2025-12,해외자사몰,219820.0,151.6,1
2025-12-21,2025-12,해외자사몰,219820.0,151.6,1
2025-12-21,2025-12,해외자사몰,219820.0,151.6,1
2025-12-21,2025-12,해외자사몰,309357.5,213.35,2
2025-12-21,2025-12,해외자사몰,219820.0,151.6,1
2025-12-21,2025-12,해외자사몰,318420.0,219.6,3
2025-12-21,2025-12,해외자사몰,271512.5,187.25,1
2025-12-21,2025-12,해외자사몰,145580.0,100.4,1
2025-12-21,2025-12,해외자사몰,271512.5,187.25,1
2025-12-21,2025-12,해외자사몰,219820.0,151.6,1
2025-12-22,2025-12,국내자사몰,116640.0,,1
2025-12-22,2025-12,국내자사몰,194400.0,,1
2025-12-22,2025-12,국내자사몰,129510.0,,2
2025-12-22,2025-12,국내자사몰,126225.0,,2
2025-12-22,2025-12,국내자사몰,113160.0,,1
2025-12-22,2025-12,국내자사몰,151725.0,,1
2025-12-22,2025-12,국내자사몰,72000.0,,1
2025-12-22,2025-12,국내자사몰,70380.0,,1
2025-12-22,2025-12,국내자사몰,61965.0,,1
2025-12-22,2025-12,국내자사몰,119213.0,,2
2025-12-22,2025-12,국내자사몰,116640.0,,1
2025-12-22,2025-12,국내자사몰,151725.0,,1
2025-12-22,2025-12,국내자사몰,116640.0,,1
2025-12-22,2025-12,국내자사몰,50490.0,,1
2025-12-22,2025-12,국내자사몰,56100.0,,1
2025-12-22,2025-12,국내자사몰,110925.0,,1
2025-12-22,2025-12,국내자사몰,110160.0,,1
2025-12-22,2025-12,국내자사몰,134775.0,,1
2025-12-22,2025-12,국내자사몰,160650.0,,1
2025-12-22,2025-12,국내자사몰,126225.0,,1
2025-12-22,2025-12,국내자사몰,133650.0,,1
2025-12-22,2025-12,국내자사몰,148500.0,,1
2025-12-22,2025-12,국내자사몰,116640.0,,1
2025-12-22,2025-12,국내자사몰,137275.0,,1
2025-12-22,2025-12,국내자사몰,66470.0,,1
2025-12-22,2025-12,국내자사몰,129600.0,,1
2025-12-22,2025-12,국내자사몰,116640.0,,1
2025-12-22,2025-12,국내자사몰,110925.0,,1
2025-12-22,2025-12,국내자사몰,116640.0,,1
2025-12-22,2025-12,국내자사몰,583200.0,,5
2025-12-22,2025-12,해외자사몰,219820.0,151.6,1
2025-12-22,2025-12,해외자사몰,219820.0,151.6,1
2025-12-22,2025-12,해외자사몰,404332.50000000006,278.85,2
2025-12-22,2025-12,해외자사몰,200027.5,137.95,1
2025-12-22,2025-12,해외자사몰,271512.5,187.25,1
2025-12-22,2025-12,해외자사몰,352640.0,243.2,2
2025-12-22,2025-12,해외자사몰,219820.0,151.6,1
2025-12-22,2025-12,해외자사몰,196330.0,135.4,1
2025-12-22,2025-12,해외자사몰,219820.0,151.6,1
2025-12-22,2025-12,해외자사몰,522000.0,360.0,4
2025-12-22,2025-12,해외자사몰,196330.0,135.4,1
2025-12-22,2025-12,해외자사몰,219820.0,151.6,1
2025-12-22,2025-12,해외자사몰,219820.0,151.6,1
2025-12-22,2025-12,해외자사몰,352640.0,243.2,2
2025-12-22,2025-12,해외자사몰,219820.0,151.6,1
2025-12-22,2025-12,해외자사몰,284925.0,196.5,1
2025-12-22,2025-12,해외자사몰,196330.0,135.4,1
2025-12-22,2025-12,해외자사몰,219820.0,151.6,1
2025-12-22,2025-12,해외자사몰,253025.0,174.5,1
2025-12-22,2025-12,해외자사몰,271512.5,187.25,1
2025-12-22,2025-12,해외자사몰,196330.0,135.4,1
2025-12-22,2025-12,해외자사몰,219820.0,151.6,1
2025-12-22,2025-12,해외자사몰,219820.0,151.6,1
2025-12-22,2025-12,해외자사몰,218515.0,150.7,1
2025-12-22,2025-12,해외자사몰,219820.0,151.6,1
2025-12-22,2025-12,해외자사몰,305660.0,210.8,2
2025-12-22,2025-12,해외자사몰,352640.0,243.2,2
2025-12-22,2025-12,해외자사몰,196330.0,135.4,1
2025-12-22,2025-12,해외자사몰,196330.0,135.4,1
2025-12-22,2025-12,해외자사몰,380842.5,262.65,2
2025-12-22,2025-12,해외자사몰,219820.0,151.6,1
2025-12-22,2025-12,해외자사몰,196330.0,135.4,1
2025-12-22,2025-12,해외자사몰,504092.5,347.65,3
2025-12-22,2025-12,해외자사몰,219820.0,151.6,1
2025-12-23,2025-12,국내자사몰,160650.0,,1
2025-12-23,2025-12,국내자사몰,151725.0,,1
2025-12-23,2025-12,국내자사몰,70380.0,,1
2025-12-23,2025-12,국내자사몰,110925.0,,1
2025-12-23,2025-12,국내자사몰,65610.0,,1
2025-12-23,2025-12,국내자사몰,116640.0,,1
2025-12-23,2025-12,국내자사몰,218195.0,,2
2025-12-23,2025-12,국내자사몰,97495.0,,1
2025-12-23,2025-12,국내자사몰,81000.0,,1
2025-12-23,2025-12,국내자사몰,184961.0,,3
2025-12-23,2025-12,국내자사몰,129600.0,,1
2025-12-23,2025-12,국내자사몰,221850.0,,1
2025-12-23,2025-12,국내자사몰,119213.0,,2
2025-12-23,2025-12,국내자사몰,61200.0,,1
2025-12-23,2025-12,국내자사몰,103230.0,,1
2025-12-23,2025-12,국내자사몰,66470.0,,1
2025-12-23,2025-12,국내자사몰,114700.0,,1
2025-12-23,2025-12,국내자사몰,161190.0,,1
2025-12-23,2025-12,국내자사몰,141525.0,,2
2025-12-23,2025-12,국내자사몰,253300.0,,3
2025-12-23,2025-12,국내자사몰,110160.0,,1
2025-12-23,2025-12,국내자사몰,55845.0,,1
2025-12-23,2025-12,국내자사몰,110925.0,,1
2025-12-23,2025-12,국내자사몰,110925.0,,1
2025-12-23,2025-12,국내자사몰,116640.0,,1
2025-12-23,2025-12,국내자사몰,97200.0,,1
2025-12-23,2025-12,국내자사몰,121256.0,,1
2025-12-23,2025-12,국내자사몰,129600.0,,1
2025-12-23,2025-12,국내자사몰,126225.0,,2
2025-12-23,2025-12,국내자사몰,123250.0,,1
2025-12-23,2025-12,국내자사몰,138848.0,,1
2025-12-23,2025-12,국내자사몰,160650.0,,1
2025-12-23,2025-12,해외자사몰,219820.0,151.6,1
2025-12-23,2025-12,해외자사몰,307255.0,211.9,3
2025-12-23,2025-12,해외자사몰,230840.0,159.2,1
2025-12-23,2025-12,해외자사몰,366052.5,252.45,2
2025-12-23,2025-12,해외자사몰,219820.0,151.6,1
2025-12-23,2025-12,해외자사몰,196330.0,135.4,1
2025-12-23,2025-12,해외자사몰,330092.5,227.65,2
2025-12-23,2025-12,해외자사몰,230840.0,159.2,1
2025-12-23,2025-12,해외자사몰,428982.50000000006,295.85,3
2025-12-23,2025-12,해외자사몰,219820.0,151.6,1
2025-12-23,2025-12,해외자사몰,219820.0,151.6,1
2025-12-23,2025-12,해외자사몰,298671.0,205.98,5
2025-12-23,2025-12,해외자사몰,219820.0,151.6,1
2025-12-23,2025-12,해외자사몰,329150.0,227.0,2
2025-12-23,2025-12,해외자사몰,219820.0,151.6,1
2025-12-23,2025-12,해외자사몰,329150.0,227.0,2
2025-12-23,2025-12,해외자사몰,219820.0,151.6,1
2025-12-23,2025-12,해외자사몰,200027.5,137.95,1
2025-12-23,2025-12,해외자사몰,219820.0,151.6,1
2025-12-23,2025-12,해외자사몰,196330.0,135.4,1
2025-12-23,2025-12,해외자사몰,219820.0,151.6,1
2025-12-23,2025-12,해외자사몰,219820.0,151.6,1
2025-12-23,2025-12,해외자사몰,271512.5,187.25,1
2025-12-23,2025-12,해외자사몰,242295.0,167.1,2
2025-12-23,2025-12,해외자사몰,326685.0,225.3,2
2025-12-23,2025-12,해외자사몰,219820.0,151.6,1
2025-12-23,2025-12,해외자사몰,219820.0,151.6,1
2025-12-23,2025-12,해외자사몰,380842.5,262.65,2
2025-12-23,2025-12,해외자사몰,219820.0,151.6,1
2025-12-23,2025-12,해외자사몰,271512.5,187.25,1
2025-12-23,2025-12,해외자사몰,271512.5,187.25,1
2025-12-23,2025-12,해외자사몰,219820.0,151.6,1
2025-12-23,2025-12,해외자사몰,230840.0,159.2,1
2025-12-23,2025-12,해외자사몰,196330.0,135.4,1
2025-12-23,2025-12,해외자사몰,219820.0,151.6,1
2025-12-23,2025-12,해외자사몰,157180.0,108.4,1
2025-12-23,2025-12,해외자사몰,230840.0,159.2,1
2025-12-23,2025-12,해외자사몰,219820.0,151.6,1
2025-12-23,2025-12,해외자사몰,230840.0,159.2,1
2025-12-23,2025-12,해외자사몰,196330.0,135.4,1
2025-12-23,2025-12,해외자사몰,253025.0,174.5,1
2025-12-24,2025-12,국내자사몰,233280.0,,2
2025-12-24,2025-12,국내자사몰,126225.0,,2
2025-12-24,2025-12,국내자사몰,116640.0,,1
2025-12-24,2025-12,국내자사몰,61965.0,,1
2025-12-24,2025-12,국내자사몰,110925.0,,1
2025-12-24,2025-12,국내자사몰,119640.0,,1
2025-12-24,2025-12,국내자사몰,78446.0,,1
2025-12-24,2025-12,국내자사몰,202500.0,,1
2025-12-24,2025-12,국내자사몰,110925.0,,1
2025-12-24,2025-12,국내자사몰,101669.0,,1
2025-12-24,2025-12,국내자사몰,117045.0,,1
2025-12-24,2025-12,국내자사몰,129600.0,,1
2025-12-24,2025-12,국내자사몰,107763.0,,1
2025-12-24,2025-12,국내자사몰,129600.0,,1
2025-12-24,2025-12,국내자사몰,194400.0,,1
2025-12-24,2025-12,국내자사몰,168300.0,,1
2025-12-24,2025-12,국내자사몰,211437.0,,1
2025-12-24,2025-12,국내자사몰,110160.0,,1
2025-12-24,2025-12,국내자사몰,58500.0,,1
2025-12-24,2025-12,국내자사몰,94700.0,,1
2025-12-24,2025-12,국내자사몰,78200.0,,1
2025-12-24,2025-12,국내자사몰,151725.0,,1
2025-12-24,2025-12,국내자사몰,70380.0,,1
2025-12-24,2025-12,해외자사몰,219820.0,151.6,1
2025-12-24,2025-12,해외자사몰,230840.0,159.2,1
2025-12-24,2025-12,해외자사몰,219820.0,151.6,1
2025-12-24,2025-12,해외자사몰,196330.0,135.4,1
2025-12-24,2025-12,해외자사몰,219820.0,151.6,1
2025-12-24,2025-12,해외자사몰,196330.0,135.4,1
2025-12-24,2025-12,해외자사몰,219820.0,151.6,1
2025-12-24,2025-12,해외자사몰,219820.0,151.6,1
2025-12-24,2025-12,해외자사몰,253025.0,174.5,1
2025-12-24,2025-12,해외자사몰,313200.0,216.0,1
2025-12-24,2025-12,해외자사몰,311822.5,215.05,2
2025-12-24,2025-12,해외자사몰,219820.0,151.6,1
2025-12-24,2025-12,해외자사몰,305660.0,210.8,2
2025-12-24,2025-12,해외자사몰,219820.0,151.6,1
2025-12-24,2025-12,해외자사몰,362355.0,249.9,2
2025-12-24,2025-12,해외자사몰,363660.0,250.8,2
2025-12-24,2025-12,해외자사몰,219820.0,151.6,1
2025-12-24,2025-12,해외자사몰,219820.0,151.6,1
2025-12-24,2025-12,해외자사몰,301092.5,207.65,2
2025-12-24,2025-12,해외자사몰,219820.0,151.6,1
2025-12-24,2025-12,해외자사몰,219820.0,151.6,1
2025-12-24,2025-12,해외자사몰,196330.0,135.4,1
2025-12-24,2025-12,해외자사몰,489520.00000000006,337.6,2
2025-12-24,2025-12,해외자사몰,271512.5,187.25,1
2025-12-24,2025-12,해외자사몰,253025.0,174.5,1
2025-12-24,2025-12,해외자사몰,219820.0,151.6,1
2025-12-24,2025-12,해외자사몰,196330.0,135.4,1
2025-12-24,2025-12,해외자사몰,219820.0,151.6,1
2025-12-24,2025-12,해외자사몰,196330.0,135.4,1
2025-12-24,2025-12,해외자사몰,271512.5,187.25,1
2025-12-24,2025-12,해외자사몰,219820.0,151.6,1
2025-12-24,2025-12,해외자사몰,196330.0,135.4,1
2025-12-24,2025-12,해외자사몰,219820.0,151.6,1
2025-12-24,2025-12,해외자사몰,313200.0,216.0,1
2025-12-24,2025-12,해외자사몰,219820.0,151.6,1
2025-12-24,2025-12,해외자사몰,271512.5,187.25,1
2025-12-24,2025-12,해외자사몰,271512.5,187.25,1
2025-12-24,2025-12,해외자사몰,219820.0,151.6,1
2025-12-24,2025-12,해외자사몰,219820.0,151.6,1
2025-12-24,2025-12,해외자사몰,219820.0,151.6,1
2025-12-25,2025-12,국내자사몰,116640.0,,1
2025-12-25,2025-12,국내자사몰,110160.0,,1
2025-12-25,2025-12,국내자사몰,116640.0,,1
2025-12-25,2025-12,국내자사몰,116640.0,,1
2025-12-25,2025-12,국내자사몰,50490.0,,1
2025-12-25,2025-12,국내자사몰,101150.0,,1
2025-12-25,2025-12,국내자사몰,160650.0,,1
2025-12-25,2025-12,국내자사몰,178500.0,,1
2025-12-25,2025-12,국내자사몰,114208.0,,1
2025-12-25,2025-12,국내자사몰,160650.0,,1
2025-12-25,2025-12,국내자사몰,116640.0,,1
2025-12-25,2025-12,국내자사몰,64800.0,,1
2025-12-25,2025-12,국내자사몰,51375.0,,1
2025-12-25,2025-12,국내자사몰,123250.0,,1
2025-12-25,2025-12,국내자사몰,94800.0,,1
2025-12-25,2025-12,국내자사몰,154688.0,,1
2025-12-25,2025-12,국내자사몰,62050.0,,1
2025-12-25,2025-12,국내자사몰,160650.0,,1
2025-12-25,2025-12,국내자사몰,215817.0,,2
2025-12-25,2025-12,국내자사몰,104763.0,,1
2025-12-25,2025-12,해외자사몰,219820.0,151.6,1
2025-12-25,2025-12,해외자사몰,309357.5,213.35,2
2025-12-25,2025-12,해외자사몰,196330.0,135.4,1
2025-12-25,2025-12,해외자사몰,219820.0,151.6,1
2025-12-25,2025-12,해외자사몰,230840.0,159.2,1
2025-12-25,2025-12,해외자사몰,218515.0,150.7,1
2025-12-25,2025-12,해외자사몰,219820.0,151.6,1
2025-12-25,2025-12,해외자사몰,219820.0,151.6,1
2025-12-25,2025-12,해외자사몰,287680.0,198.4,2
2025-12-25,2025-12,해외자사몰,297032.5,204.85,2
2025-12-25,2025-12,해외자사몰,219820.0,151.6,1
2025-12-25,2025-12,해외자사몰,230840.0,159.2,1
2025-12-25,2025-12,해외자사몰,387730.0,267.4,2
2025-12-25,2025-12,해외자사몰,230840.0,159.2,1
2025-12-25,2025-12,해외자사몰,304790.0,210.2,2
2025-12-25,2025-12,해외자사몰,375912.5,259.25,2
2025-12-25,2025-12,해외자사몰,219820.0,151.6,1
2025-12-25,2025-12,해외자사몰,253025.0,174.5,1
2025-12-25,2025-12,해외자사몰,219820.0,151.6,1
2025-12-25,2025-12,해외자사몰,196330.0,135.4,1
2025-12-25,2025-12,해외자사몰,196330.0,135.4,1
2025-12-25,2025-12,해외자사몰,230840.0,159.2,1
2025-12-25,2025-12,해외자사몰,219820.0,151.6,1
2025-12-25,2025-12,해외자사몰,253025.0,174.5,1
2025-12-25,2025-12,해외자사몰,196330.0,135.4,1
2025-12-25,2025-12,해외자사몰,219820.0,151.6,1
2025-12-25,2025-12,해외자사몰,298381.0,205.78,3
2025-12-25,2025-12,해외자사몰,230840.0,159.2,1
2025-12-25,2025-12,해외자사몰,271512.5,187.25,1
2025-12-25,2025-12,해외자사몰,528960.0,364.8,3
2025-12-25,2025-12,해외자사몰,219820.0,151.6,1
2025-12-25,2025-12,해외자사몰,230840.0,159.2,1
2025-12-25,2025-12,해외자사몰,219820.0,151.6,1
2025-12-25,2025-12,해외자사몰,196330.0,135.4,1
2025-12-25,2025-12,해외자사몰,219820.0,151.6,1
2025-12-25,2025-12,해외자사몰,196330.0,135.4,1
2025-12-25,2025-12,해외자사몰,219820.0,151.6,1
2025-12-26,2025-12,국내자사몰,178500.0,,1
2025-12-26,2025-12,국내자사몰,110925.0,,1
2025-12-26,2025-12,국내자사몰,221850.0,,1
2025-12-26,2025-12,국내자사몰,70380.0,,1
2025-12-26,2025-12,국내자사몰,129600.0,,1
2025-12-26,2025-12,국내자사몰,768620.0,,7
2025-12-26,2025-12,국내자사몰,160650.0,,1
2025-12-26,2025-12,국내자사몰,116640.0,,1
2025-12-26,2025-12,국내자사몰,104763.0,,1
2025-12-26,2025-12,국내자사몰,123930.0,,1
2025-12-26,2025-12,국내자사몰,175001.0,,1
2025-12-26,2025-12,국내자사몰,405000.0,,3
2025-12-26,2025-12,국내자사몰,164941.0,,1
2025-12-26,2025-12,국내자사몰,110925.0,,1
2025-12-26,2025-12,국내자사몰,455250.0,,5
2025-12-26,2025-12,국내자사몰,59130.0,,1
2025-12-26,2025-12,국내자사몰,126225.0,,2
2025-12-26,2025-12,국내자사몰,129600.0,,1
2025-12-26,2025-12,해외자사몰,219820.0,151.6,1
2025-12-26,2025-12,해외자사몰,352640.0,243.2,2
2025-12-26,2025-12,해외자사몰,196330.0,135.4,1
2025-12-26,2025-12,해외자사몰,196330.0,135.4,1
2025-12-26,2025-12,해외자사몰,219820.0,151.6,1
2025-12-26,2025-12,해외자사몰,313345.0,216.1,3
2025-12-26,2025-12,해외자사몰,196330.0,135.4,1
2025-12-26,2025-12,해외자사몰,305660.0,210.8,2
2025-12-26,2025-12,해외자사몰,219820.0,151.6,1
2025-12-26,2025-12,해외자사몰,302905.0,208.9,2
2025-12-26,2025-12,해외자사몰,196330.0,135.4,1
2025-12-26,2025-12,해외자사몰,378450.0,261.0,2
2025-12-26,2025-12,해외자사몰,271512.5,187.25,1
2025-12-26,2025-12,해외자사몰,219820.0,151.6,1
2025-12-26,2025-12,해외자사몰,196330.0,135.4,1
2025-12-26,2025-12,해외자사몰,196330.0,135.4,1
2025-12-26,2025-12,해외자사몰,219820.0,151.6,1
2025-12-26,2025-12,해외자사몰,196330.0,135.4,1
2025-12-26,2025-12,해외자사몰,196330.0,135.4,1
2025-12-26,2025-12,해외자사몰,219820.0,151.6,1
2025-12-26,2025-12,해외자사몰,196330.0,135.4,1
2025-12-26,2025-12,해외자사몰,219820.0,151.6,1
2025-12-26,2025-12,해외자사몰,219820.0,151.6,1
2025-12-26,2025-12,해외자사몰,219820.0,151.6,1
2025-12-26,2025-12,해외자사몰,196330.0,135.4,1
2025-12-26,2025-12,해외자사몰,200100.0,138.0,1
2025-12-26,2025-12,해외자사몰,305660.0,210.8,2
2025-12-26,2025-12,해외자사몰,327845.0,226.1,2
2025-12-26,2025-12,해외자사몰,230840.0,159.2,1
2025-12-26,2025-12,해외자사몰,219820.0,151.6,1
2025-12-26,2025-12,해외자사몰,300150.0,207.0,2
2025-12-26,2025-12,해외자사몰,467335.0,322.3,6
2025-12-26,2025-12,해외자사몰,219820.0,151.6,1
2025-12-26,2025-12,해외자사몰,219820.0,151.6,1
2025-12-26,2025-12,해외자사몰,219820.0,151.6,1
2025-12-26,2025-12,해외자사몰,219820.0,151.6,1
2025-12-26,2025-12,해외자사몰,218515.0,150.7,1
2025-12-26,2025-12,해외자사몰,219820.0,151.6,1
2025-12-26,2025-12,해외자사몰,415352.5,286.45,2
2025-12-26,2025-12,해외자사몰,196330.0,135.4,1
2025-12-26,2025-12,해외자사몰,219820.0,151.6,1
2025-12-26,2025-12,해외자사몰,219820.0,151.6,1
2025-12-26,2025-12,해외자사몰,219820.0,151.6,1
2025-12-26,2025-12,해외자사몰,196330.0,135.4,1
2025-12-26,2025-12,해외자사몰,219820.0,151.6,1
2025-12-26,2025-12,해외자사몰,196330.0,135.4,1
2025-12-26,2025-12,해외자사몰,196330.0,135.4,1
2025-12-27,2025-12,국내자사몰,191250.0,,2
2025-12-27,2025-12,국내자사몰,70380.0,,1
2025-12-27,2025-12,국내자사몰,332010.0,,2
2025-12-27,2025-12,국내자사몰,116640.0,,1
2025-12-27,2025-12,국내자사몰,110925.0,,1
2025-12-27,2025-12,국내자사몰,129600.0,,1
2025-12-27,2025-12,국내자사몰,145350.0,,1
2025-12-27,2025-12,국내자사몰,104763.0,,1
2025-12-27,2025-12,국내자사몰,141075.0,,1
2025-12-27,2025-12,국내자사몰,116640.0,,1
2025-12-27,2025-12,국내자사몰,226260.0,,2
2025-12-27,2025-12,국내자사몰,113050.0,,1
2025-12-27,2025-12,국내자사몰,306850.0,,3
2025-12-27,2025-12,국내자사몰,78200.0,,1
2025-12-27,2025-12,국내자사몰,116640.0,,1
2025-12-27,2025-12,국내자사몰,221850.0,,1
2025-12-27,2025-12,국내자사몰,116640.0,,1
2025-12-27,2025-12,국내자사몰,137700.0,,1
2025-12-27,2025-12,국내자사몰,116640.0,,1
2025-12-27,2025-12,국내자사몰,110160.0,,1
2025-12-27,2025-12,국내자사몰,244757.0,,2
2025-12-27,2025-12,해외자사몰,323350.0,223.0,2
2025-12-27,2025-12,해외자사몰,219820.0,151.6,1
2025-12-27,2025-12,해외자사몰,253025.0,174.5,1
2025-12-27,2025-12,해외자사몰,219820.0,151.6,1
2025-12-27,2025-12,해외자사몰,404332.50000000006,278.85,2
2025-12-27,2025-12,해외자사몰,219820.0,151.6,1
2025-12-27,2025-12,해외자사몰,253025.0,174.5,1
2025-12-27,2025-12,해외자사몰,219820.0,151.6,1
2025-12-27,2025-12,해외자사몰,219820.0,151.6,1
2025-12-27,2025-12,해외자사몰,219820.0,151.6,1
2025-12-27,2025-12,해외자사몰,219820.0,151.6,1
2025-12-27,2025-12,해외자사몰,196330.0,135.4,1
2025-12-27,2025-12,해외자사몰,271512.5,187.25,1
2025-12-27,2025-12,해외자사몰,219820.0,151.6,1
2025-12-27,2025-12,해외자사몰,313200.0,216.0,1
2025-12-27,2025-12,해외자사몰,219820.0,151.6,1
2025-12-27,2025-12,해외자사몰,219820.0,151.6,1
2025-12-27,2025-12,해외자사몰,219820.0,151.6,1
2025-12-27,2025-12,해외자사몰,196330.0,135.4,1
2025-12-27,2025-12,해외자사몰,219820.0,151.6,1
2025-12-27,2025-12,해외자사몰,437537.5,301.75,2
2025-12-27,2025-12,해외자사몰,196330.0,135.4,1
2025-12-27,2025-12,해외자사몰,196330.0,135.4,1
2025-12-27,2025-12,해외자사몰,305660.0,210.8,2
2025-12-27,2025-12,해외자사몰,219820.0,151.6,1
2025-12-27,2025-12,해외자사몰,196330.0,135.4,1
2025-12-27,2025-12,해외자사몰,324220.0,223.6,2
2025-12-27,2025-12,해외자사몰,196330.0,135.4,1
2025-12-27,2025-12,해외자사몰,366052.5,252.45,3
2025-12-27,2025-12,해외자사몰,219820.0,151.6,1
2025-12-27,2025-12,해외자사몰,219820.0,151.6,1
2025-12-27,2025-12,해외자사몰,196330.0,135.4,1
2025-12-27,2025-12,해외자사몰,219820.0,151.6,1
2025-12-27,2025-12,해외자사몰,196330.0,135.4,1
2025-12-27,2025-12,해외자사몰,290087.0,200.06,2
2025-12-27,2025-12,해외자사몰,219820.0,151.6,1
2025-12-27,2025-12,해외자사몰,219820.0,151.6,1
2025-12-27,2025-12,해외자사몰,196330.0,135.4,1
2025-12-27,2025-12,해외자사몰,196330.0,135.4,1
2025-12-27,2025-12,해외자사몰,219820.0,151.6,1
2025-12-27,2025-12,해외자사몰,219820.0,151.6,1
2025-12-27,2025-12,해외자사몰,290000.0,200.0,2
2025-12-27,2025-12,해외자사몰,271512.5,187.25,1
2025-12-27,2025-12,해외자사몰,267815.0,184.7,2
2025-12-27,2025-12,해외자사몰,219820.0,151.6,1
2025-12-27,2025-12,해외자사몰,516490.0,356.2,3
2025-12-27,2025-12,해외자사몰,219820.0,151.6,1
2025-12-27,2025-12,해외자사몰,219820.0,151.6,1
2025-12-27,2025-12,해외자사몰,219820.0,151.6,1
2025-12-27,2025-12,해외자사몰,219820.0,151.6,1
2025-12-27,2025-12,해외자사몰,219820.0,151.6,1
2025-12-27,2025-12,해외자사몰,196330.0,135.4,1
2025-12-28,2025-12,국내자사몰,104763.0,,1
2025-12-28,2025-12,국내자사몰,50490.0,,1
2025-12-28,2025-12,국내자사몰,110160.0,,1
2025-12-28,2025-12,국내자사몰,129600.0,,1
2025-12-28,2025-12,국내자사몰,137275.0,,1
2025-12-28,2025-12,국내자사몰,110925.0,,1
2025-12-28,2025-12,국내자사몰,145548.0,,1
2025-12-28,2025-12,국내자사몰,116640.0,,1
2025-12-28,2025-12,국내자사몰,116280.0,,1
2025-12-28,2025-12,국내자사몰,151725.0,,1
2025-12-28,2025-12,국내자사몰,116640.0,,1
2025-12-28,2025-12,국내자사몰,116640.0,,1
2025-12-28,2025-12,국내자사몰,129600.0,,1
2025-12-28,2025-12,국내자사몰,116640.0,,1
2025-12-28,2025-12,국내자사몰,116640.0,,1
2025-12-28,2025-12,국내자사몰,151725.0,,1
2025-12-28,2025-12,국내자사몰,110925.0,,1
2025-12-28,2025-12,국내자사몰,126225.0,,2
2025-12-28,2025-12,국내자사몰,55845.0,,1
2025-12-28,2025-12,해외자사몰,329150.0,227.0,2
2025-12-28,2025-12,해외자사몰,196330.0,135.4,1
2025-12-28,2025-12,해외자사몰,230840.0,159.2,1
2025-12-28,2025-12,해외자사몰,1038127.5,715.95,6
2025-12-28,2025-12,해외자사몰,271512.5,187.25,1
2025-12-28,2025-12,해외자사몰,309357.5,213.35,2
2025-12-28,2025-12,해외자사몰,219820.0,151.6,1
2025-12-28,2025-12,해외자사몰,196330.0,135.4,1
2025-12-28,2025-12,해외자사몰,329150.0,227.0,2
2025-12-28,2025-12,해외자사몰,219820.0,151.6,1
2025-12-28,2025-12,해외자사몰,309357.5,213.35,2
2025-12-28,2025-12,해외자사몰,196330.0,135.4,1
2025-12-28,2025-12,해외자사몰,219820.0,151.6,1
2025-12-28,2025-12,해외자사몰,230840.0,159.2,1
2025-12-28,2025-12,해외자사몰,253025.0,174.5,1
2025-12-28,2025-12,해외자사몰,219820.0,151.6,1
2025-12-28,2025-12,해외자사몰,456025.0,314.5,2
2025-12-28,2025-12,해외자사몰,219820.0,151.6,1
2025-12-28,2025-12,해외자사몰,323640.0,223.2,2
2025-12-28,2025-12,해외자사몰,233305.0,160.9,3
2025-12-28,2025-12,해외자사몰,363660.0,250.8,2
2025-12-28,2025-12,해외자사몰,305660.0,210.8,2
2025-12-28,2025-12,해외자사몰,196330.0,135.4,1
2025-12-28,2025-12,해외자사몰,351335.0,242.3,2
2025-12-28,2025-12,해외자사몰,219820.0,151.6,1
2025-12-28,2025-12,해외자사몰,271512.5,187.25,1
2025-12-28,2025-12,해외자사몰,230840.0,159.2,1
2025-12-28,2025-12,해외자사몰,230840.0,159.2,1
2025-12-28,2025-12,해외자사몰,196330.0,135.4,1
2025-12-28,2025-12,해외자사몰,230840.0,159.2,1
2025-12-28,2025-12,해외자사몰,193372.00000000003,133.36,1
2025-12-29,2025-12,국내자사몰,117088.0,,1
2025-12-29,2025-12,국내자사몰,178500.0,,1
2025-12-29,2025-12,국내자사몰,151725.0,,1
2025-12-29,2025-12,국내자사몰,52743.0,,1
2025-12-29,2025-12,국내자사몰,129600.0,,1
2025-12-29,2025-12,국내자사몰,110160.0,,1
2025-12-29,2025-12,국내자사몰,65700.0,,1
2025-12-29,2025-12,국내자사몰,461574.0,,4
2025-12-29,2025-12,국내자사몰,110925.0,,1
2025-12-29,2025-12,국내자사몰,116640.0,,1
2025-12-29,2025-12,국내자사몰,137700.0,,1
2025-12-29,2025-12,국내자사몰,129600.0,,1
2025-12-29,2025-12,국내자사몰,225893.0,,2
2025-12-29,2025-12,국내자사몰,129600.0,,1
2025-12-29,2025-12,국내자사몰,116640.0,,1
2025-12-29,2025-12,국내자사몰,116640.0,,1
2025-12-29,2025-12,국내자사몰,247860.0,,2
2025-12-29,2025-12,국내자사몰,116640.0,,1
2025-12-29,2025-12,국내자사몰,110925.0,,1
2025-12-29,2025-12,국내자사몰,129600.0,,1
2025-12-29,2025-12,국내자사몰,116640.0,,1
2025-12-29,2025-12,국내자사몰,162405.0,,2
2025-12-29,2025-12,국내자사몰,59130.0,,1
2025-12-29,2025-12,국내자사몰,64800.0,,1
2025-12-29,2025-12,국내자사몰,64800.0,,1
2025-12-29,2025-12,국내자사몰,152235.0,,1
2025-12-29,2025-12,국내자사몰,161190.0,,1
2025-12-29,2025-12,국내자사몰,58948.0,,1
2025-12-29,2025-12,국내자사몰,123120.0,,1
2025-12-29,2025-12,국내자사몰,210942.0,,2
2025-12-29,2025-12,국내자사몰,126225.0,,2
2025-12-29,2025-12,국내자사몰,84150.0,,1
2025-12-29,2025-12,해외자사몰,219820.0,151.6,1
2025-12-29,2025-12,해외자사몰,219820.0,151.6,1
2025-12-29,2025-12,해외자사몰,230840.0,159.2,1
2025-12-29,2025-12,해외자사몰,219820.0,151.6,1
2025-12-29,2025-12,해외자사몰,219820.0,151.6,1
2025-12-29,2025-12,해외자사몰,271512.5,187.25,1
2025-12-29,2025-12,해외자사몰,219820.0,151.6,1
2025-12-29,2025-12,해외자사몰,219820.0,151.6,1
2025-12-29,2025-12,해외자사몰,196330.0,135.4,1
2025-12-29,2025-12,해외자사몰,196330.0,135.4,1
2025-12-29,2025-12,해외자사몰,196330.0,135.4,1
2025-12-29,2025-12,해외자사몰,271512.5,187.25,1
2025-12-29,2025-12,해외자사몰,196330.0,135.4,1
2025-12-29,2025-12,해외자사몰,196330.0,135.4,1
2025-12-29,2025-12,해외자사몰,196330.0,135.4,1
2025-12-29,2025-12,해외자사몰,305660.0,210.8,2
2025-12-29,2025-12,해외자사몰,196330.0,135.4,1
2025-12-29,2025-12,해외자사몰,329150.0,227.0,2
2025-12-29,2025-12,해외자사몰,219820.0,151.6,1
2025-12-29,2025-12,해외자사몰,219820.0,151.6,1
2025-12-29,2025-12,해외자사몰,200100.0,138.0,1
2025-12-29,2025-12,해외자사몰,219820.0,151.6,1
2025-12-29,2025-12,해외자사몰,219820.0,151.6,1
2025-12-29,2025-12,해외자사몰,305660.0,210.8,2
2025-12-29,2025-12,해외자사몰,219820.0,151.6,1
2025-12-29,2025-12,해외자사몰,200027.5,137.95,1
2025-12-29,2025-12,해외자사몰,290000.0,200.0,2
2025-12-29,2025-12,해외자사몰,219820.0,151.6,1
2025-12-29,2025-12,해외자사몰,219820.0,151.6,1
2025-12-29,2025-12,해외자사몰,196330.0,135.4,1
2025-12-29,2025-12,해외자사몰,196330.0,135.4,1
2025-12-29,2025-12,해외자사몰,219820.0,151.6,1
2025-12-29,2025-12,해외자사몰,230840.0,159.2,1
2025-12-29,2025-12,해외자사몰,219820.0,151.6,1
2025-12-29,2025-12,해외자사몰,329150.0,227.0,2
2025-12-29,2025-12,해외자사몰,219820.0,151.6,1
2025-12-29,2025-12,해외자사몰,196330.0,135.4,1
2025-12-29,2025-12,해외자사몰,219820.0,151.6,1
2025-12-29,2025-12,해외자사몰,219820.0,151.6,1
2025-12-29,2025-12,해외자사몰,219820.0,151.6,1
2025-12-29,2025-12,해외자사몰,219820.0,151.6,1
2025-12-29,2025-12,해외자사몰,196330.0,135.4,1
2025-12-29,2025-12,해외자사몰,299497.5,206.55,2
2025-12-29,2025-12,해외자사몰,219820.0,151.6,1
2025-12-29,2025-12,해외자사몰,196330.0,135.4,1
2025-12-29,2025-12,해외자사몰,219820.0,151.6,1
2025-12-30,2025-12,국내자사몰,149225.0,,1
2025-12-30,2025-12,국내자사몰,187425.0,,2
2025-12-30,2025-12,국내자사몰,160650.0,,1
2025-12-30,2025-12,국내자사몰,114140.0,,1
2025-12-30,2025-12,국내자사몰,129600.0,,1
2025-12-30,2025-12,국내자사몰,104763.0,,1
2025-12-30,2025-12,국내자사몰,110160.0,,1
2025-12-30,2025-12,국내자사몰,137275.0,,1
2025-12-30,2025-12,국내자사몰,250245.0,,2
2025-12-30,2025-12,국내자사몰,70380.0,,1
2025-12-30,2025-12,국내자사몰,151725.0,,1
2025-12-30,2025-12,국내자사몰,344205.0,,3
2025-12-30,2025-12,국내자사몰,129600.0,,1
2025-12-30,2025-12,국내자사몰,256700.0,,2
2025-12-30,2025-12,국내자사몰,508350.0,,4
2025-12-30,2025-12,국내자사몰,170745.0,,2
2025-12-30,2025-12,국내자사몰,99450.0,,1
2025-12-30,2025-12,국내자사몰,123930.0,,1
2025-12-30,2025-12,국내자사몰,473850.0,,4
2025-12-30,2025-12,국내자사몰,37425.0,,1
2025-12-30,2025-12,국내자사몰,216000.0,,1
2025-12-30,2025-12,국내자사몰,116640.0,,1
2025-12-30,2025-12,국내자사몰,126296.0,,1
2025-12-30,2025-12,국내자사몰,116640.0,,1
2025-12-30,2025-12,국내자사몰,78030.0,,1
2025-12-30,2025-12,국내자사몰,104763.0,,1
2025-12-30,2025-12,해외자사몰,271512.5,187.25,1
2025-12-30,2025-12,해외자사몰,352495.0,243.1,3
2025-12-30,2025-12,해외자사몰,196330.0,135.4,1
2025-12-30,2025-12,해외자사몰,329150.0,227.0,2
2025-12-30,2025-12,해외자사몰,219820.0,151.6,1
2025-12-30,2025-12,해외자사몰,219820.0,151.6,1
2025-12-30,2025-12,해외자사몰,196330.0,135.4,1
2025-12-30,2025-12,해외자사몰,219820.0,151.6,1
2025-12-30,2025-12,해외자사몰,200027.5,137.95,1
2025-12-30,2025-12,해외자사몰,196330.0,135.4,1
2025-12-30,2025-12,해외자사몰,302325.0,208.5,2
2025-12-30,2025-12,해외자사몰,196330.0,135.4,1
2025-12-30,2025-12,해외자사몰,219820.0,151.6,1
2025-12-30,2025-12,해외자사몰,200100.0,138.0,1
2025-12-30,2025-12,해외자사몰,200100.0,138.0,1
2025-12-30,2025-12,해외자사몰,219820.0,151.6,1
2025-12-30,2025-12,해외자사몰,200027.5,137.95,1
2025-12-30,2025-12,해외자사몰,380842.5,262.65,2
2025-12-30,2025-12,해외자사몰,230840.0,159.2,1
2025-12-30,2025-12,해외자사몰,363660.0,250.8,2
2025-12-30,2025-12,해외자사몰,190820.0,131.6,1
2025-12-30,2025-12,해외자사몰,219820.0,151.6,1
2025-12-30,2025-12,해외자사몰,200027.5,137.95,1
2025-12-30,2025-12,해외자사몰,327845.0,226.1,2
2025-12-30,2025-12,해외자사몰,253025.0,174.5,1
2025-12-30,2025-12,해외자사몰,327845.0,226.1,2
2025-12-30,2025-12,해외자사몰,230840.0,159.2,1
2025-12-30,2025-12,해외자사몰,271512.5,187.25,1
2025-12-30,2025-12,해외자사몰,230840.0,159.2,1
2025-12-30,2025-12,해외자사몰,271512.5,187.25,1
2025-12-30,2025-12,해외자사몰,219820.0,151.6,1
2025-12-30,2025-12,해외자사몰,218515.0,150.7,1
2025-12-30,2025-12,해외자사몰,300121.0,206.98,4
2025-12-30,2025-12,해외자사몰,219820.0,151.6,1
2025-12-30,2025-12,해외자사몰,200027.5,137.95,1
2025-12-31,2025-12,국내자사몰,116640.0,,1
2025-12-31,2025-12,국내자사몰,116640.0,,1
2025-12-31,2025-12,국내자사몰,123250.0,,1
2025-12-31,2025-12,국내자사몰,160650.0,,1
2025-12-31,2025-12,국내자사몰,70380.0,,1
2025-12-31,2025-12,국내자사몰,110160.0,,1
2025-12-31,2025-12,국내자사몰,151725.0,,1
2025-12-31,2025-12,국내자사몰,127750.0,,2
2025-12-31,2025-12,국내자사몰,103230.0,,1
2025-12-31,2025-12,국내자사몰,72000.0,,1
2025-12-31,2025-12,국내자사몰,122740.0,,1
2025-12-31,2025-12,국내자사몰,129600.0,,1
2025-12-31,2025-12,국내자사몰,110925.0,,1
2025-12-31,2025-12,국내자사몰,112752.0,,1
2025-12-31,2025-12,국내자사몰,160650.0,,1
2025-12-31,2025-12,국내자사몰,178500.0,,1
2025-12-31,2025-12,국내자사몰,75811.0,,1
2025-12-31,2025-12,국내자사몰,110276.0,,1
2025-12-31,2025-12,국내자사몰,137700.0,,1
2025-12-31,2025-12,국내자사몰,160650.0,,1
2025-12-31,2025-12,국내자사몰,110160.0,,1
2025-12-31,2025-12,국내자사몰,110160.0,,1
2025-12-31,2025-12,국내자사몰,218044.0,,2
2025-12-31,2025-12,해외자사몰,196330.0,135.4,1
2025-12-31,2025-12,해외자사몰,230840.0,159.2,1
2025-12-31,2025-12,해외자사몰,196330.0,135.4,1
2025-12-31,2025-12,해외자사몰,196330.0,135.4,1
2025-12-31,2025-12,해외자사몰,218515.0,150.7,1
2025-12-31,2025-12,해외자사몰,230840.0,159.2,1
2025-12-31,2025-12,해외자사몰,219820.0,151.6,1
2025-12-31,2025-12,해외자사몰,196330.0,135.4,1
2025-12-31,2025-12,해외자사몰,196330.0,135.4,1
2025-12-31,2025-12,해외자사몰,297032.5,204.85,2
2025-12-31,2025-12,해외자사몰,253025.0,174.5,1
2025-12-31,2025-12,해외자사몰,271512.5,187.25,1
2025-12-31,2025-12,해외자사몰,196330.0,135.4,1
2025-12-31,2025-12,해외자사몰,196330.0,135.4,1
2025-12-31,2025-12,해외자사몰,230840.0,159.2,1
2025-12-31,2025-12,해외자사몰,253025.0,174.5,1
2025-12-31,2025-12,해외자사몰,196330.0,135.4,1
2025-12-31,2025-12,해외자사몰,196330.0,135.4,1
2025-12-31,2025-12,해외자사몰,196330.0,135.4,1
2025-12-31,2025-12,해외자사몰,380842.5,262.65,2
2025-12-31,2025-12,해외자사몰,200027.5,137.95,1
2025-12-31,2025-12,해외자사몰,196330.0,135.4,1
2025-12-31,2025-12,해외자사몰,196330.0,135.4,1
2025-12-31,2025-12,해외자사몰,219820.0,151.6,1
2025-12-31,2025-12,해외자사몰,218515.0,150.7,1
2025-12-31,2025-12,해외자사몰,271512.5,187.25,1
2025-12-31,2025-12,해외자사몰,219820.0,151.6,1
2025-12-31,2025-12,해외자사몰,230840.0,159.2,1
2025-12-31,2025-12,해외자사몰,196330.0,135.4,1
2025-12-31,2025-12,해외자사몰,271512.5,187.25,1
2025-12-31,2025-12,해외자사몰,253025.0,174.5,1
2025-12-31,2025-12,해외자사몰,219820.0,151.6,1
2025-12-31,2025-12,해외자사몰,196330.0,135.4,1
2025-12-31,2025-12,해외자사몰,219820.0,151.6,1
2025-12-31,2025-12,해외자사몰,196330.0,135.4,1
2025-12-31,2025-12,해외자사몰,196330.0,135.4,1
2025-12-31,2025-12,해외자사몰,219820.0,151.6,1
2025-12-31,2025-12,해외자사몰,196330.0,135.4,1
2025-12-31,2025-12,해외자사몰,341692.5,235.65,2
2025-12-31,2025-12,해외자사몰,219820.0,151.6,1
2025-12-31,2025-12,해외자사몰,420065.0,289.7,3
2025-12-31,2025-12,해외자사몰,293407.5,202.35,3
2025-12-31,2025-12,해외자사몰,219820.0,151.6,1
2025-12-31,2025-12,해외자사몰,219820.0,151.6,1
2025-12-31,2025-12,해외자사몰,352640.0,243.2,2
2026-01-01,2026-01,국내자사몰,120785.0,,1
2026-01-01,2026-01,국내자사몰,120059.0,,1
2026-01-01,2026-01,국내자사몰,123120.0,,1
2026-01-01,2026-01,국내자사몰,117088.0,,1
2026-01-01,2026-01,국내자사몰,110160.0,,1
2026-01-01,2026-01,국내자사몰,160650.0,,1
2026-01-01,2026-01,국내자사몰,116640.0,,1
2026-01-01,2026-01,국내자사몰,178500.0,,1
2026-01-01,2026-01,국내자사몰,55845.0,,1
2026-01-01,2026-01,국내자사몰,129600.0,,1
2026-01-01,2026-01,국내자사몰,170100.0,,1
2026-01-01,2026-01,국내자사몰,548595.0,,4
2026-01-01,2026-01,국내자사몰,110160.0,,1
2026-01-01,2026-01,국내자사몰,110160.0,,1
2026-01-01,2026-01,국내자사몰,160650.0,,1
2026-01-01,2026-01,국내자사몰,127087.0,,1
2026-01-01,2026-01,국내자사몰,116640.0,,1
2026-01-01,2026-01,국내자사몰,151725.0,,1
2026-01-01,2026-01,국내자사몰,116640.0,,1
2026-01-01,2026-01,국내자사몰,116640.0,,1
2026-01-01,2026-01,해외자사몰,219820.0,151.6,1
2026-01-01,2026-01,해외자사몰,193575.0,133.5,1
2026-01-01,2026-01,해외자사몰,200100.0,138.0,1
2026-01-01,2026-01,해외자사몰,200100.0,138.0,1
2026-01-01,2026-01,해외자사몰,380842.5,262.65,2
2026-01-01,2026-01,해외자사몰,219820.0,151.6,1
2026-01-01,2026-01,해외자사몰,219820.0,151.6,1
2026-01-01,2026-01,해외자사몰,219820.0,151.6,1
2026-01-01,2026-01,해외자사몰,363660.0,250.8,2
2026-01-01,2026-01,해외자사몰,332847.5,229.55,2
2026-01-01,2026-01,해외자사몰,219820.0,151.6,1
2026-01-01,2026-01,해외자사몰,305660.0,210.8,2
2026-01-01,2026-01,해외자사몰,230840.0,159.2,1
2026-01-01,2026-01,해외자사몰,323640.0,223.2,2
2026-01-01,2026-01,해외자사몰,219820.0,151.6,1
2026-01-01,2026-01,해외자사몰,230840.0,159.2,1
2026-01-01,2026-01,해외자사몰,196330.0,135.4,1
2026-01-01,2026-01,해외자사몰,219820.0,151.6,1
2026-01-01,2026-01,해외자사몰,219820.0,151.6,1
2026-01-01,2026-01,해외자사몰,385845.00000000006,266.1,2
2026-01-01,2026-01,해외자사몰,196330.0,135.4,1
2026-01-01,2026-01,해외자사몰,327845.0,226.1,2
2026-01-01,2026-01,해외자사몰,329150.0,227.0,2
2026-01-01,2026-01,해외자사몰,339648.0,234.24,2
2026-01-01,2026-01,해외자사몰,305660.0,210.8,2
2026-01-01,2026-01,해외자사몰,290870.0,200.6,3
2026-01-01,2026-01,해외자사몰,380842.5,262.65,2
2026-01-01,2026-01,해외자사몰,219820.0,151.6,1
2026-01-01,2026-01,해외자사몰,219820.0,151.6,1
2026-01-01,2026-01,해외자사몰,254141.50000000003,175.27,2
2026-01-01,2026-01,해외자사몰,351335.0,242.3,2
2026-01-01,2026-01,해외자사몰,396865.0,273.7,2
2026-01-01,2026-01,해외자사몰,219820.0,151.6,1
2026-01-02,2026-01,국내자사몰,78200.0,,1
2026-01-02,2026-01,국내자사몰,137700.0,,1
2026-01-02,2026-01,국내자사몰,169575.0,,1
2026-01-02,2026-01,국내자사몰,169575.0,,1
2026-01-02,2026-01,국내자사몰,205200.0,,1
2026-01-02,2026-01,국내자사몰,276545.0,,2
2026-01-02,2026-01,국내자사몰,169575.0,,1
2026-01-02,2026-01,국내자사몰,117000.0,,1
2026-01-02,2026-01,국내자사몰,178500.0,,1
2026-01-02,2026-01,국내자사몰,178500.0,,1
2026-01-02,2026-01,국내자사몰,168750.0,,1
2026-01-02,2026-01,국내자사몰,170145.0,,1
2026-01-02,2026-01,국내자사몰,140250.0,,2
2026-01-02,2026-01,국내자사몰,53295.0,,1
2026-01-02,2026-01,국내자사몰,125435.0,,1
2026-01-02,2026-01,국내자사몰,123120.0,,1
2026-01-02,2026-01,국내자사몰,123120.0,,1
2026-01-02,2026-01,국내자사몰,129600.0,,1
2026-01-02,2026-01,국내자사몰,129600.0,,1
2026-01-02,2026-01,국내자사몰,123250.0,,1
2026-01-02,2026-01,국내자사몰,123120.0,,1
2026-01-02,2026-01,국내자사몰,256139.0,,2
2026-01-02,2026-01,국내자사몰,116495.0,,1
2026-01-02,2026-01,국내자사몰,129600.0,,1
2026-01-02,2026-01,국내자사몰,55575.0,,1
2026-01-02,2026-01,국내자사몰,117088.0,,1
2026-01-02,2026-01,국내자사몰,129600.0,,1
2026-01-02,2026-01,국내자사몰,130815.0,,1
2026-01-02,2026-01,국내자사몰,117088.0,,1
2026-01-02,2026-01,국내자사몰,104763.0,,1
2026-01-02,2026-01,국내자사몰,137275.0,,1
2026-01-02,2026-01,국내자사몰,725760.0,,7
2026-01-02,2026-01,국내자사몰,622080.0,,6
2026-01-02,2026-01,국내자사몰,203391.0,,2
2026-01-02,2026-01,국내자사몰,169575.0,,1
2026-01-02,2026-01,국내자사몰,155567.0,,1
2026-01-02,2026-01,국내자사몰,253935.0,,2
2026-01-02,2026-01,해외자사몰,219820.0,151.6,1
2026-01-02,2026-01,해외자사몰,219820.0,151.6,1
2026-01-02,2026-01,해외자사몰,256070.0,176.6,1
2026-01-02,2026-01,해외자사몰,196330.0,135.4,1
2026-01-02,2026-01,해외자사몰,190820.0,131.6,1
2026-01-02,2026-01,해외자사몰,293770.0,202.6,2
2026-01-02,2026-01,해외자사몰,230840.0,159.2,1
2026-01-02,2026-01,해외자사몰,329150.0,227.0,2
2026-01-02,2026-01,해외자사몰,230840.0,159.2,1
2026-01-02,2026-01,해외자사몰,271512.5,187.25,1
2026-01-02,2026-01,해외자사몰,271512.5,187.25,1
2026-01-02,2026-01,해외자사몰,196330.0,135.4,1
2026-01-02,2026-01,해외자사몰,196330.0,135.4,1
2026-01-02,2026-01,해외자사몰,196330.0,135.4,1
2026-01-02,2026-01,해외자사몰,196330.0,135.4,1
2026-01-02,2026-01,해외자사몰,219820.0,151.6,1
2026-01-02,2026-01,해외자사몰,219820.0,151.6,1
2026-01-02,2026-01,해외자사몰,219820.0,151.6,1
2026-01-02,2026-01,해외자사몰,218515.0,150.7,1
2026-01-03,2026-01,국내자사몰,210600.0,,2
2026-01-03,2026-01,국내자사몰,159376.0,,2
2026-01-03,2026-01,국내자사몰,129600.0,,1
2026-01-03,2026-01,국내자사몰,178500.0,,1
2026-01-03,2026-01,국내자사몰,129600.0,,1
2026-01-03,2026-01,국내자사몰,129600.0,,1
2026-01-03,2026-01,국내자사몰,170145.0,,1
2026-01-03,2026-01,국내자사몰,91800.0,,1
2026-01-03,2026-01,국내자사몰,178500.0,,1
2026-01-03,2026-01,국내자사몰,123120.0,,1
2026-01-03,2026-01,국내자사몰,153425.0,,1
2026-01-03,2026-01,국내자사몰,129600.0,,1
2026-01-03,2026-01,국내자사몰,178500.0,,1
2026-01-03,2026-01,국내자사몰,123120.0,,1
2026-01-03,2026-01,국내자사몰,121800.0,,2
2026-01-03,2026-01,국내자사몰,123120.0,,1
2026-01-03,2026-01,국내자사몰,158173.0,,1
2026-01-03,2026-01,국내자사몰,123250.0,,1
2026-01-03,2026-01,국내자사몰,123120.0,,1
2026-01-03,2026-01,국내자사몰,56100.0,,1
2026-01-03,2026-01,국내자사몰,123120.0,,1
2026-01-03,2026-01,해외자사몰,219820.0,151.6,1
2026-01-03,2026-01,해외자사몰,219820.0,151.6,1
2026-01-03,2026-01,해외자사몰,219820.0,151.6,1
2026-01-03,2026-01,해외자사몰,396865.0,273.7,2
2026-01-03,2026-01,해외자사몰,219820.0,151.6,1
2026-01-03,2026-01,해외자사몰,610232.5,420.85,3
2026-01-03,2026-01,해외자사몰,219820.0,151.6,1
2026-01-03,2026-01,해외자사몰,219820.0,151.6,1
2026-01-03,2026-01,해외자사몰,196330.0,135.4,1
2026-01-03,2026-01,해외자사몰,219820.0,151.6,1
2026-01-03,2026-01,해외자사몰,219820.0,151.6,1
2026-01-03,2026-01,해외자사몰,219820.0,151.6,1
2026-01-03,2026-01,해외자사몰,230840.0,159.2,1
2026-01-03,2026-01,해외자사몰,230840.0,159.2,1
2026-01-03,2026-01,해외자사몰,305660.0,210.8,2
2026-01-03,2026-01,해외자사몰,196330.0,135.4,1
2026-01-03,2026-01,해외자사몰,219820.0,151.6,1
2026-01-03,2026-01,해외자사몰,219820.0,151.6,1
2026-01-03,2026-01,해외자사몰,196330.0,135.4,1
2026-01-03,2026-01,해외자사몰,253025.0,174.5,1
2026-01-03,2026-01,해외자사몰,271512.5,187.25,1
2026-01-03,2026-01,해외자사몰,380842.5,262.65,2
2026-01-03,2026-01,해외자사몰,219820.0,151.6,1
2026-01-03,2026-01,해외자사몰,219820.0,151.6,1
2026-01-03,2026-01,해외자사몰,196330.0,135.4,1
2026-01-03,2026-01,해외자사몰,219820.0,151.6,1
2026-01-03,2026-01,해외자사몰,230840.0,159.2,1
2026-01-03,2026-01,해외자사몰,219820.0,151.6,1
2026-01-03,2026-01,해외자사몰,219820.0,151.6,1
2026-01-03,2026-01,해외자사몰,596892.5,411.65,4
2026-01-03,2026-01,해외자사몰,219820.0,151.6,1
2026-01-03,2026-01,해외자사몰,219820.0,151.6,1
2026-01-04,2026-01,국내자사몰,129600.0,,1
2026-01-04,2026-01,국내자사몰,129600.0,,1
2026-01-04,2026-01,국내자사몰,123120.0,,1
2026-01-04,2026-01,국내자사몰,123120.0,,1
2026-01-04,2026-01,국내자사몰,161500.0,,1
2026-01-04,2026-01,국내자사몰,129600.0,,1
2026-01-04,2026-01,국내자사몰,65700.0,,1
2026-01-04,2026-01,국내자사몰,466560.0,,4
2026-01-04,2026-01,국내자사몰,129600.0,,1
2026-01-04,2026-01,국내자사몰,178500.0,,1
2026-01-04,2026-01,국내자사몰,123120.0,,1
2026-01-04,2026-01,국내자사몰,116280.0,,1
2026-01-04,2026-01,국내자사몰,116640.0,,1
2026-01-04,2026-01,국내자사몰,129600.0,,1
2026-01-04,2026-01,국내자사몰,114588.0,,1
2026-01-04,2026-01,국내자사몰,123250.0,,1
2026-01-04,2026-01,국내자사몰,110160.0,,1
2026-01-04,2026-01,국내자사몰,246240.0,,2
2026-01-04,2026-01,국내자사몰,94446.0,,1
2026-01-04,2026-01,해외자사몰,230840.0,159.2,1
2026-01-04,2026-01,해외자사몰,271512.5,187.25,1
2026-01-04,2026-01,해외자사몰,219820.0,151.6,1
2026-01-04,2026-01,해외자사몰,352640.0,243.2,2
2026-01-04,2026-01,해외자사몰,253025.0,174.5,1
2026-01-04,2026-01,해외자사몰,230840.0,159.2,1
2026-01-04,2026-01,해외자사몰,271512.5,187.25,1
2026-01-04,2026-01,해외자사몰,196330.0,135.4,1
2026-01-04,2026-01,해외자사몰,209568.5,144.53,1
2026-01-04,2026-01,해외자사몰,196330.0,135.4,1
2026-01-04,2026-01,해외자사몰,196330.0,135.4,1
2026-01-04,2026-01,해외자사몰,196330.0,135.4,1
2026-01-04,2026-01,해외자사몰,196330.0,135.4,1
2026-01-04,2026-01,해외자사몰,200100.0,138.0,1
2026-01-04,2026-01,해외자사몰,271512.5,187.25,1
2026-01-04,2026-01,해외자사몰,238235.00000000003,164.3,2
2026-01-04,2026-01,해외자사몰,271512.5,187.25,1
2026-01-04,2026-01,해외자사몰,404332.50000000006,278.85,2
2026-01-04,2026-01,해외자사몰,196330.0,135.4,1
2026-01-04,2026-01,해외자사몰,219820.0,151.6,1
2026-01-04,2026-01,해외자사몰,196330.0,135.4,1
2026-01-04,2026-01,해외자사몰,298410.0,205.8,2
2026-01-04,2026-01,해외자사몰,1254322.5,865.05,15
2026-01-04,2026-01,해외자사몰,219820.0,151.6,1
2026-01-04,2026-01,해외자사몰,219820.0,151.6,1
2026-01-04,2026-01,해외자사몰,219820.0,151.6,1
2026-01-05,2026-01,국내자사몰,123250.0,,1
2026-01-05,2026-01,국내자사몰,129600.0,,1
2026-01-05,2026-01,국내자사몰,205200.0,,1
2026-01-05,2026-01,국내자사몰,151934.0,,1
2026-01-05,2026-01,국내자사몰,129600.0,,1
2026-01-05,2026-01,국내자사몰,242936.0,,2
2026-01-05,2026-01,국내자사몰,153425.0,,1
2026-01-05,2026-01,국내자사몰,123120.0,,1
2026-01-05,2026-01,국내자사몰,137700.0,,1
2026-01-05,2026-01,국내자사몰,129600.0,,1
2026-01-05,2026-01,국내자사몰,633859.0,,5
2026-01-05,2026-01,국내자사몰,129600.0,,1
2026-01-05,2026-01,국내자사몰,153425.0,,1
2026-01-05,2026-01,국내자사몰,123120.0,,1
2026-01-05,2026-01,국내자사몰,208500.0,,1
2026-01-05,2026-01,국내자사몰,129600.0,,1
2026-01-05,2026-01,국내자사몰,116640.0,,1
2026-01-05,2026-01,국내자사몰,123120.0,,1
2026-01-05,2026-01,국내자사몰,110925.0,,1
2026-01-05,2026-01,국내자사몰,137700.0,,1
2026-01-05,2026-01,국내자사몰,123120.0,,1
2026-01-05,2026-01,국내자사몰,123120.0,,1
2026-01-05,2026-01,국내자사몰,135041.0,,1
2026-01-05,2026-01,국내자사몰,152235.0,,2
2026-01-05,2026-01,국내자사몰,123250.0,,1
2026-01-05,2026-01,국내자사몰,226282.0,,2
2026-01-05,2026-01,해외자사몰,219820.0,151.6,1
2026-01-05,2026-01,해외자사몰,196330.0,135.4,1
2026-01-05,2026-01,해외자사몰,219820.0,151.6,1
2026-01-05,2026-01,해외자사몰,271512.5,187.25,1
2026-01-05,2026-01,해외자사몰,213150.0,147.0,2
2026-01-05,2026-01,해외자사몰,196330.0,135.4,1
2026-01-05,2026-01,해외자사몰,196330.0,135.4,1
2026-01-05,2026-01,해외자사몰,196330.0,135.4,1
2026-01-05,2026-01,해외자사몰,196330.0,135.4,1
2026-01-05,2026-01,해외자사몰,271512.5,187.25,1
2026-01-05,2026-01,해외자사몰,271512.5,187.25,1
2026-01-05,2026-01,해외자사몰,253025.0,174.5,1
2026-01-05,2026-01,해외자사몰,219820.0,151.6,1
2026-01-05,2026-01,해외자사몰,253025.0,174.5,1
2026-01-05,2026-01,해외자사몰,219820.0,151.6,1
2026-01-05,2026-01,해외자사몰,219820.0,151.6,1
2026-01-05,2026-01,해외자사몰,230840.0,159.2,1
2026-01-05,2026-01,해외자사몰,200027.5,137.95,1
2026-01-05,2026-01,해외자사몰,219820.0,151.6,1
2026-01-05,2026-01,해외자사몰,329150.0,227.0,2
2026-01-06,2026-01,국내자사몰,178500.0,,1
2026-01-06,2026-01,국내자사몰,114700.0,,1
2026-01-06,2026-01,국내자사몰,62415.0,,1
2026-01-06,2026-01,국내자사몰,123120.0,,1
2026-01-06,2026-01,국내자사몰,81000.0,,1
2026-01-06,2026-01,국내자사몰,123120.0,,1
2026-01-06,2026-01,국내자사몰,179100.0,,1
2026-01-06,2026-01,국내자사몰,129600.0,,1
2026-01-06,2026-01,국내자사몰,150925.0,,1
2026-01-06,2026-01,국내자사몰,123250.0,,1
2026-01-06,2026-01,국내자사몰,169575.0,,1
2026-01-06,2026-01,국내자사몰,178500.0,,1
2026-01-06,2026-01,국내자사몰,153425.0,,1
2026-01-06,2026-01,국내자사몰,169575.0,,1
2026-01-06,2026-01,국내자사몰,254355.0,,2
2026-01-06,2026-01,국내자사몰,119621.0,,1
2026-01-06,2026-01,국내자사몰,169575.0,,1
2026-01-06,2026-01,국내자사몰,178500.0,,1
2026-01-06,2026-01,국내자사몰,340425.0,,4
2026-01-06,2026-01,국내자사몰,470800.0,,4
2026-01-06,2026-01,국내자사몰,123120.0,,1
2026-01-06,2026-01,국내자사몰,129600.0,,1
2026-01-06,2026-01,국내자사몰,137700.0,,1
2026-01-06,2026-01,국내자사몰,123250.0,,1
2026-01-06,2026-01,국내자사몰,129600.0,,1
2026-01-06,2026-01,국내자사몰,129600.0,,1
2026-01-06,2026-01,국내자사몰,129600.0,,1
2026-01-06,2026-01,국내자사몰,109485.0,,1
2026-01-06,2026-01,국내자사몰,137700.0,,1
2026-01-06,2026-01,국내자사몰,178500.0,,1
2026-01-06,2026-01,국내자사몰,213750.0,,1
2026-01-06,2026-01,국내자사몰,78200.0,,1
2026-01-06,2026-01,국내자사몰,169575.0,,1
2026-01-06,2026-01,국내자사몰,178500.0,,1
2026-01-06,2026-01,국내자사몰,91800.0,,1
2026-01-06,2026-01,국내자사몰,116640.0,,1
2026-01-06,2026-01,국내자사몰,95677.0,,2
2026-01-06,2026-01,국내자사몰,123120.0,,1
2026-01-06,2026-01,해외자사몰,363660.0,250.8,2
2026-01-06,2026-01,해외자사몰,219820.0,151.6,1
2026-01-06,2026-01,해외자사몰,271512.5,187.25,1
2026-01-06,2026-01,해외자사몰,219820.0,151.6,1
2026-01-06,2026-01,해외자사몰,219820.0,151.6,1
2026-01-06,2026-01,해외자사몰,323640.0,223.2,2
2026-01-06,2026-01,해외자사몰,219820.0,151.6,1
2026-01-06,2026-01,해외자사몰,230840.0,159.2,1
2026-01-06,2026-01,해외자사몰,219820.0,151.6,1
2026-01-06,2026-01,해외자사몰,219820.0,151.6,1
2026-01-06,2026-01,해외자사몰,230840.0,159.2,1
2026-01-06,2026-01,해외자사몰,196330.0,135.4,1
2026-01-06,2026-01,해외자사몰,196330.0,135.4,1
2026-01-06,2026-01,해외자사몰,196330.0,135.4,1
2026-01-06,2026-01,해외자사몰,340170.0,234.6,2
2026-01-06,2026-01,해외자사몰,230840.0,159.2,1
2026-01-06,2026-01,해외자사몰,219820.0,151.6,1
2026-01-06,2026-01,해외자사몰,200100.0,138.0,1
2026-01-07,2026-01,국내자사몰,130815.0,,1
2026-01-07,2026-01,국내자사몰,116640.0,,1
2026-01-07,2026-01,국내자사몰,371925.0,,3
2026-01-07,2026-01,국내자사몰,178500.0,,1
2026-01-07,2026-01,국내자사몰,129600.0,,1
2026-01-07,2026-01,국내자사몰,129600.0,,1
2026-01-07,2026-01,국내자사몰,114700.0,,1
2026-01-07,2026-01,국내자사몰,129600.0,,1
2026-01-07,2026-01,국내자사몰,111150.0,,1
2026-01-07,2026-01,국내자사몰,72000.0,,1
2026-01-07,2026-01,국내자사몰,123120.0,,1
2026-01-07,2026-01,국내자사몰,129600.0,,1
2026-01-07,2026-01,국내자사몰,88110.0,,1
2026-01-07,2026-01,국내자사몰,137700.0,,1
2026-01-07,2026-01,국내자사몰,129600.0,,1
2026-01-07,2026-01,국내자사몰,307530.0,,4
2026-01-07,2026-01,국내자사몰,345600.0,,2
2026-01-07,2026-01,국내자사몰,123120.0,,1
2026-01-07,2026-01,국내자사몰,110160.0,,1
2026-01-07,2026-01,국내자사몰,391500.0,,3
2026-01-07,2026-01,국내자사몰,79623.0,,1
2026-01-07,2026-01,국내자사몰,145350.0,,1
2026-01-07,2026-01,국내자사몰,858873.0,,12
2026-01-07,2026-01,국내자사몰,166500.0,,2
2026-01-07,2026-01,국내자사몰,60056.0,,1
2026-01-07,2026-01,국내자사몰,96620.0,,1
2026-01-07,2026-01,국내자사몰,129600.0,,1
2026-01-07,2026-01,국내자사몰,116476.0,,1
2026-01-07,2026-01,국내자사몰,123120.0,,1
2026-01-07,2026-01,국내자사몰,123250.0,,1
2026-01-07,2026-01,국내자사몰,116640.0,,1
2026-01-07,2026-01,국내자사몰,178500.0,,1
2026-01-07,2026-01,국내자사몰,110031.0,,1
2026-01-07,2026-01,해외자사몰,219820.0,151.6,1
2026-01-07,2026-01,해외자사몰,219820.0,151.6,1
2026-01-07,2026-01,해외자사몰,706005.0,486.9,6
2026-01-07,2026-01,해외자사몰,219820.0,151.6,1
2026-01-07,2026-01,해외자사몰,219820.0,151.6,1
2026-01-07,2026-01,해외자사몰,219820.0,151.6,1
2026-01-07,2026-01,해외자사몰,230840.0,159.2,1
2026-01-07,2026-01,해외자사몰,271512.5,187.25,1
2026-01-07,2026-01,해외자사몰,196330.0,135.4,1
2026-01-07,2026-01,해외자사몰,352640.0,243.2,2
2026-01-07,2026-01,해외자사몰,196330.0,135.4,1
2026-01-07,2026-01,해외자사몰,219820.0,151.6,1
2026-01-07,2026-01,해외자사몰,219820.0,151.6,1
2026-01-07,2026-01,해외자사몰,230840.0,159.2,1
2026-01-07,2026-01,해외자사몰,219820.0,151.6,1
2026-01-07,2026-01,해외자사몰,154425.0,106.5,1
2026-01-07,2026-01,해외자사몰,219820.0,151.6,1
2026-01-07,2026-01,해외자사몰,353727.5,243.95,2
2026-01-08,2026-01,국내자사몰,220320.0,,2
2026-01-08,2026-01,국내자사몰,98148.0,,1
2026-01-08,2026-01,국내자사몰,117325.0,,1
2026-01-08,2026-01,국내자사몰,259200.0,,2
2026-01-08,2026-01,국내자사몰,63246.0,,1
2026-01-08,2026-01,국내자사몰,78200.0,,1
2026-01-08,2026-01,국내자사몰,129600.0,,1
2026-01-08,2026-01,국내자사몰,129600.0,,1
2026-01-08,2026-01,국내자사몰,129600.0,,1
2026-01-08,2026-01,국내자사몰,218700.0,,2
2026-01-08,2026-01,국내자사몰,129600.0,,1
2026-01-08,2026-01,국내자사몰,336015.0,,2
2026-01-08,2026-01,국내자사몰,141075.0,,1
2026-01-08,2026-01,국내자사몰,151873.0,,2
2026-01-08,2026-01,국내자사몰,263000.0,,2
2026-01-08,2026-01,국내자사몰,72000.0,,1
2026-01-08,2026-01,국내자사몰,129600.0,,1
2026-01-08,2026-01,국내자사몰,410305.0,,3
2026-01-08,2026-01,국내자사몰,81000.0,,1
2026-01-08,2026-01,국내자사몰,123120.0,,1
2026-01-08,2026-01,국내자사몰,129600.0,,1
2026-01-08,2026-01,국내자사몰,169575.0,,1
2026-01-08,2026-01,국내자사몰,299450.0,,3
2026-01-08,2026-01,국내자사몰,123120.0,,1
2026-01-08,2026-01,국내자사몰,129600.0,,1
2026-01-08,2026-01,해외자사몰,203725.0,140.5,1
2026-01-08,2026-01,해외자사몰,200027.5,137.95,1
2026-01-08,2026-01,해외자사몰,219820.0,151.6,1
2026-01-08,2026-01,해외자사몰,466030.0,321.4,2
2026-01-08,2026-01,해외자사몰,424125.0,292.5,2
2026-01-08,2026-01,해외자사몰,196330.0,135.4,1
2026-01-08,2026-01,해외자사몰,219820.0,151.6,1
2026-01-08,2026-01,해외자사몰,200027.5,137.95,1
2026-01-08,2026-01,해외자사몰,271512.5,187.25,1
2026-01-08,2026-01,해외자사몰,309430.0,213.4,2
2026-01-08,2026-01,해외자사몰,219820.0,151.6,1
2026-01-08,2026-01,해외자사몰,196330.0,135.4,1
2026-01-08,2026-01,해외자사몰,309357.5,213.35,2
2026-01-08,2026-01,해외자사몰,305660.0,210.8,2
2026-01-08,2026-01,해외자사몰,219820.0,151.6,1
2026-01-08,2026-01,해외자사몰,196330.0,135.4,1
2026-01-09,2026-01,국내자사몰,123120.0,,1
2026-01-09,2026-01,국내자사몰,64177.0,,1
2026-01-09,2026-01,국내자사몰,123120.0,,1
2026-01-09,2026-01,국내자사몰,123500.0,,1
2026-01-09,2026-01,국내자사몰,123120.0,,1
2026-01-09,2026-01,국내자사몰,129600.0,,1
2026-01-09,2026-01,국내자사몰,434025.0,,5
2026-01-09,2026-01,국내자사몰,45428.0,,1
2026-01-09,2026-01,국내자사몰,57210.0,,1
2026-01-09,2026-01,국내자사몰,116640.0,,1
2026-01-09,2026-01,국내자사몰,178500.0,,1
2026-01-09,2026-01,국내자사몰,123500.0,,1
2026-01-09,2026-01,국내자사몰,103150.0,,1
2026-01-09,2026-01,국내자사몰,111150.0,,1
2026-01-09,2026-01,국내자사몰,168000.0,,1
2026-01-09,2026-01,국내자사몰,45750.0,,1
2026-01-09,2026-01,국내자사몰,87210.0,,1
2026-01-09,2026-01,국내자사몰,108750.0,,1
2026-01-09,2026-01,국내자사몰,108750.0,,1
2026-01-09,2026-01,국내자사몰,268408.0,,3
2026-01-09,2026-01,국내자사몰,259200.0,,2
2026-01-09,2026-01,국내자사몰,108750.0,,1
2026-01-09,2026-01,국내자사몰,310365.0,,2
2026-01-09,2026-01,국내자사몰,411120.0,,5
2026-01-09,2026-01,국내자사몰,113400.0,,1
2026-01-09,2026-01,국내자사몰,151725.0,,1
2026-01-09,2026-01,국내자사몰,178500.0,,1
2026-01-09,2026-01,국내자사몰,178500.0,,1
2026-01-09,2026-01,국내자사몰,113400.0,,1
2026-01-09,2026-01,국내자사몰,129200.0,,1
2026-01-09,2026-01,국내자사몰,178500.0,,1
2026-01-09,2026-01,국내자사몰,282720.0,,2
2026-01-09,2026-01,국내자사몰,134175.0,,1
2026-01-09,2026-01,국내자사몰,123120.0,,1
2026-01-09,2026-01,국내자사몰,169575.0,,1
2026-01-09,2026-01,국내자사몰,109725.0,,1
2026-01-09,2026-01,국내자사몰,123120.0,,1
2026-01-09,2026-01,국내자사몰,137556.0,,1
2026-01-09,2026-01,국내자사몰,113400.0,,1
2026-01-09,2026-01,국내자사몰,129600.0,,1
2026-01-09,2026-01,국내자사몰,53200.0,,1
2026-01-09,2026-01,국내자사몰,113400.0,,1
2026-01-09,2026-01,국내자사몰,175827.0,,1
2026-01-09,2026-01,국내자사몰,125907.0,,1
2026-01-09,2026-01,국내자사몰,129600.0,,1
2026-01-09,2026-01,국내자사몰,27500.0,,1
2026-01-09,2026-01,국내자사몰,64840.0,,1
2026-01-09,2026-01,국내자사몰,107730.0,,1
2026-01-09,2026-01,해외자사몰,145580.0,100.4,1
2026-01-09,2026-01,해외자사몰,171390.0,118.2,1
2026-01-09,2026-01,해외자사몰,362862.5,250.25,2
2026-01-09,2026-01,해외자사몰,197780.0,136.4,1
2026-01-09,2026-01,해외자사몰,219820.0,151.6,1
2026-01-09,2026-01,해외자사몰,297685.0,205.3,2
2026-01-09,2026-01,해외자사몰,219820.0,151.6,1
2026-01-09,2026-01,해외자사몰,330600.0,228.0,2
2026-01-09,2026-01,해외자사몰,219820.0,151.6,1
2026-01-09,2026-01,해외자사몰,197780.0,136.4,1
2026-01-09,2026-01,해외자사몰,178350.0,123.0,1
2026-01-09,2026-01,해외자사몰,219820.0,151.6,1
2026-01-09,2026-01,해외자사몰,178350.0,123.0,1
2026-01-09,2026-01,해외자사몰,129775.0,89.5,1
2026-01-09,2026-01,해외자사몰,178350.0,123.0,1
2026-01-09,2026-01,해외자사몰,171390.0,118.2,1
2026-01-09,2026-01,해외자사몰,295075.0,203.5,2
2026-01-09,2026-01,해외자사몰,350610.0,241.8,3
2026-01-09,2026-01,해외자사몰,304210.0,209.8,2
2026-01-09,2026-01,해외자사몰,271512.5,187.25,1
2026-01-09,2026-01,해외자사몰,197780.0,136.4,1
2026-01-09,2026-01,해외자사몰,219820.0,151.6,1
2026-01-09,2026-01,해외자사몰,219820.0,151.6,1
2026-01-09,2026-01,해외자사몰,197780.0,136.4,1
2026-01-09,2026-01,해외자사몰,178350.0,123.0,1
2026-01-09,2026-01,해외자사몰,171390.0,118.2,1
2026-01-09,2026-01,해외자사몰,203725.0,140.5,1
2026-01-09,2026-01,해외자사몰,219820.0,151.6,1
2026-01-09,2026-01,해외자사몰,188906.0,130.28,1
2026-01-09,2026-01,해외자사몰,219820.0,151.6,1
2026-01-09,2026-01,해외자사몰,129775.0,89.5,1
2026-01-09,2026-01,해외자사몰,160225.0,110.5,1
2026-01-09,2026-01,해외자사몰,219820.0,151.6,1
2026-01-09,2026-01,해외자사몰,346405.0,238.9,3
2026-01-10,2026-01,국내자사몰,92438.0,,1
2026-01-10,2026-01,국내자사몰,123500.0,,1
2026-01-10,2026-01,국내자사몰,129600.0,,1
2026-01-10,2026-01,국내자사몰,105446.0,,1
2026-01-10,2026-01,국내자사몰,439004.0,,4
2026-01-10,2026-01,국내자사몰,123120.0,,1
2026-01-10,2026-01,국내자사몰,123120.0,,1
2026-01-10,2026-01,국내자사몰,113400.0,,1
2026-01-10,2026-01,국내자사몰,278664.0,,3
2026-01-10,2026-01,국내자사몰,169575.0,,1
2026-01-10,2026-01,국내자사몰,123120.0,,1
2026-01-10,2026-01,국내자사몰,52000.0,,2
2026-01-10,2026-01,국내자사몰,111150.0,,1
2026-01-10,2026-01,국내자사몰,56000.0,,1
2026-01-10,2026-01,국내자사몰,62700.0,,1
2026-01-10,2026-01,국내자사몰,99180.0,,1
2026-01-10,2026-01,국내자사몰,66000.0,,1
2026-01-10,2026-01,국내자사몰,129600.0,,1
2026-01-10,2026-01,국내자사몰,87077.0,,1
2026-01-10,2026-01,국내자사몰,129600.0,,1
2026-01-10,2026-01,국내자사몰,129600.0,,1
2026-01-10,2026-01,국내자사몰,123120.0,,1
2026-01-10,2026-01,국내자사몰,309100.0,,4
2026-01-10,2026-01,국내자사몰,86450.0,,1
2026-01-10,2026-01,국내자사몰,177150.0,,2
2026-01-10,2026-01,국내자사몰,178500.0,,1
2026-01-10,2026-01,국내자사몰,123500.0,,1
2026-01-10,2026-01,국내자사몰,49023.0,,1
2026-01-10,2026-01,국내자사몰,72900.0,,1
2026-01-10,2026-01,국내자사몰,123120.0,,1
2026-01-10,2026-01,국내자사몰,113400.0,,1
2026-01-10,2026-01,국내자사몰,106042.0,,1
2026-01-10,2026-01,국내자사몰,310365.0,,2
2026-01-10,2026-01,국내자사몰,123500.0,,1
2026-01-10,2026-01,국내자사몰,108750.0,,1
2026-01-10,2026-01,국내자사몰,116210.0,,1
2026-01-10,2026-01,국내자사몰,409905.0,,4
2026-01-10,2026-01,국내자사몰,78200.0,,1
2026-01-10,2026-01,국내자사몰,129600.0,,1
2026-01-10,2026-01,국내자사몰,129600.0,,1
2026-01-10,2026-01,국내자사몰,156400.0,,2
2026-01-10,2026-01,국내자사몰,127500.0,,2
2026-01-10,2026-01,국내자사몰,52000.0,,2
2026-01-10,2026-01,국내자사몰,108750.0,,1
2026-01-10,2026-01,국내자사몰,129600.0,,1
2026-01-10,2026-01,국내자사몰,195600.0,,2
2026-01-10,2026-01,국내자사몰,144000.0,,1
2026-01-10,2026-01,국내자사몰,159600.0,,1
2026-01-10,2026-01,국내자사몰,129600.0,,1
2026-01-10,2026-01,국내자사몰,103313.0,,1
2026-01-10,2026-01,국내자사몰,138225.0,,1
2026-01-10,2026-01,국내자사몰,145500.0,,1
2026-01-10,2026-01,국내자사몰,129600.0,,1
2026-01-10,2026-01,국내자사몰,59400.0,,1
2026-01-10,2026-01,국내자사몰,86450.0,,1
2026-01-10,2026-01,국내자사몰,123120.0,,1
2026-01-10,2026-01,국내자사몰,140250.0,,2
2026-01-10,2026-01,국내자사몰,160650.0,,1
2026-01-10,2026-01,해외자사몰,178350.0,123.0,1
2026-01-10,2026-01,해외자사몰,219820.0,151.6,1
2026-01-10,2026-01,해외자사몰,178350.0,123.0,1
2026-01-10,2026-01,해외자사몰,203725.0,140.5,1
2026-01-10,2026-01,해외자사몰,178350.0,123.0,1
2026-01-10,2026-01,해외자사몰,316752.5,218.45,2
2026-01-10,2026-01,해외자사몰,219820.0,151.6,1
2026-01-10,2026-01,해외자사몰,178350.0,123.0,1
2026-01-10,2026-01,해외자사몰,178350.0,123.0,1
2026-01-10,2026-01,해외자사몰,171390.0,118.2,1
2026-01-10,2026-01,해외자사몰,363950.0,251.0,4
2026-01-10,2026-01,해외자사몰,436087.5,300.75,2
2026-01-10,2026-01,해외자사몰,322625.0,222.5,2
2026-01-10,2026-01,해외자사몰,269265.0,185.7,2
2026-01-10,2026-01,해외자사몰,219820.0,151.6,1
2026-01-10,2026-01,해외자사몰,178350.0,123.0,1
2026-01-10,2026-01,해외자사몰,331615.0,228.7,5
2026-01-10,2026-01,해외자사몰,197780.0,136.4,1
2026-01-10,2026-01,해외자사몰,355482.0,245.16,3
2026-01-10,2026-01,해외자사몰,197780.0,136.4,1
2026-01-10,2026-01,해외자사몰,178350.0,123.0,1
2026-01-10,2026-01,해외자사몰,219820.0,151.6,1
2026-01-10,2026-01,해외자사몰,372650.0,257.0,3
2026-01-10,2026-01,해외자사몰,203725.0,140.5,1
2026-01-10,2026-01,해외자사몰,304210.0,209.8,2
2026-01-10,2026-01,해외자사몰,327627.5,225.95,3
2026-01-10,2026-01,해외자사몰,305587.5,210.75,3
2026-01-10,2026-01,해외자사몰,178350.0,123.0,1
2026-01-10,2026-01,해외자사몰,178350.0,123.0,1
2026-01-10,2026-01,해외자사몰,171390.0,118.2,1
2026-01-10,2026-01,해외자사몰,197780.0,136.4,1
2026-01-10,2026-01,해외자사몰,219820.0,151.6,1
2026-01-11,2026-01,국내자사몰,122796.0,,1
2026-01-11,2026-01,국내자사몰,113400.0,,1
2026-01-11,2026-01,국내자사몰,104975.0,,1
2026-01-11,2026-01,국내자사몰,108750.0,,1
2026-01-11,2026-01,국내자사몰,136800.0,,1
2026-01-11,2026-01,국내자사몰,42600.0,,2
2026-01-11,2026-01,국내자사몰,113400.0,,1
2026-01-11,2026-01,국내자사몰,63000.0,,1
2026-01-11,2026-01,국내자사몰,159600.0,,1
2026-01-11,2026-01,국내자사몰,590070.0,,6
2026-01-11,2026-01,국내자사몰,129600.0,,1
2026-01-11,2026-01,국내자사몰,123120.0,,1
2026-01-11,2026-01,국내자사몰,144000.0,,1
2026-01-11,2026-01,국내자사몰,37650.0,,1
2026-01-11,2026-01,국내자사몰,128050.0,,2
2026-01-11,2026-01,국내자사몰,91000.0,,1
2026-01-11,2026-01,국내자사몰,119865.0,,2
2026-01-11,2026-01,국내자사몰,115500.0,,1
2026-01-11,2026-01,국내자사몰,103313.0,,1
2026-01-11,2026-01,국내자사몰,83050.0,,2
2026-01-11,2026-01,국내자사몰,123120.0,,1
2026-01-11,2026-01,국내자사몰,48500.0,,1
2026-01-11,2026-01,국내자사몰,108750.0,,1
2026-01-11,2026-01,국내자사몰,178500.0,,1
2026-01-11,2026-01,국내자사몰,193500.0,,2
2026-01-11,2026-01,국내자사몰,108750.0,,1
2026-01-11,2026-01,국내자사몰,130320.0,,3
2026-01-11,2026-01,국내자사몰,103313.0,,1
2026-01-11,2026-01,국내자사몰,64500.0,,1
2026-01-11,2026-01,국내자사몰,63750.0,,1
2026-01-11,2026-01,국내자사몰,63000.0,,1
2026-01-11,2026-01,국내자사몰,123120.0,,1
2026-01-11,2026-01,국내자사몰,101132.0,,1
2026-01-11,2026-01,국내자사몰,178500.0,,1
2026-01-11,2026-01,국내자사몰,104690.0,,1
2026-01-11,2026-01,국내자사몰,87720.0,,2
2026-01-11,2026-01,국내자사몰,132000.0,,1
2026-01-11,2026-01,국내자사몰,512300.0,,4
2026-01-11,2026-01,국내자사몰,110160.0,,1
2026-01-11,2026-01,국내자사몰,115500.0,,1
2026-01-11,2026-01,국내자사몰,123120.0,,1
2026-01-11,2026-01,국내자사몰,129500.0,,2
2026-01-11,2026-01,국내자사몰,157500.0,,1
2026-01-11,2026-01,국내자사몰,67500.0,,1
2026-01-11,2026-01,국내자사몰,173700.0,,2
2026-01-11,2026-01,국내자사몰,113400.0,,1
2026-01-11,2026-01,국내자사몰,108750.0,,1
2026-01-11,2026-01,국내자사몰,64125.0,,1
2026-01-11,2026-01,국내자사몰,122870.0,,1
2026-01-11,2026-01,국내자사몰,90300.0,,1
2026-01-11,2026-01,국내자사몰,125469.0,,1
2026-01-11,2026-01,해외자사몰,219820.0,151.6,1
2026-01-11,2026-01,해외자사몰,178350.0,123.0,1
2026-01-11,2026-01,해외자사몰,197780.0,136.4,1
2026-01-11,2026-01,해외자사몰,447325.0,308.5,3
2026-01-11,2026-01,해외자사몰,219820.0,151.6,1
2026-01-11,2026-01,해외자사몰,203725.0,140.5,1
2026-01-11,2026-01,해외자사몰,178350.0,123.0,1
2026-01-11,2026-01,해외자사몰,271512.5,187.25,1
2026-01-11,2026-01,해외자사몰,197780.0,136.4,1
2026-01-11,2026-01,해외자사몰,271512.5,187.25,1
2026-01-11,2026-01,해외자사몰,271512.5,187.25,1
2026-01-11,2026-01,해외자사몰,197780.0,136.4,1
2026-01-11,2026-01,해외자사몰,129775.0,89.5,1
2026-01-11,2026-01,해외자사몰,197780.0,136.4,1
2026-01-11,2026-01,해외자사몰,178350.0,123.0,1
2026-01-11,2026-01,해외자사몰,178350.0,123.0,1
2026-01-11,2026-01,해외자사몰,404332.50000000006,278.85,2
2026-01-11,2026-01,해외자사몰,219820.0,151.6,1
2026-01-11,2026-01,해외자사몰,178350.0,123.0,1
2026-01-11,2026-01,해외자사몰,197780.0,136.4,1
2026-01-11,2026-01,해외자사몰,178350.0,123.0,1
2026-01-11,2026-01,해외자사몰,197780.0,136.4,1
2026-01-11,2026-01,해외자사몰,178350.0,123.0,1
2026-01-11,2026-01,해외자사몰,362862.5,250.25,2
2026-01-11,2026-01,해외자사몰,219820.0,151.6,1
2026-01-11,2026-01,해외자사몰,257085.00000000003,177.3,3
2026-01-11,2026-01,해외자사몰,178350.0,123.0,1
2026-01-11,2026-01,해외자사몰,178350.0,123.0,1
2026-01-11,2026-01,해외자사몰,219820.0,151.6,1
2026-01-12,2026-01,국내자사몰,56000.0,,1
2026-01-12,2026-01,국내자사몰,178500.0,,1
2026-01-12,2026-01,국내자사몰,123120.0,,1
2026-01-12,2026-01,국내자사몰,129600.0,,1
2026-01-12,2026-01,국내자사몰,103775.0,,1
2026-01-12,2026-01,국내자사몰,168000.0,,1
2026-01-12,2026-01,국내자사몰,108425.0,,1
2026-01-12,2026-01,국내자사몰,56000.0,,1
2026-01-12,2026-01,국내자사몰,308100.0,,2
2026-01-12,2026-01,국내자사몰,102060.0,,1
2026-01-12,2026-01,국내자사몰,129600.0,,1
2026-01-12,2026-01,국내자사몰,105251.0,,1
2026-01-12,2026-01,국내자사몰,130750.0,,2
2026-01-12,2026-01,국내자사몰,236900.0,,2
2026-01-12,2026-01,국내자사몰,129600.0,,1
2026-01-12,2026-01,국내자사몰,129600.0,,1
2026-01-12,2026-01,국내자사몰,93284.0,,1
2026-01-12,2026-01,국내자사몰,103313.0,,1
2026-01-12,2026-01,국내자사몰,116640.0,,1
2026-01-12,2026-01,국내자사몰,116640.0,,1
2026-01-12,2026-01,국내자사몰,108750.0,,1
2026-01-12,2026-01,국내자사몰,112000.0,,1
2026-01-12,2026-01,국내자사몰,502397.0,,5
2026-01-12,2026-01,국내자사몰,129600.0,,1
2026-01-12,2026-01,국내자사몰,108781.0,,1
2026-01-12,2026-01,국내자사몰,63000.0,,1
2026-01-12,2026-01,국내자사몰,81900.0,,1
2026-01-12,2026-01,국내자사몰,129600.0,,1
2026-01-12,2026-01,국내자사몰,81000.0,,1
2026-01-12,2026-01,국내자사몰,237050.0,,2
2026-01-12,2026-01,국내자사몰,109448.0,,1
2026-01-12,2026-01,국내자사몰,108750.0,,1
2026-01-12,2026-01,국내자사몰,107730.0,,1
2026-01-12,2026-01,국내자사몰,16913.0,,1
2026-01-12,2026-01,국내자사몰,459562.0,,4
2026-01-12,2026-01,국내자사몰,192600.0,,2
2026-01-12,2026-01,국내자사몰,112000.0,,1
2026-01-12,2026-01,국내자사몰,113400.0,,1
2026-01-12,2026-01,국내자사몰,123120.0,,1
2026-01-12,2026-01,국내자사몰,396008.0,,3
2026-01-12,2026-01,국내자사몰,137128.0,,1
2026-01-12,2026-01,국내자사몰,113400.0,,1
2026-01-12,2026-01,국내자사몰,113400.0,,1
2026-01-12,2026-01,국내자사몰,104975.0,,1
2026-01-12,2026-01,국내자사몰,106400.0,,1
2026-01-12,2026-01,국내자사몰,63000.0,,1
2026-01-12,2026-01,국내자사몰,178500.0,,1
2026-01-12,2026-01,국내자사몰,86450.0,,1
2026-01-12,2026-01,국내자사몰,169575.0,,1
2026-01-12,2026-01,국내자사몰,132000.0,,1
2026-01-12,2026-01,국내자사몰,132000.0,,1
2026-01-12,2026-01,국내자사몰,53200.0,,1
2026-01-12,2026-01,해외자사몰,362862.5,250.25,2
2026-01-12,2026-01,해외자사몰,178350.0,123.0,1
2026-01-12,2026-01,해외자사몰,203725.0,140.5,1
2026-01-12,2026-01,해외자사몰,197780.0,136.4,1
2026-01-12,2026-01,해외자사몰,362862.5,250.25,2
2026-01-12,2026-01,해외자사몰,219820.0,151.6,1
2026-01-12,2026-01,해외자사몰,336545.0,232.1,2
2026-01-12,2026-01,해외자사몰,334877.5,230.95,3
2026-01-12,2026-01,해외자사몰,178350.0,123.0,1
2026-01-12,2026-01,해외자사몰,219820.0,151.6,1
2026-01-12,2026-01,해외자사몰,178350.0,123.0,1
2026-01-12,2026-01,해외자사몰,384540.0,265.2,2
2026-01-12,2026-01,해외자사몰,219820.0,151.6,1
2026-01-12,2026-01,해외자사몰,129775.0,89.5,1
2026-01-12,2026-01,해외자사몰,334152.5,230.45,2
2026-01-12,2026-01,해외자사몰,218515.0,150.7,1
2026-01-12,2026-01,해외자사몰,278617.5,192.15,2
2026-01-12,2026-01,해외자사몰,218515.0,150.7,1
2026-01-13,2026-01,국내자사몰,106400.0,,1
2026-01-13,2026-01,국내자사몰,178500.0,,1
2026-01-13,2026-01,국내자사몰,103680.0,,1
2026-01-13,2026-01,국내자사몰,115500.0,,1
2026-01-13,2026-01,국내자사몰,168000.0,,1
2026-01-13,2026-01,국내자사몰,159600.0,,1
2026-01-13,2026-01,국내자사몰,76343.0,,1
2026-01-13,2026-01,국내자사몰,62050.0,,1
2026-01-13,2026-01,국내자사몰,129600.0,,1
2026-01-13,2026-01,국내자사몰,116640.0,,1
2026-01-13,2026-01,국내자사몰,399835.0,,4
2026-01-13,2026-01,국내자사몰,216880.0,,4
2026-01-13,2026-01,국내자사몰,113280.0,,2
2026-01-13,2026-01,국내자사몰,56000.0,,1
2026-01-13,2026-01,국내자사몰,113400.0,,1
2026-01-13,2026-01,국내자사몰,110200.0,,1
2026-01-13,2026-01,국내자사몰,123120.0,,1
2026-01-13,2026-01,국내자사몰,65610.0,,1
2026-01-13,2026-01,국내자사몰,117325.0,,1
2026-01-13,2026-01,국내자사몰,159600.0,,1
2026-01-13,2026-01,국내자사몰,129600.0,,1
2026-01-13,2026-01,국내자사몰,122740.0,,1
2026-01-13,2026-01,국내자사몰,178500.0,,1
2026-01-13,2026-01,국내자사몰,168000.0,,2
2026-01-13,2026-01,국내자사몰,113400.0,,1
2026-01-13,2026-01,국내자사몰,439650.0,,4
2026-01-13,2026-01,국내자사몰,129200.0,,1
2026-01-13,2026-01,국내자사몰,180709.0,,2
2026-01-13,2026-01,국내자사몰,110200.0,,1
2026-01-13,2026-01,국내자사몰,105230.0,,1
2026-01-13,2026-01,국내자사몰,110509.0,,1
2026-01-13,2026-01,국내자사몰,113400.0,,1
2026-01-13,2026-01,국내자사몰,536350.0,,5
2026-01-13,2026-01,국내자사몰,175000.0,,1
2026-01-13,2026-01,국내자사몰,129200.0,,1
2026-01-13,2026-01,국내자사몰,65700.0,,1
2026-01-13,2026-01,국내자사몰,113400.0,,1
2026-01-13,2026-01,국내자사몰,139300.0,,1
2026-01-13,2026-01,국내자사몰,91000.0,,1
2026-01-13,2026-01,국내자사몰,97875.0,,1
2026-01-13,2026-01,국내자사몰,117325.0,,1
2026-01-13,2026-01,국내자사몰,116640.0,,1
2026-01-13,2026-01,국내자사몰,169575.0,,1
2026-01-13,2026-01,국내자사몰,168000.0,,1
2026-01-13,2026-01,국내자사몰,123120.0,,1
2026-01-13,2026-01,국내자사몰,125370.0,,1
2026-01-13,2026-01,국내자사몰,106726.0,,1
2026-01-13,2026-01,국내자사몰,220320.0,,2
2026-01-13,2026-01,해외자사몰,219820.0,151.6,1
2026-01-13,2026-01,해외자사몰,203725.0,140.5,1
2026-01-13,2026-01,해외자사몰,358585.0,247.3,3
2026-01-13,2026-01,해외자사몰,446020.00000000006,307.6,3
2026-01-13,2026-01,해외자사몰,271512.5,187.25,1
2026-01-13,2026-01,해외자사몰,219820.0,151.6,1
2026-01-13,2026-01,해외자사몰,219820.0,151.6,1
2026-01-13,2026-01,해외자사몰,178350.0,123.0,1
2026-01-13,2026-01,해외자사몰,323640.0,223.2,2
2026-01-13,2026-01,해외자사몰,178350.0,123.0,1
2026-01-13,2026-01,해외자사몰,301600.0,208.0,2
2026-01-13,2026-01,해외자사몰,299570.0,206.6,2
2026-01-13,2026-01,해외자사몰,178350.0,123.0,1
2026-01-13,2026-01,해외자사몰,178350.0,123.0,1
2026-01-13,2026-01,해외자사몰,197780.0,136.4,1
2026-01-13,2026-01,해외자사몰,178350.0,123.0,1
2026-01-13,2026-01,해외자사몰,219820.0,151.6,1
2026-01-13,2026-01,해외자사몰,336545.0,232.1,2
2026-01-13,2026-01,해외자사몰,271512.5,187.25,1
2026-01-13,2026-01,해외자사몰,190820.0,131.6,1
2026-01-13,2026-01,해외자사몰,251575.0,173.5,1
2026-01-14,2026-01,국내자사몰,129200.0,,1
2026-01-14,2026-01,국내자사몰,129600.0,,1
2026-01-14,2026-01,국내자사몰,110405.0,,1
2026-01-14,2026-01,국내자사몰,178500.0,,1
2026-01-14,2026-01,국내자사몰,113400.0,,1
2026-01-14,2026-01,국내자사몰,64125.0,,1
2026-01-14,2026-01,국내자사몰,801944.0,,8
2026-01-14,2026-01,국내자사몰,129200.0,,1
2026-01-14,2026-01,국내자사몰,116640.0,,1
2026-01-14,2026-01,국내자사몰,178500.0,,1
2026-01-14,2026-01,국내자사몰,129600.0,,1
2026-01-14,2026-01,국내자사몰,61640.0,,1
2026-01-14,2026-01,국내자사몰,492750.0,,3
2026-01-14,2026-01,국내자사몰,168000.0,,1
2026-01-14,2026-01,국내자사몰,113400.0,,1
2026-01-14,2026-01,국내자사몰,129600.0,,1
2026-01-14,2026-01,국내자사몰,178500.0,,1
2026-01-14,2026-01,국내자사몰,56000.0,,1
2026-01-14,2026-01,국내자사몰,181000.0,,3
2026-01-14,2026-01,국내자사몰,91800.0,,1
2026-01-14,2026-01,국내자사몰,255455.0,,2
2026-01-14,2026-01,국내자사몰,247950.0,,1
2026-01-14,2026-01,국내자사몰,120609.0,,1
2026-01-14,2026-01,국내자사몰,108750.0,,1
2026-01-14,2026-01,국내자사몰,124352.0,,1
2026-01-14,2026-01,국내자사몰,311500.0,,3
2026-01-14,2026-01,국내자사몰,117325.0,,1
2026-01-14,2026-01,국내자사몰,116640.0,,1
2026-01-14,2026-01,국내자사몰,62700.0,,1
2026-01-14,2026-01,국내자사몰,56000.0,,1
2026-01-14,2026-01,국내자사몰,108750.0,,1
2026-01-14,2026-01,국내자사몰,123120.0,,1
2026-01-14,2026-01,국내자사몰,151200.0,,2
2026-01-14,2026-01,국내자사몰,129600.0,,1
2026-01-14,2026-01,국내자사몰,171713.0,,2
2026-01-14,2026-01,국내자사몰,180750.0,,2
2026-01-14,2026-01,국내자사몰,121495.0,,1
2026-01-14,2026-01,국내자사몰,144000.0,,1
2026-01-14,2026-01,국내자사몰,108750.0,,1
2026-01-14,2026-01,해외자사몰,203725.0,140.5,1
2026-01-14,2026-01,해외자사몰,219820.0,151.6,1
2026-01-14,2026-01,해외자사몰,171390.0,118.2,1
2026-01-14,2026-01,해외자사몰,295075.0,203.5,2
2026-01-14,2026-01,해외자사몰,197780.0,136.4,1
2026-01-14,2026-01,해외자사몰,168823.5,116.43,1
2026-01-14,2026-01,해외자사몰,178350.0,123.0,1
2026-01-14,2026-01,해외자사몰,219820.0,151.6,1
2026-01-14,2026-01,해외자사몰,178350.0,123.0,1
2026-01-14,2026-01,해외자사몰,178350.0,123.0,1
2026-01-14,2026-01,해외자사몰,197780.0,136.4,1
2026-01-14,2026-01,해외자사몰,312765.0,215.7,3
2026-01-14,2026-01,해외자사몰,178350.0,123.0,1
2026-01-14,2026-01,해외자사몰,178350.0,123.0,1
2026-01-14,2026-01,해외자사몰,178350.0,123.0,1
2026-01-14,2026-01,해외자사몰,178350.0,123.0,1
2026-01-14,2026-01,해외자사몰,297250.0,205.0,2
2026-01-14,2026-01,해외자사몰,178350.0,123.0,1
2026-01-14,2026-01,해외자사몰,219820.0,151.6,1
2026-01-14,2026-01,해외자사몰,271512.5,187.25,1
2026-01-14,2026-01,해외자사몰,197780.0,136.4,1
2026-01-14,2026-01,해외자사몰,219820.0,151.6,1
2026-01-14,2026-01,해외자사몰,293625.0,202.5,2
2026-01-14,2026-01,해외자사몰,271512.5,187.25,1
2026-01-14,2026-01,해외자사몰,219820.0,151.6,1
2026-01-15,2026-01,국내자사몰,292695.0,,2
2026-01-15,2026-01,국내자사몰,123120.0,,1
2026-01-15,2026-01,국내자사몰,129600.0,,1
2026-01-15,2026-01,국내자사몰,123500.0,,1
2026-01-15,2026-01,국내자사몰,108750.0,,1
2026-01-15,2026-01,국내자사몰,102060.0,,1
2026-01-15,2026-01,국내자사몰,129600.0,,1
2026-01-15,2026-01,국내자사몰,63750.0,,1
2026-01-15,2026-01,국내자사몰,126112.0,,1
2026-01-15,2026-01,국내자사몰,112741.0,,1
2026-01-15,2026-01,국내자사몰,129600.0,,1
2026-01-15,2026-01,국내자사몰,108750.0,,1
2026-01-15,2026-01,국내자사몰,72900.0,,1
2026-01-15,2026-01,국내자사몰,178500.0,,1
2026-01-15,2026-01,국내자사몰,129600.0,,1
2026-01-15,2026-01,국내자사몰,178500.0,,1
2026-01-15,2026-01,국내자사몰,110200.0,,1
2026-01-15,2026-01,국내자사몰,113400.0,,1
2026-01-15,2026-01,국내자사몰,253100.0,,2
2026-01-15,2026-01,국내자사몰,129600.0,,1
2026-01-15,2026-01,국내자사몰,166250.0,,1
2026-01-15,2026-01,국내자사몰,113400.0,,1
2026-01-15,2026-01,국내자사몰,108750.0,,1
2026-01-15,2026-01,국내자사몰,129600.0,,1
2026-01-15,2026-01,국내자사몰,178500.0,,1
2026-01-15,2026-01,국내자사몰,123500.0,,1
2026-01-15,2026-01,국내자사몰,129600.0,,1
2026-01-15,2026-01,국내자사몰,108750.0,,1
2026-01-15,2026-01,국내자사몰,108750.0,,1
2026-01-15,2026-01,국내자사몰,129600.0,,1
2026-01-15,2026-01,국내자사몰,108750.0,,1
2026-01-15,2026-01,국내자사몰,81900.0,,1
2026-01-15,2026-01,국내자사몰,126600.0,,1
2026-01-15,2026-01,국내자사몰,132000.0,,1
2026-01-15,2026-01,국내자사몰,113400.0,,1
2026-01-15,2026-01,국내자사몰,113400.0,,1
2026-01-15,2026-01,국내자사몰,108750.0,,1
2026-01-15,2026-01,국내자사몰,257400.0,,2
2026-01-15,2026-01,국내자사몰,129600.0,,1
2026-01-15,2026-01,국내자사몰,129600.0,,1
2026-01-15,2026-01,국내자사몰,123500.0,,1
2026-01-15,2026-01,국내자사몰,129600.0,,1
2026-01-15,2026-01,국내자사몰,77620.0,,1
2026-01-15,2026-01,국내자사몰,62050.0,,1
2026-01-15,2026-01,국내자사몰,110112.0,,2
2026-01-15,2026-01,국내자사몰,123500.0,,1
2026-01-15,2026-01,국내자사몰,168000.0,,1
2026-01-15,2026-01,국내자사몰,169575.0,,1
2026-01-15,2026-01,국내자사몰,129600.0,,1
2026-01-15,2026-01,국내자사몰,110200.0,,1
2026-01-15,2026-01,국내자사몰,129600.0,,1
2026-01-15,2026-01,국내자사몰,143190.0,,1
2026-01-15,2026-01,국내자사몰,129600.0,,1
2026-01-15,2026-01,국내자사몰,123120.0,,1
2026-01-15,2026-01,국내자사몰,129600.0,,1
2026-01-15,2026-01,국내자사몰,178500.0,,1
2026-01-15,2026-01,국내자사몰,123120.0,,1
2026-01-15,2026-01,국내자사몰,129600.0,,1
2026-01-15,2026-01,국내자사몰,166250.0,,1
2026-01-15,2026-01,국내자사몰,103313.0,,1
2026-01-15,2026-01,국내자사몰,129600.0,,1
2026-01-15,2026-01,해외자사몰,197780.0,136.4,1
2026-01-15,2026-01,해외자사몰,219820.0,151.6,1
2026-01-15,2026-01,해외자사몰,171390.0,118.2,1
2026-01-15,2026-01,해외자사몰,219820.0,151.6,1
2026-01-15,2026-01,해외자사몰,178350.0,123.0,1
2026-01-15,2026-01,해외자사몰,197780.0,136.4,1
2026-01-15,2026-01,해외자사몰,219820.0,151.6,1
2026-01-15,2026-01,해외자사몰,219820.0,151.6,1
2026-01-15,2026-01,해외자사몰,178350.0,123.0,1
2026-01-15,2026-01,해외자사몰,219820.0,151.6,1
2026-01-15,2026-01,해외자사몰,306820.0,211.6,3
2026-01-15,2026-01,해외자사몰,171390.0,118.2,1
2026-01-15,2026-01,해외자사몰,219820.0,151.6,1
2026-01-15,2026-01,해외자사몰,311170.0,214.6,2
2026-01-15,2026-01,해외자사몰,219820.0,151.6,1
2026-01-15,2026-01,해외자사몰,178350.0,123.0,1
2026-01-15,2026-01,해외자사몰,219820.0,151.6,1
2026-01-15,2026-01,해외자사몰,178350.0,123.0,1
2026-01-15,2026-01,해외자사몰,203725.0,140.5,1
2026-01-15,2026-01,해외자사몰,211004.00000000003,145.52,1
2026-01-15,2026-01,해외자사몰,178350.0,123.0,1
2026-01-15,2026-01,해외자사몰,219820.0,151.6,1
2026-01-16,2026-01,국내자사몰,66000.0,,1
2026-01-16,2026-01,국내자사몰,123120.0,,1
2026-01-16,2026-01,국내자사몰,129600.0,,1
2026-01-16,2026-01,국내자사몰,132335.0,,1
2026-01-16,2026-01,국내자사몰,117325.0,,1
2026-01-16,2026-01,국내자사몰,132000.0,,1
2026-01-16,2026-01,국내자사몰,166250.0,,1
2026-01-16,2026-01,국내자사몰,163340.0,,1
2026-01-16,2026-01,국내자사몰,123120.0,,1
2026-01-16,2026-01,국내자사몰,123120.0,,1
2026-01-16,2026-01,국내자사몰,56000.0,,1
2026-01-16,2026-01,국내자사몰,59850.0,,1
2026-01-16,2026-01,국내자사몰,116640.0,,1
2026-01-16,2026-01,국내자사몰,113400.0,,1
2026-01-16,2026-01,국내자사몰,110160.0,,1
2026-01-16,2026-01,국내자사몰,123120.0,,1
2026-01-16,2026-01,국내자사몰,123500.0,,1
2026-01-16,2026-01,국내자사몰,104976.0,,1
2026-01-16,2026-01,국내자사몰,108750.0,,1
2026-01-16,2026-01,국내자사몰,113400.0,,1
2026-01-16,2026-01,국내자사몰,113400.0,,1
2026-01-16,2026-01,국내자사몰,129600.0,,1
2026-01-16,2026-01,국내자사몰,123120.0,,1
2026-01-16,2026-01,국내자사몰,113050.0,,1
2026-01-16,2026-01,국내자사몰,63000.0,,1
2026-01-16,2026-01,국내자사몰,216125.0,,2
2026-01-16,2026-01,국내자사몰,208500.0,,2
2026-01-16,2026-01,국내자사몰,45750.0,,1
2026-01-16,2026-01,국내자사몰,113855.0,,1
2026-01-16,2026-01,국내자사몰,129600.0,,1
2026-01-16,2026-01,국내자사몰,168000.0,,1
2026-01-16,2026-01,국내자사몰,102000.0,,1
2026-01-16,2026-01,국내자사몰,129600.0,,1
2026-01-16,2026-01,국내자사몰,113400.0,,1
2026-01-16,2026-01,국내자사몰,107730.0,,1
2026-01-16,2026-01,국내자사몰,129600.0,,1
2026-01-16,2026-01,국내자사몰,113400.0,,1
2026-01-16,2026-01,국내자사몰,106295.0,,1
2026-01-16,2026-01,국내자사몰,116640.0,,1
2026-01-16,2026-01,국내자사몰,296415.0,,3
2026-01-16,2026-01,국내자사몰,112000.0,,1
2026-01-16,2026-01,국내자사몰,119700.0,,1
2026-01-16,2026-01,국내자사몰,108750.0,,1
2026-01-16,2026-01,국내자사몰,123120.0,,1
2026-01-16,2026-01,해외자사몰,178350.0,123.0,1
2026-01-16,2026-01,해외자사몰,219820.0,151.6,1
2026-01-16,2026-01,해외자사몰,197780.0,136.4,1
2026-01-16,2026-01,해외자사몰,178350.0,123.0,1
2026-01-16,2026-01,해외자사몰,498437.5,343.75,5
2026-01-16,2026-01,해외자사몰,271512.5,187.25,1
2026-01-16,2026-01,해외자사몰,352640.0,243.2,2
2026-01-16,2026-01,해외자사몰,271512.5,187.25,1
2026-01-16,2026-01,해외자사몰,219820.0,151.6,1
2026-01-16,2026-01,해외자사몰,178350.0,123.0,1
2026-01-16,2026-01,해외자사몰,219820.0,151.6,1
2026-01-16,2026-01,해외자사몰,197780.0,136.4,1
2026-01-16,2026-01,해외자사몰,178350.0,123.0,1
2026-01-16,2026-01,해외자사몰,219820.0,151.6,1
2026-01-16,2026-01,해외자사몰,219820.0,151.6,1
2026-01-16,2026-01,해외자사몰,309865.0,213.7,2
2026-01-16,2026-01,해외자사몰,178350.0,123.0,1
2026-01-16,2026-01,해외자사몰,219820.0,151.6,1
2026-01-16,2026-01,해외자사몰,116580.0,80.4,1
2026-01-16,2026-01,해외자사몰,219820.0,151.6,1
2026-01-16,2026-01,해외자사몰,397590.0,274.2,3
2026-01-16,2026-01,해외자사몰,178350.0,123.0,1
2026-01-16,2026-01,해외자사몰,197780.0,136.4,1
2026-01-16,2026-01,해외자사몰,219820.0,151.6,1
2026-01-16,2026-01,해외자사몰,197780.0,136.4,1
2026-01-16,2026-01,해외자사몰,197780.0,136.4,1
2026-01-16,2026-01,해외자사몰,178350.0,123.0,1
2026-01-16,2026-01,해외자사몰,362862.5,250.25,2
2026-01-16,2026-01,해외자사몰,219820.0,151.6,1
2026-01-16,2026-01,해외자사몰,197780.0,136.4,1
2026-01-16,2026-01,해외자사몰,178350.0,123.0,1
2026-01-16,2026-01,해외자사몰,219820.0,151.6,1
2026-01-16,2026-01,해외자사몰,197780.0,136.4,1
2026-01-17,2026-01,국내자사몰,268900.0,,2
2026-01-17,2026-01,국내자사몰,126101.0,,1
2026-01-17,2026-01,국내자사몰,132335.0,,1
2026-01-17,2026-01,국내자사몰,125907.0,,1
2026-01-17,2026-01,국내자사몰,121445.0,,1
2026-01-17,2026-01,국내자사몰,144000.0,,1
2026-01-17,2026-01,국내자사몰,129600.0,,1
2026-01-17,2026-01,국내자사몰,403737.0,,4
2026-01-17,2026-01,국내자사몰,72000.0,,1
2026-01-17,2026-01,국내자사몰,107730.0,,1
2026-01-17,2026-01,국내자사몰,1185638.0,,10
2026-01-17,2026-01,국내자사몰,50006.0,,1
2026-01-17,2026-01,국내자사몰,113400.0,,1
2026-01-17,2026-01,국내자사몰,62050.0,,1
2026-01-17,2026-01,국내자사몰,114700.0,,1
2026-01-17,2026-01,국내자사몰,119408.0,,1
2026-01-17,2026-01,국내자사몰,108750.0,,1
2026-01-17,2026-01,국내자사몰,159600.0,,1
2026-01-17,2026-01,국내자사몰,108750.0,,1
2026-01-17,2026-01,국내자사몰,125800.0,,2
2026-01-17,2026-01,국내자사몰,168000.0,,1
2026-01-17,2026-01,국내자사몰,132335.0,,1
2026-01-17,2026-01,국내자사몰,102060.0,,1
2026-01-17,2026-01,국내자사몰,117325.0,,1
2026-01-17,2026-01,국내자사몰,91000.0,,1
2026-01-17,2026-01,국내자사몰,107730.0,,1
2026-01-17,2026-01,국내자사몰,113400.0,,1
2026-01-17,2026-01,국내자사몰,123120.0,,1
2026-01-17,2026-01,국내자사몰,417300.0,,7
2026-01-17,2026-01,국내자사몰,195225.0,,3
2026-01-17,2026-01,국내자사몰,129600.0,,1
2026-01-17,2026-01,국내자사몰,139300.0,,1
2026-01-17,2026-01,국내자사몰,252750.0,,2
2026-01-17,2026-01,국내자사몰,67500.0,,1
2026-01-17,2026-01,국내자사몰,27500.0,,1
2026-01-17,2026-01,국내자사몰,62936.0,,1
2026-01-17,2026-01,국내자사몰,154105.0,,3
2026-01-17,2026-01,국내자사몰,167195.0,,1
2026-01-17,2026-01,국내자사몰,176120.0,,1
2026-01-17,2026-01,국내자사몰,129600.0,,1
2026-01-17,2026-01,국내자사몰,129500.0,,2
2026-01-17,2026-01,국내자사몰,129600.0,,1
2026-01-17,2026-01,국내자사몰,117325.0,,1
2026-01-17,2026-01,국내자사몰,123120.0,,1
2026-01-17,2026-01,국내자사몰,28500.0,,1
2026-01-17,2026-01,해외자사몰,178350.0,123.0,1
2026-01-17,2026-01,해외자사몰,129775.0,89.5,1
2026-01-17,2026-01,해외자사몰,329295.0,227.1,2
2026-01-17,2026-01,해외자사몰,160225.0,110.5,1
2026-01-17,2026-01,해외자사몰,178350.0,123.0,1
2026-01-17,2026-01,해외자사몰,178350.0,123.0,1
2026-01-17,2026-01,해외자사몰,506920.00000000006,349.6,3
2026-01-17,2026-01,해외자사몰,219820.0,151.6,1
2026-01-17,2026-01,해외자사몰,178350.0,123.0,1
2026-01-17,2026-01,해외자사몰,197780.0,136.4,1
2026-01-17,2026-01,해외자사몰,219820.0,151.6,1
2026-01-17,2026-01,해외자사몰,135357.5,93.35,2
2026-01-17,2026-01,해외자사몰,205900.0,142.0,2
2026-01-17,2026-01,해외자사몰,219820.0,151.6,1
2026-01-17,2026-01,해외자사몰,219820.0,151.6,1
2026-01-17,2026-01,해외자사몰,445150.0,307.0,3
2026-01-17,2026-01,해외자사몰,178350.0,123.0,1
2026-01-17,2026-01,해외자사몰,197780.0,136.4,1
2026-01-17,2026-01,해외자사몰,178350.0,123.0,1
2026-01-17,2026-01,해외자사몰,197780.0,136.4,1
2026-01-17,2026-01,해외자사몰,295075.0,203.5,2
2026-01-17,2026-01,해외자사몰,219820.0,151.6,1
2026-01-17,2026-01,해외자사몰,178350.0,123.0,1
2026-01-17,2026-01,해외자사몰,330092.5,227.65,2
2026-01-17,2026-01,해외자사몰,271512.5,187.25,1
2026-01-17,2026-01,해외자사몰,178350.0,123.0,1
2026-01-17,2026-01,해외자사몰,203725.0,140.5,1
2026-01-18,2026-01,국내자사몰,132000.0,,1
2026-01-18,2026-01,국내자사몰,199935.0,,2
2026-01-18,2026-01,국내자사몰,57500.0,,2
2026-01-18,2026-01,국내자사몰,224000.0,,2
2026-01-18,2026-01,국내자사몰,129600.0,,1
2026-01-18,2026-01,국내자사몰,70600.0,,1
2026-01-18,2026-01,국내자사몰,606582.0,,6
2026-01-18,2026-01,국내자사몰,129600.0,,1
2026-01-18,2026-01,국내자사몰,129600.0,,1
2026-01-18,2026-01,국내자사몰,155142.0,,1
2026-01-18,2026-01,국내자사몰,224250.0,,2
2026-01-18,2026-01,국내자사몰,129600.0,,1
2026-01-18,2026-01,국내자사몰,108750.0,,1
2026-01-18,2026-01,국내자사몰,123500.0,,1
2026-01-18,2026-01,국내자사몰,105251.0,,1
2026-01-18,2026-01,국내자사몰,27500.0,,1
2026-01-18,2026-01,국내자사몰,63750.0,,1
2026-01-18,2026-01,국내자사몰,84000.0,,1
2026-01-18,2026-01,국내자사몰,62050.0,,1
2026-01-18,2026-01,국내자사몰,129600.0,,1
2026-01-18,2026-01,국내자사몰,103313.0,,1
2026-01-18,2026-01,국내자사몰,66000.0,,1
2026-01-18,2026-01,국내자사몰,62050.0,,1
2026-01-18,2026-01,국내자사몰,66000.0,,1
2026-01-18,2026-01,국내자사몰,102000.0,,1
2026-01-18,2026-01,국내자사몰,129600.0,,1
2026-01-18,2026-01,국내자사몰,178500.0,,1
2026-01-18,2026-01,국내자사몰,129600.0,,1
2026-01-18,2026-01,국내자사몰,132335.0,,1
2026-01-18,2026-01,국내자사몰,172575.0,,1
2026-01-18,2026-01,국내자사몰,113400.0,,1
2026-01-18,2026-01,국내자사몰,50500.0,,1
2026-01-18,2026-01,국내자사몰,170250.0,,2
2026-01-18,2026-01,국내자사몰,56000.0,,1
2026-01-18,2026-01,국내자사몰,144000.0,,1
2026-01-18,2026-01,국내자사몰,118908.0,,1
2026-01-18,2026-01,국내자사몰,113400.0,,1
2026-01-18,2026-01,국내자사몰,113400.0,,1
2026-01-18,2026-01,국내자사몰,123500.0,,1
2026-01-18,2026-01,국내자사몰,129600.0,,1
2026-01-18,2026-01,국내자사몰,107730.0,,1
2026-01-18,2026-01,국내자사몰,117325.0,,1
2026-01-18,2026-01,국내자사몰,124200.0,,2
2026-01-18,2026-01,국내자사몰,123120.0,,1
2026-01-18,2026-01,해외자사몰,316825.0,218.5,3
2026-01-18,2026-01,해외자사몰,219820.0,151.6,1
2026-01-18,2026-01,해외자사몰,219820.0,151.6,1
2026-01-18,2026-01,해외자사몰,332847.5,229.55,2
2026-01-18,2026-01,해외자사몰,219820.0,151.6,1
2026-01-18,2026-01,해외자사몰,308560.0,212.8,2
2026-01-18,2026-01,해외자사몰,197780.0,136.4,1
2026-01-18,2026-01,해외자사몰,178350.0,123.0,1
2026-01-18,2026-01,해외자사몰,219820.0,151.6,1
2026-01-18,2026-01,해외자사몰,219820.0,151.6,1
2026-01-18,2026-01,해외자사몰,271512.5,187.25,1
2026-01-18,2026-01,해외자사몰,197780.0,136.4,1
2026-01-18,2026-01,해외자사몰,219820.0,151.6,1
2026-01-18,2026-01,해외자사몰,219820.0,151.6,1
2026-01-18,2026-01,해외자사몰,219820.0,151.6,1
2026-01-18,2026-01,해외자사몰,197780.0,136.4,1
2026-01-18,2026-01,해외자사몰,219820.0,151.6,1
2026-01-18,2026-01,해외자사몰,271512.5,187.25,1
2026-01-18,2026-01,해외자사몰,219820.0,151.6,1
2026-01-18,2026-01,해외자사몰,271512.5,187.25,1
2026-01-18,2026-01,해외자사몰,219820.0,151.6,1
2026-01-18,2026-01,해외자사몰,197780.0,136.4,1
2026-01-18,2026-01,해외자사몰,336545.0,232.1,2
2026-01-18,2026-01,해외자사몰,298120.0,205.6,4
2026-01-18,2026-01,해외자사몰,219820.0,151.6,1
2026-01-18,2026-01,해외자사몰,178350.0,123.0,1
2026-01-18,2026-01,해외자사몰,366342.5,252.65,2
2026-01-18,2026-01,해외자사몰,219820.0,151.6,1
2026-01-19,2026-01,국내자사몰,129600.0,,1
2026-01-19,2026-01,국내자사몰,129600.0,,1
2026-01-19,2026-01,국내자사몰,106400.0,,1
2026-01-19,2026-01,국내자사몰,166963.0,,2
2026-01-19,2026-01,국내자사몰,175750.0,,2
2026-01-19,2026-01,국내자사몰,118260.0,,1
2026-01-19,2026-01,국내자사몰,53200.0,,1
2026-01-19,2026-01,국내자사몰,126770.0,,2
2026-01-19,2026-01,국내자사몰,69118.0,,1
2026-01-19,2026-01,국내자사몰,108750.0,,1
2026-01-19,2026-01,국내자사몰,123120.0,,1
2026-01-19,2026-01,국내자사몰,59817.0,,1
2026-01-19,2026-01,국내자사몰,104690.0,,1
2026-01-19,2026-01,국내자사몰,113400.0,,1
2026-01-19,2026-01,국내자사몰,111103.0,,2
2026-01-19,2026-01,국내자사몰,178500.0,,1
2026-01-19,2026-01,국내자사몰,56000.0,,1
2026-01-19,2026-01,국내자사몰,129600.0,,1
2026-01-19,2026-01,국내자사몰,129600.0,,1
2026-01-19,2026-01,국내자사몰,198881.0,,2
2026-01-19,2026-01,국내자사몰,129600.0,,1
2026-01-19,2026-01,국내자사몰,845910.0,,7
2026-01-19,2026-01,국내자사몰,261000.0,,1
2026-01-19,2026-01,국내자사몰,22950.0,,1
2026-01-19,2026-01,국내자사몰,129600.0,,1
2026-01-19,2026-01,국내자사몰,113400.0,,1
2026-01-19,2026-01,국내자사몰,108750.0,,1
2026-01-19,2026-01,국내자사몰,244300.0,,2
2026-01-19,2026-01,국내자사몰,563666.0,,7
2026-01-19,2026-01,국내자사몰,91000.0,,1
2026-01-19,2026-01,국내자사몰,123500.0,,1
2026-01-19,2026-01,국내자사몰,168000.0,,1
2026-01-19,2026-01,국내자사몰,125400.0,,1
2026-01-19,2026-01,국내자사몰,129600.0,,1
2026-01-19,2026-01,국내자사몰,72000.0,,1
2026-01-19,2026-01,국내자사몰,129600.0,,1
2026-01-19,2026-01,국내자사몰,110160.0,,1
2026-01-19,2026-01,국내자사몰,144000.0,,1
2026-01-19,2026-01,국내자사몰,67500.0,,1
2026-01-19,2026-01,국내자사몰,56000.0,,1
2026-01-19,2026-01,국내자사몰,244348.0,,2
2026-01-19,2026-01,국내자사몰,115500.0,,1
2026-01-19,2026-01,국내자사몰,56000.0,,1
2026-01-19,2026-01,국내자사몰,114825.0,,1
2026-01-19,2026-01,국내자사몰,123120.0,,1
2026-01-19,2026-01,국내자사몰,129600.0,,1
2026-01-19,2026-01,국내자사몰,717000.0,,8
2026-01-19,2026-01,국내자사몰,123120.0,,1
2026-01-19,2026-01,국내자사몰,129600.0,,1
2026-01-19,2026-01,국내자사몰,100813.0,,1
2026-01-19,2026-01,국내자사몰,100813.0,,1
2026-01-19,2026-01,국내자사몰,46225.0,,1
2026-01-19,2026-01,국내자사몰,238350.0,,2
2026-01-19,2026-01,국내자사몰,178500.0,,1
2026-01-19,2026-01,국내자사몰,108750.0,,1
2026-01-19,2026-01,국내자사몰,108750.0,,1
2026-01-19,2026-01,해외자사몰,197780.0,136.4,1
2026-01-19,2026-01,해외자사몰,219820.0,151.6,1
2026-01-19,2026-01,해외자사몰,262247.0,180.86,2
2026-01-19,2026-01,해외자사몰,315955.0,217.9,3
2026-01-19,2026-01,해외자사몰,178350.0,123.0,1
2026-01-19,2026-01,해외자사몰,219820.0,151.6,1
2026-01-19,2026-01,해외자사몰,178350.0,123.0,1
2026-01-19,2026-01,해외자사몰,219820.0,151.6,1
2026-01-19,2026-01,해외자사몰,182700.0,126.0,1
2026-01-19,2026-01,해외자사몰,299671.5,206.67,4
2026-01-19,2026-01,해외자사몰,171390.0,118.2,1
2026-01-19,2026-01,해외자사몰,142970.0,98.6,1
2026-01-19,2026-01,해외자사몰,251575.0,173.5,1
2026-01-19,2026-01,해외자사몰,271512.5,187.25,1
2026-01-19,2026-01,해외자사몰,178350.0,123.0,1
2026-01-19,2026-01,해외자사몰,271512.5,187.25,1
2026-01-19,2026-01,해외자사몰,313200.0,216.0,1
2026-01-19,2026-01,해외자사몰,342780.0,236.4,3
2026-01-19,2026-01,해외자사몰,324727.5,223.95,5
2026-01-19,2026-01,해외자사몰,197780.0,136.4,1
2026-01-19,2026-01,해외자사몰,219820.0,151.6,1
2026-01-19,2026-01,해외자사몰,178350.0,123.0,1
2026-01-19,2026-01,해외자사몰,197780.0,136.4,1
2026-01-19,2026-01,해외자사몰,314505.0,216.9,2
2026-01-19,2026-01,해외자사몰,203725.0,140.5,1
2026-01-19,2026-01,해외자사몰,178350.0,123.0,1
2026-01-20,2026-01,국내자사몰,108750.0,,1
2026-01-20,2026-01,국내자사몰,259200.0,,2
2026-01-20,2026-01,국내자사몰,285973.0,,3
2026-01-20,2026-01,국내자사몰,107730.0,,1
2026-01-20,2026-01,국내자사몰,113400.0,,1
2026-01-20,2026-01,국내자사몰,113400.0,,1
2026-01-20,2026-01,국내자사몰,113400.0,,1
2026-01-20,2026-01,국내자사몰,129600.0,,1
2026-01-20,2026-01,국내자사몰,113400.0,,1
2026-01-20,2026-01,국내자사몰,114700.0,,1
2026-01-20,2026-01,국내자사몰,72900.0,,1
2026-01-20,2026-01,국내자사몰,123120.0,,1
2026-01-20,2026-01,국내자사몰,59850.0,,1
2026-01-20,2026-01,국내자사몰,178500.0,,1
2026-01-20,2026-01,국내자사몰,178500.0,,1
2026-01-20,2026-01,국내자사몰,123120.0,,1
2026-01-20,2026-01,국내자사몰,129600.0,,1
2026-01-20,2026-01,국내자사몰,129600.0,,1
2026-01-20,2026-01,국내자사몰,245400.0,,2
2026-01-20,2026-01,국내자사몰,99792.0,,1
2026-01-20,2026-01,국내자사몰,108750.0,,1
2026-01-20,2026-01,국내자사몰,125588.0,,2
2026-01-20,2026-01,국내자사몰,107730.0,,1
2026-01-20,2026-01,국내자사몰,178500.0,,1
2026-01-20,2026-01,국내자사몰,178500.0,,1
2026-01-20,2026-01,국내자사몰,56000.0,,1
2026-01-20,2026-01,국내자사몰,113400.0,,1
2026-01-20,2026-01,국내자사몰,108750.0,,1
2026-01-20,2026-01,국내자사몰,108750.0,,1
2026-01-20,2026-01,국내자사몰,91000.0,,1
2026-01-20,2026-01,국내자사몰,110200.0,,1
2026-01-20,2026-01,국내자사몰,228000.0,,2
2026-01-20,2026-01,국내자사몰,108750.0,,1
2026-01-20,2026-01,국내자사몰,123120.0,,1
2026-01-20,2026-01,국내자사몰,123120.0,,1
2026-01-20,2026-01,국내자사몰,368000.0,,4
2026-01-20,2026-01,국내자사몰,62841.0,,1
2026-01-20,2026-01,국내자사몰,199500.0,,2
2026-01-20,2026-01,국내자사몰,129600.0,,1
2026-01-20,2026-01,국내자사몰,106400.0,,1
2026-01-20,2026-01,국내자사몰,129600.0,,1
2026-01-20,2026-01,해외자사몰,219820.0,151.6,1
2026-01-20,2026-01,해외자사몰,197780.0,136.4,1
2026-01-20,2026-01,해외자사몰,219820.0,151.6,1
2026-01-20,2026-01,해외자사몰,171390.0,118.2,1
2026-01-20,2026-01,해외자사몰,197780.0,136.4,1
2026-01-20,2026-01,해외자사몰,140940.0,97.2,1
2026-01-20,2026-01,해외자사몰,178350.0,123.0,1
2026-01-20,2026-01,해외자사몰,384540.0,265.2,2
2026-01-20,2026-01,해외자사몰,219820.0,151.6,1
2026-01-20,2026-01,해외자사몰,178350.0,123.0,1
2026-01-20,2026-01,해외자사몰,178350.0,123.0,1
2026-01-20,2026-01,해외자사몰,142970.0,98.6,1
2026-01-20,2026-01,해외자사몰,231275.0,159.5,1
2026-01-20,2026-01,해외자사몰,197780.0,136.4,1
2026-01-20,2026-01,해외자사몰,301092.5,207.65,2
2026-01-20,2026-01,해외자사몰,271512.5,187.25,1
2026-01-20,2026-01,해외자사몰,219820.0,151.6,1
2026-01-20,2026-01,해외자사몰,178350.0,123.0,1
2026-01-20,2026-01,해외자사몰,330600.0,228.0,2
2026-01-20,2026-01,해외자사몰,171390.0,118.2,1
2026-01-20,2026-01,해외자사몰,219820.0,151.6,1
2026-01-20,2026-01,해외자사몰,310590.0,214.2,3
2026-01-21,2026-01,국내자사몰,129600.0,,1
2026-01-21,2026-01,국내자사몰,123120.0,,1
2026-01-21,2026-01,국내자사몰,123120.0,,1
2026-01-21,2026-01,국내자사몰,129600.0,,1
2026-01-21,2026-01,국내자사몰,169575.0,,1
2026-01-21,2026-01,국내자사몰,123150.0,,1
2026-01-21,2026-01,국내자사몰,103313.0,,1
2026-01-21,2026-01,국내자사몰,102000.0,,1
2026-01-21,2026-01,국내자사몰,113400.0,,1
2026-01-21,2026-01,국내자사몰,116640.0,,1
2026-01-21,2026-01,국내자사몰,129600.0,,1
2026-01-21,2026-01,국내자사몰,110138.0,,1
2026-01-21,2026-01,국내자사몰,119640.0,,1
2026-01-21,2026-01,국내자사몰,247500.0,,2
2026-01-21,2026-01,국내자사몰,82620.0,,1
2026-01-21,2026-01,국내자사몰,744924.0,,7
2026-01-21,2026-01,국내자사몰,129600.0,,1
2026-01-21,2026-01,국내자사몰,3662.0,,1
2026-01-21,2026-01,국내자사몰,62050.0,,1
2026-01-21,2026-01,국내자사몰,198977.0,,2
2026-01-21,2026-01,국내자사몰,139300.0,,1
2026-01-21,2026-01,국내자사몰,128900.0,,1
2026-01-21,2026-01,국내자사몰,129600.0,,1
2026-01-21,2026-01,국내자사몰,198361.0,,3
2026-01-21,2026-01,국내자사몰,113050.0,,1
2026-01-21,2026-01,국내자사몰,386814.0,,4
2026-01-21,2026-01,국내자사몰,169575.0,,1
2026-01-21,2026-01,국내자사몰,91800.0,,1
2026-01-21,2026-01,국내자사몰,103313.0,,1
2026-01-21,2026-01,국내자사몰,27500.0,,1
2026-01-21,2026-01,국내자사몰,139300.0,,1
2026-01-21,2026-01,국내자사몰,129600.0,,1
2026-01-21,2026-01,국내자사몰,129600.0,,1
2026-01-21,2026-01,국내자사몰,125903.0,,1
2026-01-21,2026-01,국내자사몰,66000.0,,1
2026-01-21,2026-01,국내자사몰,178500.0,,1
2026-01-21,2026-01,국내자사몰,129600.0,,1
2026-01-21,2026-01,국내자사몰,129600.0,,1
2026-01-21,2026-01,국내자사몰,178500.0,,1
2026-01-21,2026-01,국내자사몰,108750.0,,1
2026-01-21,2026-01,국내자사몰,117288.0,,1
2026-01-21,2026-01,국내자사몰,123120.0,,1
2026-01-21,2026-01,국내자사몰,98335.0,,1
2026-01-21,2026-01,국내자사몰,139300.0,,1
2026-01-21,2026-01,국내자사몰,104690.0,,1
2026-01-21,2026-01,국내자사몰,169575.0,,1
2026-01-21,2026-01,국내자사몰,182000.0,,2
2026-01-21,2026-01,해외자사몰,311170.0,214.6,2
2026-01-21,2026-01,해외자사몰,178350.0,123.0,1
2026-01-21,2026-01,해외자사몰,219820.0,151.6,1
2026-01-21,2026-01,해외자사몰,197780.0,136.4,1
2026-01-21,2026-01,해외자사몰,178350.0,123.0,1
2026-01-21,2026-01,해외자사몰,178350.0,123.0,1
2026-01-21,2026-01,해외자사몰,219820.0,151.6,1
2026-01-21,2026-01,해외자사몰,362862.5,250.25,2
2026-01-21,2026-01,해외자사몰,189660.00000000003,130.8,2
2026-01-21,2026-01,해외자사몰,271512.5,187.25,1
2026-01-21,2026-01,해외자사몰,219820.0,151.6,1
2026-01-21,2026-01,해외자사몰,219820.0,151.6,1
2026-01-21,2026-01,해외자사몰,271512.5,187.25,1
2026-01-21,2026-01,해외자사몰,330600.0,228.0,2
2026-01-21,2026-01,해외자사몰,362862.5,250.25,2
2026-01-21,2026-01,해외자사몰,178350.0,123.0,1
2026-01-21,2026-01,해외자사몰,219820.0,151.6,1
2026-01-21,2026-01,해외자사몰,219820.0,151.6,1
2026-01-21,2026-01,해외자사몰,311170.0,214.6,2
2026-01-21,2026-01,해외자사몰,271512.5,187.25,1
2026-01-21,2026-01,해외자사몰,219820.0,151.6,1
2026-01-21,2026-01,해외자사몰,178350.0,123.0,1
2026-01-21,2026-01,해외자사몰,219820.0,151.6,1
2026-01-21,2026-01,해외자사몰,140940.0,97.2,1
2026-01-21,2026-01,해외자사몰,316680.0,218.4,2
2026-01-21,2026-01,해외자사몰,219820.0,151.6,1
2026-01-21,2026-01,해외자사몰,178350.0,123.0,1
2026-01-21,2026-01,해외자사몰,219820.0,151.6,1
2026-01-21,2026-01,해외자사몰,219820.0,151.6,1
2026-01-21,2026-01,해외자사몰,332847.5,229.55,2
2026-01-21,2026-01,해외자사몰,219820.0,151.6,1
2026-01-22,2026-01,국내자사몰,123120.0,,1
2026-01-22,2026-01,국내자사몰,215050.0,,2
2026-01-22,2026-01,국내자사몰,108750.0,,1
2026-01-22,2026-01,국내자사몰,96900.0,,1
2026-01-22,2026-01,국내자사몰,129600.0,,1
2026-01-22,2026-01,국내자사몰,178500.0,,1
2026-01-22,2026-01,국내자사몰,178500.0,,1
2026-01-22,2026-01,국내자사몰,365150.0,,2
2026-01-22,2026-01,국내자사몰,103313.0,,1
2026-01-22,2026-01,국내자사몰,187510.0,,2
2026-01-22,2026-01,국내자사몰,129600.0,,1
2026-01-22,2026-01,국내자사몰,125400.0,,1
2026-01-22,2026-01,국내자사몰,132000.0,,1
2026-01-22,2026-01,국내자사몰,301995.0,,3
2026-01-22,2026-01,국내자사몰,81000.0,,1
2026-01-22,2026-01,국내자사몰,129600.0,,1
2026-01-22,2026-01,국내자사몰,123120.0,,1
2026-01-22,2026-01,국내자사몰,168000.0,,1
2026-01-22,2026-01,국내자사몰,174010.0,,2
2026-01-22,2026-01,국내자사몰,129600.0,,1
2026-01-22,2026-01,국내자사몰,103313.0,,1
2026-01-22,2026-01,국내자사몰,105348.0,,1
2026-01-22,2026-01,국내자사몰,129600.0,,1
2026-01-22,2026-01,국내자사몰,123120.0,,1
2026-01-22,2026-01,국내자사몰,129600.0,,1
2026-01-22,2026-01,국내자사몰,123120.0,,1
2026-01-22,2026-01,국내자사몰,129600.0,,1
2026-01-22,2026-01,국내자사몰,129600.0,,1
2026-01-22,2026-01,국내자사몰,107730.0,,1
2026-01-22,2026-01,국내자사몰,107730.0,,1
2026-01-22,2026-01,국내자사몰,129200.0,,1
2026-01-22,2026-01,국내자사몰,103647.0,,1
2026-01-22,2026-01,국내자사몰,129600.0,,1
2026-01-22,2026-01,국내자사몰,108750.0,,1
2026-01-22,2026-01,국내자사몰,62700.0,,1
2026-01-22,2026-01,국내자사몰,129600.0,,1
2026-01-22,2026-01,국내자사몰,129600.0,,1
2026-01-22,2026-01,국내자사몰,129500.0,,2
2026-01-22,2026-01,국내자사몰,168000.0,,1
2026-01-22,2026-01,국내자사몰,309137.0,,3
2026-01-22,2026-01,국내자사몰,129600.0,,1
2026-01-22,2026-01,국내자사몰,155924.0,,1
2026-01-22,2026-01,국내자사몰,169575.0,,1
2026-01-22,2026-01,국내자사몰,175571.0,,1
2026-01-22,2026-01,국내자사몰,123899.0,,1
2026-01-22,2026-01,국내자사몰,123120.0,,1
2026-01-22,2026-01,국내자사몰,486400.0,,6
2026-01-22,2026-01,국내자사몰,113400.0,,1
2026-01-22,2026-01,국내자사몰,108750.0,,1
2026-01-22,2026-01,국내자사몰,159600.0,,1
2026-01-22,2026-01,국내자사몰,168000.0,,1
2026-01-22,2026-01,국내자사몰,451980.0,,4
2026-01-22,2026-01,국내자사몰,108750.0,,1
2026-01-22,2026-01,국내자사몰,129600.0,,1
2026-01-22,2026-01,해외자사몰,197780.0,136.4,1
2026-01-22,2026-01,해외자사몰,362862.5,250.25,2
2026-01-22,2026-01,해외자사몰,443120.00000000006,305.6,4
2026-01-22,2026-01,해외자사몰,219820.0,151.6,1
2026-01-22,2026-01,해외자사몰,278269.5,191.91,6
2026-01-22,2026-01,해외자사몰,197780.0,136.4,1
2026-01-22,2026-01,해외자사몰,303050.0,209.0,4
2026-01-22,2026-01,해외자사몰,219820.0,151.6,1
2026-01-22,2026-01,해외자사몰,301600.0,208.0,2
2026-01-22,2026-01,해외자사몰,178350.0,123.0,1
2026-01-22,2026-01,해외자사몰,171390.0,118.2,1
2026-01-22,2026-01,해외자사몰,197780.0,136.4,1
2026-01-22,2026-01,해외자사몰,219820.0,151.6,1
2026-01-22,2026-01,해외자사몰,351335.0,242.3,2
2026-01-22,2026-01,해외자사몰,178350.0,123.0,1
2026-01-22,2026-01,해외자사몰,219820.0,151.6,1
2026-01-22,2026-01,해외자사몰,197780.0,136.4,1
2026-01-22,2026-01,해외자사몰,219820.0,151.6,1
2026-01-22,2026-01,해외자사몰,314650.0,217.0,2
2026-01-22,2026-01,해외자사몰,197780.0,136.4,1
2026-01-22,2026-01,해외자사몰,415860.0,286.8,4
2026-01-22,2026-01,해외자사몰,178350.0,123.0,1
2026-01-22,2026-01,해외자사몰,219820.0,151.6,1
2026-01-22,2026-01,해외자사몰,219820.0,151.6,1
2026-01-22,2026-01,해외자사몰,178350.0,123.0,1
2026-01-22,2026-01,해외자사몰,352640.0,243.2,2
2026-01-22,2026-01,해외자사몰,197780.0,136.4,1
2026-01-22,2026-01,해외자사몰,526132.5,362.85,3
2026-01-22,2026-01,해외자사몰,218515.0,150.7,1
2026-01-22,2026-01,해외자사몰,271512.5,187.25,1
2026-01-22,2026-01,해외자사몰,129775.0,89.5,1
2026-01-22,2026-01,해외자사몰,459650.0,317.0,3
2026-01-22,2026-01,해외자사몰,219820.0,151.6,1
2026-01-22,2026-01,해외자사몰,197780.0,136.4,1
2026-01-22,2026-01,해외자사몰,311170.0,214.6,2
2026-01-22,2026-01,해외자사몰,197780.0,136.4,1
2026-01-22,2026-01,해외자사몰,178350.0,123.0,1
2026-01-22,2026-01,해외자사몰,178350.0,123.0,1
2026-01-23,2026-01,국내자사몰,112112.0,,1
2026-01-23,2026-01,국내자사몰,129600.0,,1
2026-01-23,2026-01,국내자사몰,156600.0,,1
2026-01-23,2026-01,국내자사몰,116000.0,,1
2026-01-23,2026-01,국내자사몰,145869.0,,1
2026-01-23,2026-01,국내자사몰,129600.0,,1
2026-01-23,2026-01,국내자사몰,64500.0,,1
2026-01-23,2026-01,국내자사몰,110200.0,,1
2026-01-23,2026-01,국내자사몰,150000.0,,1
2026-01-23,2026-01,국내자사몰,66000.0,,1
2026-01-23,2026-01,국내자사몰,0.0,,1
2026-01-23,2026-01,국내자사몰,123120.0,,1
2026-01-23,2026-01,국내자사몰,123120.0,,1
2026-01-23,2026-01,국내자사몰,178500.0,,1
2026-01-23,2026-01,국내자사몰,169575.0,,1
2026-01-23,2026-01,국내자사몰,104400.0,,1
2026-01-23,2026-01,국내자사몰,125712.0,,1
2026-01-23,2026-01,국내자사몰,129600.0,,1
2026-01-23,2026-01,국내자사몰,169575.0,,1
2026-01-23,2026-01,국내자사몰,178500.0,,1
2026-01-23,2026-01,국내자사몰,116640.0,,1
2026-01-23,2026-01,국내자사몰,123120.0,,1
2026-01-23,2026-01,국내자사몰,51000.0,,2
2026-01-23,2026-01,국내자사몰,142500.0,,1
2026-01-23,2026-01,국내자사몰,150000.0,,1
2026-01-23,2026-01,국내자사몰,120000.0,,1
2026-01-23,2026-01,국내자사몰,105591.0,,1
2026-01-23,2026-01,해외자사몰,352640.0,243.2,2
2026-01-23,2026-01,해외자사몰,252300.0,174.0,1
2026-01-23,2026-01,해외자사몰,252300.0,174.0,1
2026-01-23,2026-01,해외자사몰,187340.0,129.2,1
2026-01-23,2026-01,해외자사몰,219820.0,151.6,1
2026-01-23,2026-01,해외자사몰,219820.0,151.6,1
2026-01-23,2026-01,해외자사몰,219820.0,151.6,1
2026-01-23,2026-01,해외자사몰,341040.0,235.2,2
2026-01-23,2026-01,해외자사몰,219820.0,151.6,1
2026-01-23,2026-01,해외자사몰,219820.0,151.6,1
2026-01-23,2026-01,해외자사몰,320160.0,220.8,2
2026-01-23,2026-01,해외자사몰,219820.0,151.6,1
2026-01-23,2026-01,해외자사몰,187340.0,129.2,1
2026-01-23,2026-01,해외자사몰,541212.5,373.25,2
2026-01-23,2026-01,해외자사몰,352640.0,243.2,2
2026-01-23,2026-01,해외자사몰,187340.0,129.2,1
2026-01-23,2026-01,해외자사몰,275500.0,190.0,1
2026-01-23,2026-01,해외자사몰,219820.0,151.6,1
2026-01-23,2026-01,해외자사몰,302035.0,208.3,3
2026-01-23,2026-01,해외자사몰,219820.0,151.6,1
2026-01-23,2026-01,해외자사몰,219820.0,151.6,1
2026-01-23,2026-01,해외자사몰,252300.0,174.0,1
2026-01-23,2026-01,해외자사몰,187340.0,129.2,1
2026-01-23,2026-01,해외자사몰,275500.0,190.0,1
2026-01-23,2026-01,해외자사몰,219820.0,151.6,1
2026-01-23,2026-01,해외자사몰,322480.0,222.4,2
2026-01-23,2026-01,해외자사몰,219820.0,151.6,1
2026-01-23,2026-01,해외자사몰,219820.0,151.6,1
2026-01-23,2026-01,해외자사몰,187340.0,129.2,1
2026-01-23,2026-01,해외자사몰,385120.00000000006,265.6,2
2026-01-23,2026-01,해외자사몰,372070.00000000006,256.6,3
2026-01-23,2026-01,해외자사몰,372795.00000000006,257.1,3
2026-01-23,2026-01,해외자사몰,275500.0,190.0,1
2026-01-24,2026-01,국내자사몰,123120.0,,1
2026-01-24,2026-01,국내자사몰,168000.0,,1
2026-01-24,2026-01,국내자사몰,50500.0,,1
2026-01-24,2026-01,국내자사몰,63750.0,,1
2026-01-24,2026-01,국내자사몰,60800.0,,1
2026-01-24,2026-01,국내자사몰,178500.0,,1
2026-01-24,2026-01,국내자사몰,50500.0,,1
2026-01-24,2026-01,국내자사몰,123120.0,,1
2026-01-24,2026-01,국내자사몰,123120.0,,1
2026-01-24,2026-01,국내자사몰,125400.0,,1
2026-01-24,2026-01,국내자사몰,64800.0,,1
2026-01-24,2026-01,국내자사몰,104000.0,,1
2026-01-24,2026-01,국내자사몰,116000.0,,1
2026-01-24,2026-01,국내자사몰,226100.0,,3
2026-01-24,2026-01,국내자사몰,159600.0,,1
2026-01-24,2026-01,국내자사몰,129600.0,,1
2026-01-24,2026-01,국내자사몰,72000.0,,1
2026-01-24,2026-01,국내자사몰,123120.0,,1
2026-01-24,2026-01,국내자사몰,129600.0,,1
2026-01-24,2026-01,국내자사몰,129600.0,,1
2026-01-24,2026-01,국내자사몰,116000.0,,1
2026-01-24,2026-01,국내자사몰,156600.0,,1
2026-01-24,2026-01,국내자사몰,121836.0,,1
2026-01-24,2026-01,국내자사몰,129600.0,,1
2026-01-24,2026-01,국내자사몰,257200.0,,2
2026-01-24,2026-01,국내자사몰,123120.0,,1
2026-01-24,2026-01,국내자사몰,125712.0,,1
2026-01-24,2026-01,국내자사몰,129600.0,,1
2026-01-24,2026-01,국내자사몰,125883.0,,1
2026-01-24,2026-01,해외자사몰,219820.0,151.6,1
2026-01-24,2026-01,해외자사몰,404332.50000000006,278.85,2
2026-01-24,2026-01,해외자사몰,275500.0,190.0,1
2026-01-24,2026-01,해외자사몰,219820.0,151.6,1
2026-01-24,2026-01,해외자사몰,187340.0,129.2,1
2026-01-24,2026-01,해외자사몰,187340.0,129.2,1
2026-01-24,2026-01,해외자사몰,252300.0,174.0,1
2026-01-24,2026-01,해외자사몰,275500.0,190.0,1
2026-01-24,2026-01,해외자사몰,219820.0,151.6,1
2026-01-24,2026-01,해외자사몰,219820.0,151.6,1
2026-01-24,2026-01,해외자사몰,219820.0,151.6,1
2026-01-24,2026-01,해외자사몰,271512.5,187.25,1
2026-01-24,2026-01,해외자사몰,219820.0,151.6,1
2026-01-24,2026-01,해외자사몰,219820.0,151.6,1
2026-01-24,2026-01,해외자사몰,219820.0,151.6,1
2026-01-24,2026-01,해외자사몰,219820.0,151.6,1
2026-01-24,2026-01,해외자사몰,320160.0,220.8,2
2026-01-24,2026-01,해외자사몰,289420.0,199.6,2
2026-01-24,2026-01,해외자사몰,187340.0,129.2,1
2026-01-24,2026-01,해외자사몰,436812.5,301.25,2
2026-01-24,2026-01,해외자사몰,219820.0,151.6,1
2026-01-24,2026-01,해외자사몰,219820.0,151.6,1
2026-01-24,2026-01,해외자사몰,271512.5,187.25,1
2026-01-24,2026-01,해외자사몰,275500.0,190.0,1
2026-01-24,2026-01,해외자사몰,271512.5,187.25,1
2026-01-24,2026-01,해외자사몰,220400.0,152.0,1
2026-01-24,2026-01,해외자사몰,208220.0,143.6,1
2026-01-25,2026-01,국내자사몰,229381.0,,2
2026-01-25,2026-01,국내자사몰,112901.0,,1
2026-01-25,2026-01,국내자사몰,129600.0,,1
2026-01-25,2026-01,국내자사몰,129600.0,,1
2026-01-25,2026-01,국내자사몰,166250.0,,1
2026-01-25,2026-01,국내자사몰,129600.0,,1
2026-01-25,2026-01,국내자사몰,139300.0,,1
2026-01-25,2026-01,국내자사몰,131696.0,,1
2026-01-25,2026-01,국내자사몰,116000.0,,1
2026-01-25,2026-01,국내자사몰,50500.0,,1
2026-01-25,2026-01,국내자사몰,129600.0,,1
2026-01-25,2026-01,국내자사몰,142500.0,,1
2026-01-25,2026-01,국내자사몰,169575.0,,1
2026-01-25,2026-01,국내자사몰,66000.0,,1
2026-01-25,2026-01,국내자사몰,48125.0,,1
2026-01-25,2026-01,국내자사몰,129600.0,,1
2026-01-25,2026-01,국내자사몰,122019.0,,1
2026-01-25,2026-01,국내자사몰,93600.0,,1
2026-01-25,2026-01,국내자사몰,66000.0,,1
2026-01-25,2026-01,국내자사몰,58948.0,,1
2026-01-25,2026-01,국내자사몰,126088.0,,1
2026-01-25,2026-01,국내자사몰,29743.0,,2
2026-01-25,2026-01,국내자사몰,129600.0,,1
2026-01-25,2026-01,국내자사몰,120000.0,,1
2026-01-25,2026-01,국내자사몰,129600.0,,1
2026-01-25,2026-01,국내자사몰,110200.0,,1
2026-01-25,2026-01,국내자사몰,126112.0,,1
2026-01-25,2026-01,국내자사몰,115500.0,,1
2026-01-25,2026-01,국내자사몰,123120.0,,1
2026-01-25,2026-01,국내자사몰,67500.0,,1
2026-01-25,2026-01,해외자사몰,187340.0,129.2,1
2026-01-25,2026-01,해외자사몰,219820.0,151.6,1
2026-01-25,2026-01,해외자사몰,309865.0,213.7,4
2026-01-25,2026-01,해외자사몰,219820.0,151.6,1
2026-01-25,2026-01,해외자사몰,352640.0,243.2,2
2026-01-25,2026-01,해외자사몰,436812.5,301.25,2
2026-01-25,2026-01,해외자사몰,352640.0,243.2,2
2026-01-25,2026-01,해외자사몰,374172.5,258.05,2
2026-01-25,2026-01,해외자사몰,219820.0,151.6,1
2026-01-25,2026-01,해외자사몰,290000.0,200.0,2
2026-01-25,2026-01,해외자사몰,219820.0,151.6,1
2026-01-25,2026-01,해외자사몰,187340.0,129.2,1
2026-01-25,2026-01,해외자사몰,275500.0,190.0,1
2026-01-26,2026-01,국내자사몰,112000.0,,1
2026-01-26,2026-01,국내자사몰,61415.0,,1
2026-01-26,2026-01,국내자사몰,129600.0,,1
2026-01-26,2026-01,국내자사몰,175000.0,,1
2026-01-26,2026-01,국내자사몰,169575.0,,1
2026-01-26,2026-01,국내자사몰,68400.0,,1
2026-01-26,2026-01,국내자사몰,129600.0,,1
2026-01-26,2026-01,국내자사몰,96902.0,,1
2026-01-26,2026-01,국내자사몰,65929.0,,1
2026-01-26,2026-01,국내자사몰,106421.0,,1
2026-01-26,2026-01,국내자사몰,178500.0,,1
2026-01-26,2026-01,국내자사몰,150000.0,,1
2026-01-26,2026-01,국내자사몰,24000.0,,1
2026-01-26,2026-01,국내자사몰,129600.0,,1
2026-01-26,2026-01,국내자사몰,113740.0,,1
2026-01-26,2026-01,국내자사몰,43375.0,,1
2026-01-26,2026-01,국내자사몰,110160.0,,1
2026-01-26,2026-01,국내자사몰,129600.0,,1
2026-01-26,2026-01,국내자사몰,150000.0,,1
2026-01-26,2026-01,국내자사몰,123120.0,,1
2026-01-26,2026-01,국내자사몰,142300.0,,1
2026-01-26,2026-01,국내자사몰,109476.0,,1
2026-01-26,2026-01,국내자사몰,123120.0,,1
2026-01-26,2026-01,국내자사몰,129600.0,,1
2026-01-26,2026-01,국내자사몰,129600.0,,1
2026-01-26,2026-01,해외자사몰,219820.0,151.6,1
2026-01-26,2026-01,해외자사몰,154425.0,106.5,1
2026-01-26,2026-01,해외자사몰,219820.0,151.6,1
2026-01-26,2026-01,해외자사몰,219820.0,151.6,1
2026-01-26,2026-01,해외자사몰,322480.0,222.4,2
2026-01-26,2026-01,해외자사몰,187340.0,129.2,1
2026-01-26,2026-01,해외자사몰,187340.0,129.2,1
2026-01-26,2026-01,해외자사몰,219820.0,151.6,1
2026-01-26,2026-01,해외자사몰,116000.0,80.0,1
2026-01-26,2026-01,해외자사몰,335530.0,231.4,2
2026-01-26,2026-01,해외자사몰,219820.0,151.6,1
2026-01-26,2026-01,해외자사몰,219820.0,151.6,1
2026-01-26,2026-01,해외자사몰,219820.0,151.6,1
2026-01-26,2026-01,해외자사몰,219820.0,151.6,1
2026-01-27,2026-01,국내자사몰,62700.0,,1
2026-01-27,2026-01,국내자사몰,99581.0,,1
2026-01-27,2026-01,국내자사몰,127500.0,,1
2026-01-27,2026-01,국내자사몰,116000.0,,1
2026-01-27,2026-01,국내자사몰,129600.0,,1
2026-01-27,2026-01,국내자사몰,78083.0,,1
2026-01-27,2026-01,국내자사몰,125400.0,,1
2026-01-27,2026-01,국내자사몰,115500.0,,1
2026-01-27,2026-01,국내자사몰,129750.0,,2
2026-01-27,2026-01,국내자사몰,129600.0,,1
2026-01-27,2026-01,국내자사몰,349920.0,,3
2026-01-27,2026-01,국내자사몰,89015.0,,1
2026-01-27,2026-01,국내자사몰,96768.0,,1
2026-01-27,2026-01,국내자사몰,105497.0,,1
2026-01-27,2026-01,국내자사몰,110200.0,,1
2026-01-27,2026-01,국내자사몰,113050.0,,1
2026-01-27,2026-01,국내자사몰,129600.0,,1
2026-01-27,2026-01,국내자사몰,256700.0,,2
2026-01-27,2026-01,국내자사몰,60468.0,,1
2026-01-27,2026-01,국내자사몰,116640.0,,1
2026-01-27,2026-01,국내자사몰,122998.0,,1
2026-01-27,2026-01,국내자사몰,63750.0,,1
2026-01-27,2026-01,국내자사몰,123120.0,,1
2026-01-27,2026-01,국내자사몰,150000.0,,1
2026-01-27,2026-01,국내자사몰,122778.0,,1
2026-01-27,2026-01,해외자사몰,271512.5,187.25,1
2026-01-27,2026-01,해외자사몰,187340.0,129.2,1
2026-01-27,2026-01,해외자사몰,189660.00000000003,130.8,1
2026-01-27,2026-01,해외자사몰,320160.0,220.8,2
2026-01-27,2026-01,해외자사몰,219820.0,151.6,1
2026-01-27,2026-01,해외자사몰,187340.0,129.2,1
2026-01-27,2026-01,해외자사몰,187340.0,129.2,1
2026-01-27,2026-01,해외자사몰,219820.0,151.6,1
2026-01-27,2026-01,해외자사몰,219820.0,151.6,1
2026-01-27,2026-01,해외자사몰,208220.0,143.6,1
2026-01-27,2026-01,해외자사몰,187340.0,129.2,1
2026-01-27,2026-01,해외자사몰,219820.0,151.6,1
2026-01-27,2026-01,해외자사몰,187340.0,129.2,1
2026-01-27,2026-01,해외자사몰,271512.5,187.25,1
2026-01-27,2026-01,해외자사몰,271512.5,187.25,1
2026-01-27,2026-01,해외자사몰,219820.0,151.6,1
2026-01-27,2026-01,해외자사몰,219820.0,151.6,1
2026-01-27,2026-01,해외자사몰,219820.0,151.6,1
2026-01-27,2026-01,해외자사몰,187340.0,129.2,1
2026-01-27,2026-01,해외자사몰,219820.0,151.6,1
2026-01-27,2026-01,해외자사몰,187340.0,129.2,1
2026-01-27,2026-01,해외자사몰,187340.0,129.2,1
2026-01-27,2026-01,해외자사몰,271512.5,187.25,1
2026-01-27,2026-01,해외자사몰,290000.0,200.0,2
2026-01-27,2026-01,해외자사몰,417600.0,288.0,3
2026-01-27,2026-01,해외자사몰,219820.0,151.6,1
2026-01-27,2026-01,해외자사몰,460012.5,317.25,2
2026-01-27,2026-01,해외자사몰,417600.0,288.0,3
2026-01-27,2026-01,해외자사몰,219820.0,151.6,1
2026-01-27,2026-01,해외자사몰,219820.0,151.6,1
2026-01-28,2026-01,국내자사몰,53200.0,,1
2026-01-28,2026-01,국내자사몰,129600.0,,1
2026-01-28,2026-01,국내자사몰,113050.0,,1
2026-01-28,2026-01,국내자사몰,116640.0,,1
2026-01-28,2026-01,국내자사몰,129600.0,,1
2026-01-28,2026-01,국내자사몰,178500.0,,1
2026-01-28,2026-01,국내자사몰,175001.0,,1
2026-01-28,2026-01,국내자사몰,116000.0,,1
2026-01-28,2026-01,국내자사몰,129600.0,,1
2026-01-28,2026-01,국내자사몰,66000.0,,1
2026-01-28,2026-01,국내자사몰,236945.0,,3
2026-01-28,2026-01,국내자사몰,110200.0,,1
2026-01-28,2026-01,국내자사몰,110200.0,,1
2026-01-28,2026-01,국내자사몰,68400.0,,1
2026-01-28,2026-01,국내자사몰,441263.0,,4
2026-01-28,2026-01,국내자사몰,116000.0,,1
2026-01-28,2026-01,국내자사몰,83298.0,,1
2026-01-28,2026-01,국내자사몰,98705.0,,1
2026-01-28,2026-01,국내자사몰,110160.0,,1
2026-01-28,2026-01,국내자사몰,102773.0,,1
2026-01-28,2026-01,국내자사몰,62050.0,,1
2026-01-28,2026-01,국내자사몰,116000.0,,1
2026-01-28,2026-01,국내자사몰,123120.0,,1
2026-01-28,2026-01,국내자사몰,259200.0,,2
2026-01-28,2026-01,국내자사몰,106701.0,,1
2026-01-28,2026-01,국내자사몰,112501.0,,1
2026-01-28,2026-01,국내자사몰,129600.0,,1
2026-01-28,2026-01,국내자사몰,106596.0,,1
2026-01-28,2026-01,국내자사몰,123120.0,,1
2026-01-28,2026-01,해외자사몰,219820.0,151.6,1
2026-01-28,2026-01,해외자사몰,219820.0,151.6,1
2026-01-28,2026-01,해외자사몰,219820.0,151.6,1
2026-01-28,2026-01,해외자사몰,213150.0,147.0,2
2026-01-28,2026-01,해외자사몰,320160.0,220.8,2
2026-01-28,2026-01,해외자사몰,187340.0,129.2,1
2026-01-28,2026-01,해외자사몰,219820.0,151.6,1
2026-01-28,2026-01,해외자사몰,271512.5,187.25,1
2026-01-28,2026-01,해외자사몰,219820.0,151.6,1
2026-01-28,2026-01,해외자사몰,219820.0,151.6,1
2026-01-28,2026-01,해외자사몰,187340.0,129.2,1
2026-01-28,2026-01,해외자사몰,219820.0,151.6,1
2026-01-28,2026-01,해외자사몰,219820.0,151.6,1
2026-01-28,2026-01,해외자사몰,219820.0,151.6,1
2026-01-28,2026-01,해외자사몰,219820.0,151.6,1
2026-01-28,2026-01,해외자사몰,275500.0,190.0,1
2026-01-28,2026-01,해외자사몰,219820.0,151.6,1
2026-01-28,2026-01,해외자사몰,341692.5,235.65,2
2026-01-28,2026-01,해외자사몰,330092.5,227.65,2
2026-01-28,2026-01,해외자사몰,219820.0,151.6,1
2026-01-28,2026-01,해외자사몰,208220.0,143.6,1
2026-01-28,2026-01,해외자사몰,219820.0,151.6,1
2026-01-28,2026-01,해외자사몰,252300.0,174.0,1
2026-01-28,2026-01,해외자사몰,219820.0,151.6,1
2026-01-28,2026-01,해외자사몰,219820.0,151.6,1
2026-01-28,2026-01,해외자사몰,271512.5,187.25,1
2026-01-28,2026-01,해외자사몰,219820.0,151.6,1
2026-01-28,2026-01,해외자사몰,320160.0,220.8,2
2026-01-28,2026-01,해외자사몰,541212.5,373.25,2
2026-01-29,2026-01,국내자사몰,56000.0,,1
2026-01-29,2026-01,국내자사몰,129600.0,,1
2026-01-29,2026-01,국내자사몰,129600.0,,1
2026-01-29,2026-01,국내자사몰,66000.0,,1
2026-01-29,2026-01,국내자사몰,60200.0,,1
2026-01-29,2026-01,국내자사몰,104000.0,,1
2026-01-29,2026-01,국내자사몰,123444.0,,1
2026-01-29,2026-01,국내자사몰,123120.0,,1
2026-01-29,2026-01,국내자사몰,123120.0,,1
2026-01-29,2026-01,국내자사몰,463750.0,,5
2026-01-29,2026-01,국내자사몰,126539.0,,1
2026-01-29,2026-01,국내자사몰,126539.0,,1
2026-01-29,2026-01,국내자사몰,67500.0,,1
2026-01-29,2026-01,국내자사몰,132000.0,,1
2026-01-29,2026-01,국내자사몰,178500.0,,1
2026-01-29,2026-01,국내자사몰,129600.0,,1
2026-01-29,2026-01,국내자사몰,382320.0,,3
2026-01-29,2026-01,국내자사몰,112000.0,,1
2026-01-29,2026-01,국내자사몰,128600.0,,1
2026-01-29,2026-01,국내자사몰,129600.0,,1
2026-01-29,2026-01,국내자사몰,129600.0,,1
2026-01-29,2026-01,국내자사몰,178500.0,,1
2026-01-29,2026-01,국내자사몰,104000.0,,1
2026-01-29,2026-01,국내자사몰,129600.0,,1
2026-01-29,2026-01,국내자사몰,112520.0,,1
2026-01-29,2026-01,국내자사몰,129600.0,,1
2026-01-29,2026-01,국내자사몰,116000.0,,1
2026-01-29,2026-01,국내자사몰,129600.0,,1
2026-01-29,2026-01,국내자사몰,113050.0,,1
2026-01-29,2026-01,국내자사몰,129600.0,,1
2026-01-29,2026-01,해외자사몰,219820.0,151.6,1
2026-01-29,2026-01,해외자사몰,219820.0,151.6,1
2026-01-29,2026-01,해외자사몰,219820.0,151.6,1
2026-01-29,2026-01,해외자사몰,219820.0,151.6,1
2026-01-29,2026-01,해외자사몰,187340.0,129.2,1
2026-01-29,2026-01,해외자사몰,219820.0,151.6,1
2026-01-29,2026-01,해외자사몰,219820.0,151.6,1
2026-01-29,2026-01,해외자사몰,219820.0,151.6,1
2026-01-29,2026-01,해외자사몰,219820.0,151.6,1
2026-01-29,2026-01,해외자사몰,187340.0,129.2,1
2026-01-29,2026-01,해외자사몰,392732.50000000006,270.85,2
2026-01-29,2026-01,해외자사몰,219820.0,151.6,1
2026-01-29,2026-01,해외자사몰,219820.0,151.6,1
2026-01-29,2026-01,해외자사몰,187340.0,129.2,1
2026-01-29,2026-01,해외자사몰,219820.0,151.6,1
2026-01-29,2026-01,해외자사몰,219820.0,151.6,1
2026-01-29,2026-01,해외자사몰,313200.0,216.0,1
2026-01-29,2026-01,해외자사몰,219820.0,151.6,1
2026-01-29,2026-01,해외자사몰,479080.0,330.4,4
2026-01-29,2026-01,해외자사몰,187340.0,129.2,1
2026-01-29,2026-01,해외자사몰,219820.0,151.6,1
2026-01-29,2026-01,해외자사몰,219820.0,151.6,1
2026-01-30,2026-01,국내자사몰,36150.0,,1
2026-01-30,2026-01,국내자사몰,56868.0,,1
2026-01-30,2026-01,국내자사몰,129600.0,,1
2026-01-30,2026-01,국내자사몰,131100.0,,2
2026-01-30,2026-01,국내자사몰,114110.0,,1
2026-01-30,2026-01,국내자사몰,126000.0,,1
2026-01-30,2026-01,국내자사몰,178500.0,,1
2026-01-30,2026-01,국내자사몰,129600.0,,1
2026-01-30,2026-01,국내자사몰,129600.0,,1
2026-01-30,2026-01,국내자사몰,110200.0,,1
2026-01-30,2026-01,국내자사몰,64500.0,,1
2026-01-30,2026-01,국내자사몰,129600.0,,1
2026-01-30,2026-01,국내자사몰,129600.0,,1
2026-01-30,2026-01,국내자사몰,69246.0,,1
2026-01-30,2026-01,국내자사몰,132000.0,,1
2026-01-30,2026-01,국내자사몰,129600.0,,1
2026-01-30,2026-01,국내자사몰,28500.0,,1
2026-01-30,2026-01,국내자사몰,112112.0,,1
2026-01-30,2026-01,국내자사몰,123120.0,,1
2026-01-30,2026-01,국내자사몰,129600.0,,1
2026-01-30,2026-01,국내자사몰,112364.0,,1
2026-01-30,2026-01,국내자사몰,129600.0,,1
2026-01-30,2026-01,국내자사몰,463750.0,,5
2026-01-30,2026-01,국내자사몰,169575.0,,1
2026-01-30,2026-01,국내자사몰,129600.0,,1
2026-01-30,2026-01,국내자사몰,123120.0,,1
2026-01-30,2026-01,국내자사몰,129600.0,,1
2026-01-30,2026-01,국내자사몰,169575.0,,1
2026-01-30,2026-01,해외자사몰,271512.5,187.25,1
2026-01-30,2026-01,해외자사몰,187340.0,129.2,1
2026-01-30,2026-01,해외자사몰,219820.0,151.6,1
2026-01-30,2026-01,해외자사몰,271512.5,187.25,1
2026-01-30,2026-01,해외자사몰,219820.0,151.6,1
2026-01-30,2026-01,해외자사몰,404332.50000000006,278.85,2
2026-01-30,2026-01,해외자사몰,271512.5,187.25,1
2026-01-30,2026-01,해외자사몰,187340.0,129.2,1
2026-01-30,2026-01,해외자사몰,271512.5,187.25,1
2026-01-30,2026-01,해외자사몰,219820.0,151.6,1
2026-01-30,2026-01,해외자사몰,219820.0,151.6,1
2026-01-30,2026-01,해외자사몰,352640.0,243.2,2
2026-01-30,2026-01,해외자사몰,219820.0,151.6,1
2026-01-30,2026-01,해외자사몰,208220.0,143.6,1
2026-01-30,2026-01,해외자사몰,187340.0,129.2,1
2026-01-30,2026-01,해외자사몰,352640.0,243.2,2
2026-01-30,2026-01,해외자사몰,271512.5,187.25,1
2026-01-30,2026-01,해외자사몰,219820.0,151.6,1
2026-01-30,2026-01,해외자사몰,219820.0,151.6,1
2026-01-31,2026-01,국내자사몰,104400.0,,1
2026-01-31,2026-01,국내자사몰,44650.0,,1
2026-01-31,2026-01,국내자사몰,50500.0,,1
2026-01-31,2026-01,국내자사몰,123120.0,,1
2026-01-31,2026-01,국내자사몰,135000.0,,1
2026-01-31,2026-01,국내자사몰,129600.0,,1
2026-01-31,2026-01,국내자사몰,129600.0,,1
2026-01-31,2026-01,국내자사몰,197050.0,,2
2026-01-31,2026-01,국내자사몰,178500.0,,1
2026-01-31,2026-01,국내자사몰,175000.0,,1
2026-01-31,2026-01,국내자사몰,62050.0,,1
2026-01-31,2026-01,국내자사몰,0.0,,1
2026-01-31,2026-01,국내자사몰,129600.0,,1
2026-01-31,2026-01,국내자사몰,129600.0,,1
2026-01-31,2026-01,국내자사몰,129600.0,,1
2026-01-31,2026-01,국내자사몰,182000.0,,2
2026-01-31,2026-01,국내자사몰,168000.0,,1
2026-01-31,2026-01,국내자사몰,129600.0,,1
2026-01-31,2026-01,국내자사몰,123120.0,,1
2026-01-31,2026-01,해외자사몰,219820.0,151.6,1
2026-01-31,2026-01,해외자사몰,219820.0,151.6,1
2026-01-31,2026-01,해외자사몰,219820.0,151.6,1
2026-01-31,2026-01,해외자사몰,219820.0,151.6,1
2026-01-31,2026-01,해외자사몰,320160.0,220.8,2
2026-01-31,2026-01,해외자사몰,187340.0,129.2,1
2026-01-31,2026-01,해외자사몰,275500.0,190.0,1
2026-01-31,2026-01,해외자사몰,404332.50000000006,278.85,2
2026-01-31,2026-01,해외자사몰,245775.0,169.5,1
2026-01-31,2026-01,해외자사몰,352640.0,243.2,2
2026-01-31,2026-01,해외자사몰,187340.0,129.2,1
2026-01-31,2026-01,해외자사몰,275500.0,190.0,1
2026-01-31,2026-01,해외자사몰,294930.0,203.4,3
2026-01-31,2026-01,해외자사몰,441090.0,304.2,4
2026-01-31,2026-01,해외자사몰,219820.0,151.6,1
2026-01-31,2026-01,해외자사몰,271512.5,187.25,1
2026-01-31,2026-01,해외자사몰,219820.0,151.6,1
2026-01-31,2026-01,해외자사몰,219820.0,151.6,1
2026-01-31,2026-01,해외자사몰,219820.0,151.6,1
2026-01-31,2026-01,해외자사몰,271512.5,187.25,1
2026-01-31,2026-01,해외자사몰,219820.0,151.6,1
2026-01-31,2026-01,해외자사몰,219820.0,151.6,1
2026-02-01,2026-02,국내자사몰,189800.0,,3
2026-02-01,2026-02,국내자사몰,123120.0,,1
2026-02-01,2026-02,국내자사몰,129600.0,,1
2026-02-01,2026-02,국내자사몰,123120.0,,1
2026-02-01,2026-02,국내자사몰,129600.0,,1
2026-02-01,2026-02,국내자사몰,75525.0,,1
2026-02-01,2026-02,국내자사몰,132000.0,,1
2026-02-01,2026-02,국내자사몰,123120.0,,1
2026-02-01,2026-02,국내자사몰,128050.0,,2
2026-02-01,2026-02,국내자사몰,129600.0,,1
2026-02-01,2026-02,국내자사몰,129600.0,,1
2026-02-01,2026-02,국내자사몰,61560.0,,1
2026-02-01,2026-02,국내자사몰,132000.0,,1
2026-02-01,2026-02,국내자사몰,127500.0,,1
2026-02-01,2026-02,국내자사몰,129600.0,,1
2026-02-01,2026-02,국내자사몰,129600.0,,1
2026-02-01,2026-02,국내자사몰,66000.0,,1
2026-02-01,2026-02,국내자사몰,128050.0,,2
2026-02-01,2026-02,국내자사몰,129600.0,,1
2026-02-01,2026-02,국내자사몰,123120.0,,1
2026-02-01,2026-02,국내자사몰,468160.0,,4
2026-02-01,2026-02,국내자사몰,178500.0,,1
2026-02-01,2026-02,국내자사몰,58948.0,,1
2026-02-01,2026-02,국내자사몰,62050.0,,1
2026-02-01,2026-02,국내자사몰,276000.0,,2
2026-02-01,2026-02,국내자사몰,123120.0,,1
2026-02-01,2026-02,국내자사몰,129600.0,,1
2026-02-01,2026-02,국내자사몰,178500.0,,1
2026-02-01,2026-02,국내자사몰,110160.0,,1
2026-02-01,2026-02,국내자사몰,125712.0,,1
2026-02-01,2026-02,국내자사몰,112501.0,,1
2026-02-01,2026-02,국내자사몰,129600.0,,1
2026-02-01,2026-02,국내자사몰,129600.0,,1
2026-02-01,2026-02,국내자사몰,142419.0,,1
2026-02-01,2026-02,국내자사몰,112520.0,,1
2026-02-01,2026-02,국내자사몰,128050.0,,2
2026-02-01,2026-02,국내자사몰,123120.0,,1
2026-02-01,2026-02,해외자사몰,219820.0,151.6,1
2026-02-01,2026-02,해외자사몰,322480.0,222.4,2
2026-02-01,2026-02,해외자사몰,219820.0,151.6,1
2026-02-01,2026-02,해외자사몰,352640.0,243.2,2
2026-02-01,2026-02,해외자사몰,320160.0,220.8,2
2026-02-01,2026-02,해외자사몰,187340.0,129.2,1
2026-02-01,2026-02,해외자사몰,219820.0,151.6,1
2026-02-01,2026-02,해외자사몰,219820.0,151.6,1
2026-02-01,2026-02,해외자사몰,219820.0,151.6,1
2026-02-01,2026-02,해외자사몰,219820.0,151.6,1
2026-02-01,2026-02,해외자사몰,219820.0,151.6,1
2026-02-01,2026-02,해외자사몰,193430.0,133.4,2
2026-02-01,2026-02,해외자사몰,219820.0,151.6,1
2026-02-01,2026-02,해외자사몰,187340.0,129.2,1
2026-02-01,2026-02,해외자사몰,275500.0,190.0,1
2026-02-01,2026-02,해외자사몰,187340.0,129.2,1
2026-02-01,2026-02,해외자사몰,219820.0,151.6,1
2026-02-01,2026-02,해외자사몰,271512.5,187.25,1
2026-02-02,2026-02,국내자사몰,123120.0,,1
2026-02-02,2026-02,국내자사몰,129600.0,,1
2026-02-02,2026-02,국내자사몰,123120.0,,1
2026-02-02,2026-02,국내자사몰,110200.0,,1
2026-02-02,2026-02,국내자사몰,129600.0,,1
2026-02-02,2026-02,국내자사몰,120191.0,,1
2026-02-02,2026-02,국내자사몰,126671.0,,1
2026-02-02,2026-02,국내자사몰,129600.0,,1
2026-02-02,2026-02,국내자사몰,123120.0,,1
2026-02-02,2026-02,국내자사몰,129600.0,,1
2026-02-02,2026-02,국내자사몰,28500.0,,1
2026-02-02,2026-02,국내자사몰,125400.0,,1
2026-02-02,2026-02,국내자사몰,129600.0,,1
2026-02-02,2026-02,국내자사몰,122019.0,,1
2026-02-02,2026-02,국내자사몰,104690.0,,1
2026-02-02,2026-02,국내자사몰,110200.0,,1
2026-02-02,2026-02,국내자사몰,123120.0,,1
2026-02-02,2026-02,국내자사몰,134050.0,,2
2026-02-02,2026-02,국내자사몰,129600.0,,1
2026-02-02,2026-02,국내자사몰,308100.0,,2
2026-02-02,2026-02,국내자사몰,178500.0,,1
2026-02-02,2026-02,국내자사몰,1764180.0,,15
2026-02-02,2026-02,국내자사몰,66000.0,,1
2026-02-02,2026-02,국내자사몰,235172.0,,2
2026-02-02,2026-02,국내자사몰,26275.0,,1
2026-02-02,2026-02,국내자사몰,142500.0,,1
2026-02-02,2026-02,국내자사몰,102600.0,,1
2026-02-02,2026-02,국내자사몰,129600.0,,1
2026-02-02,2026-02,국내자사몰,116964.0,,1
2026-02-02,2026-02,국내자사몰,98000.0,,1
2026-02-02,2026-02,국내자사몰,66000.0,,1
2026-02-02,2026-02,국내자사몰,129600.0,,1
2026-02-02,2026-02,국내자사몰,159600.0,,1
2026-02-02,2026-02,국내자사몰,115500.0,,1
2026-02-02,2026-02,국내자사몰,123120.0,,1
2026-02-02,2026-02,국내자사몰,159600.0,,1
2026-02-02,2026-02,해외자사몰,320160.0,220.8,2
2026-02-02,2026-02,해외자사몰,219820.0,151.6,1
2026-02-02,2026-02,해외자사몰,219820.0,151.6,1
2026-02-02,2026-02,해외자사몰,271512.5,187.25,1
2026-02-02,2026-02,해외자사몰,187340.0,129.2,1
2026-02-02,2026-02,해외자사몰,187340.0,129.2,1
2026-02-02,2026-02,해외자사몰,187340.0,129.2,1
2026-02-02,2026-02,해외자사몰,219820.0,151.6,1
2026-02-02,2026-02,해외자사몰,187340.0,129.2,1
2026-02-02,2026-02,해외자사몰,219820.0,151.6,1
2026-02-02,2026-02,해외자사몰,219820.0,151.6,1
2026-02-02,2026-02,해외자사몰,219820.0,151.6,1
2026-02-02,2026-02,해외자사몰,323640.0,223.2,2
2026-02-02,2026-02,해외자사몰,219820.0,151.6,1
2026-02-02,2026-02,해외자사몰,219820.0,151.6,1
2026-02-02,2026-02,해외자사몰,219820.0,151.6,1
2026-02-02,2026-02,해외자사몰,252300.0,174.0,1
2026-02-02,2026-02,해외자사몰,219820.0,151.6,1
2026-02-02,2026-02,해외자사몰,219820.0,151.6,1
2026-02-02,2026-02,해외자사몰,187340.0,129.2,1
2026-02-02,2026-02,해외자사몰,187340.0,129.2,1
2026-02-02,2026-02,해외자사몰,208220.0,143.6,1
2026-02-02,2026-02,해외자사몰,187340.0,129.2,1
2026-02-02,2026-02,해외자사몰,219820.0,151.6,1
2026-02-02,2026-02,해외자사몰,187340.0,129.2,1
2026-02-02,2026-02,해외자사몰,189660.00000000003,130.8,1
2026-02-03,2026-02,국내자사몰,27500.0,,1
2026-02-03,2026-02,국내자사몰,123120.0,,1
2026-02-03,2026-02,국내자사몰,64800.0,,1
2026-02-03,2026-02,국내자사몰,123120.0,,1
2026-02-03,2026-02,국내자사몰,98800.0,,1
2026-02-03,2026-02,국내자사몰,123120.0,,1
2026-02-03,2026-02,국내자사몰,116000.0,,1
2026-02-03,2026-02,국내자사몰,62050.0,,1
2026-02-03,2026-02,국내자사몰,129600.0,,1
2026-02-03,2026-02,국내자사몰,150000.0,,1
2026-02-03,2026-02,국내자사몰,123120.0,,1
2026-02-03,2026-02,국내자사몰,331524.0,,3
2026-02-03,2026-02,국내자사몰,104690.0,,1
2026-02-03,2026-02,국내자사몰,64800.0,,1
2026-02-03,2026-02,국내자사몰,116640.0,,1
2026-02-03,2026-02,국내자사몰,129600.0,,1
2026-02-03,2026-02,국내자사몰,159600.0,,1
2026-02-03,2026-02,국내자사몰,245600.0,,2
2026-02-03,2026-02,국내자사몰,110160.0,,1
2026-02-03,2026-02,국내자사몰,115520.0,,1
2026-02-03,2026-02,국내자사몰,129600.0,,1
2026-02-03,2026-02,국내자사몰,66000.0,,1
2026-02-03,2026-02,국내자사몰,175109.0,,1
2026-02-03,2026-02,국내자사몰,108250.0,,4
2026-02-03,2026-02,국내자사몰,123120.0,,1
2026-02-03,2026-02,국내자사몰,168000.0,,1
2026-02-03,2026-02,국내자사몰,52743.0,,1
2026-02-03,2026-02,국내자사몰,129600.0,,1
2026-02-03,2026-02,해외자사몰,187340.0,129.2,1
2026-02-03,2026-02,해외자사몰,311112.0,214.56,2
2026-02-03,2026-02,해외자사몰,219820.0,151.6,1
2026-02-03,2026-02,해외자사몰,187340.0,129.2,1
2026-02-03,2026-02,해외자사몰,187340.0,129.2,1
2026-02-03,2026-02,해외자사몰,190820.0,131.6,1
2026-02-03,2026-02,해외자사몰,219820.0,151.6,1
2026-02-03,2026-02,해외자사몰,219820.0,151.6,1
2026-02-03,2026-02,해외자사몰,187340.0,129.2,1
2026-02-03,2026-02,해외자사몰,371852.5,256.45,2
2026-02-03,2026-02,해외자사몰,219820.0,151.6,1
2026-02-03,2026-02,해외자사몰,291087.5,200.75,3
2026-02-03,2026-02,해외자사몰,219820.0,151.6,1
2026-02-03,2026-02,해외자사몰,187340.0,129.2,1
2026-02-03,2026-02,해외자사몰,260420.0,179.6,2
2026-02-03,2026-02,해외자사몰,219820.0,151.6,1
2026-02-03,2026-02,해외자사몰,260420.0,179.6,2
2026-02-03,2026-02,해외자사몰,219820.0,151.6,1
2026-02-03,2026-02,해외자사몰,352640.0,243.2,2
2026-02-03,2026-02,해외자사몰,247515.0,170.7,2
2026-02-03,2026-02,해외자사몰,187340.0,129.2,1
2026-02-03,2026-02,해외자사몰,187340.0,129.2,1
2026-02-03,2026-02,해외자사몰,219820.0,151.6,1
2026-02-04,2026-02,국내자사몰,129600.0,,1
2026-02-04,2026-02,국내자사몰,129600.0,,1
2026-02-04,2026-02,국내자사몰,129600.0,,1
2026-02-04,2026-02,국내자사몰,178500.0,,1
2026-02-04,2026-02,국내자사몰,123120.0,,1
2026-02-04,2026-02,국내자사몰,129600.0,,1
2026-02-04,2026-02,국내자사몰,129600.0,,1
2026-02-04,2026-02,국내자사몰,129600.0,,1
2026-02-04,2026-02,국내자사몰,48825.0,,1
2026-02-04,2026-02,국내자사몰,129600.0,,1
2026-02-04,2026-02,국내자사몰,116000.0,,1
2026-02-04,2026-02,국내자사몰,104690.0,,1
2026-02-04,2026-02,국내자사몰,116640.0,,1
2026-02-04,2026-02,국내자사몰,322500.0,,2
2026-02-04,2026-02,국내자사몰,129600.0,,1
2026-02-04,2026-02,국내자사몰,112000.0,,1
2026-02-04,2026-02,국내자사몰,230050.0,,3
2026-02-04,2026-02,국내자사몰,129600.0,,1
2026-02-04,2026-02,국내자사몰,201204.0,,2
2026-02-04,2026-02,국내자사몰,72000.0,,1
2026-02-04,2026-02,국내자사몰,129600.0,,1
2026-02-04,2026-02,국내자사몰,112501.0,,1
2026-02-04,2026-02,국내자사몰,126198.0,,1
2026-02-04,2026-02,국내자사몰,129600.0,,1
2026-02-04,2026-02,국내자사몰,129600.0,,1
2026-02-04,2026-02,국내자사몰,123120.0,,1
2026-02-04,2026-02,국내자사몰,110200.0,,1
2026-02-04,2026-02,국내자사몰,129600.0,,1
2026-02-04,2026-02,국내자사몰,59500.0,,2
2026-02-04,2026-02,국내자사몰,139300.0,,1
2026-02-04,2026-02,국내자사몰,246240.0,,2
2026-02-04,2026-02,국내자사몰,330480.0,,3
2026-02-04,2026-02,국내자사몰,61948.0,,1
2026-02-04,2026-02,해외자사몰,219820.0,151.6,1
2026-02-04,2026-02,해외자사몰,219820.0,151.6,1
2026-02-04,2026-02,해외자사몰,323640.0,223.2,2
2026-02-04,2026-02,해외자사몰,219820.0,151.6,1
2026-02-04,2026-02,해외자사몰,219820.0,151.6,1
2026-02-04,2026-02,해외자사몰,219820.0,151.6,1
2026-02-04,2026-02,해외자사몰,129050.0,89.0,1
2026-02-04,2026-02,해외자사몰,187340.0,129.2,1
2026-02-04,2026-02,해외자사몰,187340.0,129.2,1
2026-02-04,2026-02,해외자사몰,305080.0,210.4,2
2026-02-04,2026-02,해외자사몰,187340.0,129.2,1
2026-02-04,2026-02,해외자사몰,375840.0,259.2,2
2026-02-04,2026-02,해외자사몰,301020.0,207.6,2
2026-02-04,2026-02,해외자사몰,275500.0,190.0,1
2026-02-04,2026-02,해외자사몰,187340.0,129.2,1
2026-02-04,2026-02,해외자사몰,219820.0,151.6,1
2026-02-04,2026-02,해외자사몰,219820.0,151.6,1
2026-02-05,2026-02,국내자사몰,168000.0,,1
2026-02-05,2026-02,국내자사몰,129600.0,,1
2026-02-05,2026-02,국내자사몰,123120.0,,1
2026-02-05,2026-02,국내자사몰,108000.0,,1
2026-02-05,2026-02,국내자사몰,116705.0,,1
2026-02-05,2026-02,국내자사몰,135000.0,,1
2026-02-05,2026-02,국내자사몰,129600.0,,1
2026-02-05,2026-02,국내자사몰,150000.0,,1
2026-02-05,2026-02,국내자사몰,129600.0,,1
2026-02-05,2026-02,국내자사몰,72000.0,,1
2026-02-05,2026-02,국내자사몰,129600.0,,1
2026-02-05,2026-02,국내자사몰,129600.0,,1
2026-02-05,2026-02,국내자사몰,123120.0,,1
2026-02-05,2026-02,국내자사몰,123250.0,,1
2026-02-05,2026-02,국내자사몰,123120.0,,1
2026-02-05,2026-02,국내자사몰,129600.0,,1
2026-02-05,2026-02,국내자사몰,178500.0,,1
2026-02-05,2026-02,국내자사몰,129600.0,,1
2026-02-05,2026-02,국내자사몰,116640.0,,1
2026-02-05,2026-02,국내자사몰,129600.0,,1
2026-02-05,2026-02,국내자사몰,116640.0,,1
2026-02-05,2026-02,국내자사몰,110200.0,,1
2026-02-05,2026-02,국내자사몰,123250.0,,1
2026-02-05,2026-02,국내자사몰,129600.0,,1
2026-02-05,2026-02,국내자사몰,116640.0,,1
2026-02-05,2026-02,국내자사몰,129600.0,,1
2026-02-05,2026-02,국내자사몰,129600.0,,1
2026-02-05,2026-02,국내자사몰,139300.0,,1
2026-02-05,2026-02,국내자사몰,110200.0,,1
2026-02-05,2026-02,국내자사몰,116640.0,,1
2026-02-05,2026-02,국내자사몰,123120.0,,1
2026-02-05,2026-02,국내자사몰,270942.0,,3
2026-02-05,2026-02,국내자사몰,123120.0,,1
2026-02-05,2026-02,국내자사몰,129600.0,,1
2026-02-05,2026-02,국내자사몰,178500.0,,1
2026-02-05,2026-02,국내자사몰,116640.0,,1
2026-02-05,2026-02,국내자사몰,150000.0,,1
2026-02-05,2026-02,해외자사몰,219820.0,151.6,1
2026-02-05,2026-02,해외자사몰,325380.0,224.4,2
2026-02-05,2026-02,해외자사몰,219820.0,151.6,1
2026-02-05,2026-02,해외자사몰,296670.0,204.6,2
2026-02-05,2026-02,해외자사몰,271512.5,187.25,1
2026-02-05,2026-02,해외자사몰,219820.0,151.6,1
2026-02-05,2026-02,해외자사몰,187340.0,129.2,1
2026-02-05,2026-02,해외자사몰,219820.0,151.6,1
2026-02-05,2026-02,해외자사몰,196330.0,135.4,1
2026-02-05,2026-02,해외자사몰,196330.0,135.4,1
2026-02-05,2026-02,해외자사몰,298990.0,206.2,2
2026-02-05,2026-02,해외자사몰,196330.0,135.4,1
2026-02-05,2026-02,해외자사몰,371852.5,256.45,2
2026-02-05,2026-02,해외자사몰,271512.5,187.25,1
2026-02-05,2026-02,해외자사몰,219820.0,151.6,1
2026-02-05,2026-02,해외자사몰,352640.0,243.2,2
2026-02-05,2026-02,해외자사몰,219820.0,151.6,1
2026-02-05,2026-02,해외자사몰,219820.0,151.6,1
2026-02-05,2026-02,해외자사몰,275500.0,190.0,1
2026-02-05,2026-02,해외자사몰,187340.0,129.2,1
2026-02-05,2026-02,해외자사몰,219820.0,151.6,1
2026-02-05,2026-02,해외자사몰,219820.0,151.6,1
2026-02-05,2026-02,해외자사몰,271512.5,187.25,1
2026-02-05,2026-02,해외자사몰,219820.0,151.6,1
2026-02-05,2026-02,해외자사몰,219820.0,151.6,1
2026-02-06,2026-02,국내자사몰,423683.0,,4
2026-02-06,2026-02,국내자사몰,121000.0,,1
2026-02-06,2026-02,국내자사몰,178500.0,,1
2026-02-06,2026-02,국내자사몰,106326.0,,2
2026-02-06,2026-02,국내자사몰,123250.0,,1
2026-02-06,2026-02,국내자사몰,178500.0,,1
2026-02-06,2026-02,국내자사몰,123250.0,,1
2026-02-06,2026-02,국내자사몰,62050.0,,1
2026-02-06,2026-02,국내자사몰,129600.0,,1
2026-02-06,2026-02,국내자사몰,129600.0,,1
2026-02-06,2026-02,국내자사몰,110200.0,,1
2026-02-06,2026-02,국내자사몰,129600.0,,1
2026-02-06,2026-02,국내자사몰,125712.0,,1
2026-02-06,2026-02,국내자사몰,129600.0,,1
2026-02-06,2026-02,국내자사몰,129600.0,,1
2026-02-06,2026-02,국내자사몰,123120.0,,1
2026-02-06,2026-02,국내자사몰,123250.0,,1
2026-02-06,2026-02,국내자사몰,129600.0,,1
2026-02-06,2026-02,국내자사몰,129600.0,,1
2026-02-06,2026-02,국내자사몰,132335.0,,1
2026-02-06,2026-02,국내자사몰,129600.0,,1
2026-02-06,2026-02,국내자사몰,43000.0,,1
2026-02-06,2026-02,국내자사몰,209504.0,,2
2026-02-06,2026-02,국내자사몰,129600.0,,1
2026-02-06,2026-02,국내자사몰,116640.0,,1
2026-02-06,2026-02,국내자사몰,106661.0,,1
2026-02-06,2026-02,국내자사몰,101264.0,,1
2026-02-06,2026-02,국내자사몰,200720.0,,2
2026-02-06,2026-02,국내자사몰,129600.0,,1
2026-02-06,2026-02,국내자사몰,116000.0,,1
2026-02-06,2026-02,해외자사몰,219820.0,151.6,1
2026-02-06,2026-02,해외자사몰,219820.0,151.6,1
2026-02-06,2026-02,해외자사몰,305080.0,210.4,2
2026-02-06,2026-02,해외자사몰,219820.0,151.6,1
2026-02-06,2026-02,해외자사몰,187340.0,129.2,1
2026-02-06,2026-02,해외자사몰,320160.0,220.8,2
2026-02-06,2026-02,해외자사몰,208220.0,143.6,1
2026-02-06,2026-02,해외자사몰,196330.0,135.4,1
2026-02-06,2026-02,해외자사몰,219820.0,151.6,1
2026-02-06,2026-02,해외자사몰,320160.0,220.8,2
2026-02-06,2026-02,해외자사몰,329150.0,227.0,2
2026-02-06,2026-02,해외자사몰,208220.0,143.6,1
2026-02-06,2026-02,해외자사몰,219820.0,151.6,1
2026-02-06,2026-02,해외자사몰,196330.0,135.4,1
2026-02-06,2026-02,해외자사몰,219820.0,151.6,1
2026-02-06,2026-02,해외자사몰,187340.0,129.2,1
2026-02-06,2026-02,해외자사몰,348870.0,240.6,2
2026-02-06,2026-02,해외자사몰,219820.0,151.6,1
2026-02-06,2026-02,해외자사몰,173405.5,119.59,1
2026-02-06,2026-02,해외자사몰,275500.0,190.0,1
2026-02-06,2026-02,해외자사몰,290000.0,200.0,2
2026-02-06,2026-02,해외자사몰,275094.0,189.72,2
2026-02-07,2026-02,국내자사몰,121600.0,,1
2026-02-07,2026-02,국내자사몰,308100.0,,2
2026-02-07,2026-02,국내자사몰,123120.0,,1
2026-02-07,2026-02,국내자사몰,123120.0,,1
2026-02-07,2026-02,국내자사몰,129600.0,,1
2026-02-07,2026-02,국내자사몰,43000.0,,1
2026-02-07,2026-02,국내자사몰,59400.0,,1
2026-02-07,2026-02,국내자사몰,141000.0,,2
2026-02-07,2026-02,국내자사몰,171150.0,,5
2026-02-07,2026-02,국내자사몰,116640.0,,1
2026-02-07,2026-02,국내자사몰,117088.0,,1
2026-02-07,2026-02,국내자사몰,176700.0,,2
2026-02-07,2026-02,국내자사몰,54258.0,,1
2026-02-07,2026-02,국내자사몰,129600.0,,1
2026-02-07,2026-02,국내자사몰,116000.0,,1
2026-02-07,2026-02,국내자사몰,72000.0,,1
2026-02-07,2026-02,국내자사몰,98447.0,,1
2026-02-07,2026-02,국내자사몰,129600.0,,1
2026-02-07,2026-02,국내자사몰,123250.0,,1
2026-02-07,2026-02,국내자사몰,129600.0,,1
2026-02-07,2026-02,국내자사몰,129600.0,,1
2026-02-07,2026-02,국내자사몰,123120.0,,1
2026-02-07,2026-02,국내자사몰,113160.0,,1
2026-02-07,2026-02,국내자사몰,176700.0,,2
2026-02-07,2026-02,국내자사몰,186000.0,,2
2026-02-07,2026-02,국내자사몰,175627.0,,2
2026-02-07,2026-02,국내자사몰,129600.0,,1
2026-02-07,2026-02,국내자사몰,62050.0,,1
2026-02-07,2026-02,국내자사몰,81000.0,,1
2026-02-07,2026-02,해외자사몰,219820.0,151.6,1
2026-02-07,2026-02,해외자사몰,374172.5,258.05,2
2026-02-07,2026-02,해외자사몰,187340.0,129.2,1
2026-02-07,2026-02,해외자사몰,352640.0,243.2,2
2026-02-07,2026-02,해외자사몰,260420.0,179.6,2
2026-02-07,2026-02,해외자사몰,189660.00000000003,130.8,1
2026-02-07,2026-02,해외자사몰,219820.0,151.6,1
2026-02-07,2026-02,해외자사몰,219820.0,151.6,1
2026-02-07,2026-02,해외자사몰,584379.0,403.02,4
2026-02-07,2026-02,해외자사몰,196330.0,135.4,1
2026-02-07,2026-02,해외자사몰,371852.5,256.45,2
2026-02-07,2026-02,해외자사몰,219820.0,151.6,1
2026-02-07,2026-02,해외자사몰,219820.0,151.6,1
2026-02-07,2026-02,해외자사몰,271512.5,187.25,1
2026-02-07,2026-02,해외자사몰,196330.0,135.4,1
2026-02-07,2026-02,해외자사몰,219820.0,151.6,1
2026-02-07,2026-02,해외자사몰,290000.0,200.0,2
2026-02-07,2026-02,해외자사몰,219820.0,151.6,1
2026-02-07,2026-02,해외자사몰,219820.0,151.6,1
2026-02-07,2026-02,해외자사몰,352640.0,243.2,2
2026-02-07,2026-02,해외자사몰,187340.0,129.2,1
2026-02-07,2026-02,해외자사몰,219820.0,151.6,1
2026-02-07,2026-02,해외자사몰,196330.0,135.4,1
2026-02-07,2026-02,해외자사몰,219820.0,151.6,1
2026-02-07,2026-02,해외자사몰,196330.0,135.4,1
2026-02-08,2026-02,국내자사몰,63750.0,,1
2026-02-08,2026-02,국내자사몰,141000.0,,2
2026-02-08,2026-02,국내자사몰,123120.0,,1
2026-02-08,2026-02,국내자사몰,76000.0,,1
2026-02-08,2026-02,국내자사몰,123250.0,,1
2026-02-08,2026-02,국내자사몰,235648.0,,3
2026-02-08,2026-02,국내자사몰,56000.0,,1
2026-02-08,2026-02,국내자사몰,110200.0,,1
2026-02-08,2026-02,국내자사몰,178500.0,,1
2026-02-08,2026-02,국내자사몰,178500.0,,1
2026-02-08,2026-02,국내자사몰,129600.0,,1
2026-02-08,2026-02,국내자사몰,121000.0,,1
2026-02-08,2026-02,국내자사몰,52000.0,,2
2026-02-08,2026-02,국내자사몰,198072.0,,2
2026-02-08,2026-02,국내자사몰,396800.0,,5
2026-02-08,2026-02,국내자사몰,138889.0,,2
2026-02-08,2026-02,국내자사몰,129600.0,,1
2026-02-08,2026-02,국내자사몰,169575.0,,1
2026-02-08,2026-02,국내자사몰,179520.0,,2
2026-02-08,2026-02,국내자사몰,41000.0,,1
2026-02-08,2026-02,국내자사몰,129600.0,,1
2026-02-08,2026-02,국내자사몰,129600.0,,1
2026-02-08,2026-02,국내자사몰,129600.0,,1
2026-02-08,2026-02,국내자사몰,193750.0,,3
2026-02-08,2026-02,국내자사몰,113050.0,,1
2026-02-08,2026-02,국내자사몰,123120.0,,1
2026-02-08,2026-02,국내자사몰,129600.0,,1
2026-02-08,2026-02,국내자사몰,41250.0,,1
2026-02-08,2026-02,국내자사몰,163250.0,,2
2026-02-08,2026-02,국내자사몰,129600.0,,1
2026-02-08,2026-02,국내자사몰,123120.0,,1
2026-02-08,2026-02,해외자사몰,219820.0,151.6,1
2026-02-08,2026-02,해외자사몰,301020.0,207.6,2
2026-02-08,2026-02,해외자사몰,219820.0,151.6,1
2026-02-08,2026-02,해외자사몰,219820.0,151.6,1
2026-02-08,2026-02,해외자사몰,352640.0,243.2,2
2026-02-08,2026-02,해외자사몰,187340.0,129.2,1
2026-02-08,2026-02,해외자사몰,187340.0,129.2,1
2026-02-08,2026-02,해외자사몰,467262.5,322.25,3
2026-02-08,2026-02,해외자사몰,320160.0,220.8,2
2026-02-08,2026-02,해외자사몰,271512.5,187.25,1
2026-02-08,2026-02,해외자사몰,219820.0,151.6,1
2026-02-08,2026-02,해외자사몰,580652.5,400.45,3
2026-02-08,2026-02,해외자사몰,187340.0,129.2,1
2026-02-08,2026-02,해외자사몰,219820.0,151.6,1
2026-02-08,2026-02,해외자사몰,252300.0,174.0,1
2026-02-08,2026-02,해외자사몰,196330.0,135.4,1
2026-02-08,2026-02,해외자사몰,219820.0,151.6,1
2026-02-08,2026-02,해외자사몰,196330.0,135.4,1
2026-02-08,2026-02,해외자사몰,187340.0,129.2,1
2026-02-08,2026-02,해외자사몰,187340.0,129.2,1
2026-02-08,2026-02,해외자사몰,196330.0,135.4,1
2026-02-09,2026-02,국내자사몰,64800.0,,1
2026-02-09,2026-02,국내자사몰,72000.0,,1
2026-02-09,2026-02,국내자사몰,123250.0,,1
2026-02-09,2026-02,국내자사몰,160650.0,,1
2026-02-09,2026-02,국내자사몰,129600.0,,1
2026-02-09,2026-02,국내자사몰,84000.0,,1
2026-02-09,2026-02,국내자사몰,178500.0,,1
2026-02-09,2026-02,국내자사몰,129600.0,,1
2026-02-09,2026-02,국내자사몰,123120.0,,1
2026-02-09,2026-02,국내자사몰,214000.0,,2
2026-02-09,2026-02,국내자사몰,121163.0,,1
2026-02-09,2026-02,국내자사몰,121000.0,,1
2026-02-09,2026-02,국내자사몰,123250.0,,1
2026-02-09,2026-02,국내자사몰,129600.0,,1
2026-02-09,2026-02,국내자사몰,169575.0,,1
2026-02-09,2026-02,국내자사몰,116640.0,,1
2026-02-09,2026-02,국내자사몰,43000.0,,1
2026-02-09,2026-02,국내자사몰,114950.0,,1
2026-02-09,2026-02,해외자사몰,196330.0,135.4,1
2026-02-09,2026-02,해외자사몰,297830.0,205.4,4
2026-02-09,2026-02,해외자사몰,219820.0,151.6,1
2026-02-09,2026-02,해외자사몰,219820.0,151.6,1
2026-02-09,2026-02,해외자사몰,395937.0,273.06,4
2026-02-09,2026-02,해외자사몰,196330.0,135.4,1
2026-02-09,2026-02,해외자사몰,219820.0,151.6,1
2026-02-09,2026-02,해외자사몰,187340.0,129.2,1
2026-02-09,2026-02,해외자사몰,208220.0,143.6,1
2026-02-09,2026-02,해외자사몰,308560.0,212.8,2
2026-02-09,2026-02,해외자사몰,459650.0,317.0,4
2026-02-09,2026-02,해외자사몰,219820.0,151.6,1
2026-02-09,2026-02,해외자사몰,275500.0,190.0,1
2026-02-09,2026-02,해외자사몰,329150.0,227.0,2
2026-02-09,2026-02,해외자사몰,187340.0,129.2,1
2026-02-09,2026-02,해외자사몰,219820.0,151.6,1
2026-02-09,2026-02,해외자사몰,196330.0,135.4,1
2026-02-09,2026-02,해외자사몰,219820.0,151.6,1
2026-02-09,2026-02,해외자사몰,187340.0,129.2,1
2026-02-09,2026-02,해외자사몰,219820.0,151.6,1
2026-02-09,2026-02,해외자사몰,187340.0,129.2,1
2026-02-09,2026-02,해외자사몰,173405.5,119.59,1
2026-02-09,2026-02,해외자사몰,219820.0,151.6,1
2026-02-09,2026-02,해외자사몰,408320.00000000006,281.6,2
2026-02-09,2026-02,해외자사몰,219820.0,151.6,1
2026-02-09,2026-02,해외자사몰,196330.0,135.4,1
2026-02-09,2026-02,해외자사몰,219820.0,151.6,1
2026-02-09,2026-02,해외자사몰,219820.0,151.6,1
2026-02-09,2026-02,해외자사몰,219820.0,151.6,1
2026-02-10,2026-02,국내자사몰,123120.0,,1
2026-02-10,2026-02,국내자사몰,129600.0,,1
2026-02-10,2026-02,국내자사몰,123120.0,,1
2026-02-10,2026-02,국내자사몰,123250.0,,1
2026-02-10,2026-02,국내자사몰,168000.0,,1
2026-02-10,2026-02,국내자사몰,132643.0,,1
2026-02-10,2026-02,국내자사몰,113480.0,,1
2026-02-10,2026-02,국내자사몰,129600.0,,1
2026-02-10,2026-02,국내자사몰,64800.0,,1
2026-02-10,2026-02,국내자사몰,104690.0,,1
2026-02-10,2026-02,국내자사몰,103653.0,,1
2026-02-10,2026-02,국내자사몰,520480.0,,5
2026-02-10,2026-02,국내자사몰,123120.0,,1
2026-02-10,2026-02,국내자사몰,129600.0,,1
2026-02-10,2026-02,국내자사몰,129600.0,,1
2026-02-10,2026-02,국내자사몰,123250.0,,1
2026-02-10,2026-02,국내자사몰,123250.0,,1
2026-02-10,2026-02,국내자사몰,186000.0,,2
2026-02-10,2026-02,국내자사몰,129600.0,,1
2026-02-10,2026-02,국내자사몰,50500.0,,1
2026-02-10,2026-02,국내자사몰,129600.0,,1
2026-02-10,2026-02,국내자사몰,123120.0,,1
2026-02-10,2026-02,국내자사몰,119751.0,,1
2026-02-10,2026-02,국내자사몰,93600.0,,1
2026-02-10,2026-02,국내자사몰,169575.0,,1
2026-02-10,2026-02,국내자사몰,129600.0,,1
2026-02-10,2026-02,국내자사몰,59501.0,,1
2026-02-10,2026-02,국내자사몰,104000.0,,1
2026-02-10,2026-02,국내자사몰,121000.0,,1
2026-02-10,2026-02,국내자사몰,116000.0,,1
2026-02-10,2026-02,국내자사몰,125907.0,,1
2026-02-10,2026-02,국내자사몰,186000.0,,2
2026-02-10,2026-02,국내자사몰,186000.0,,2
2026-02-10,2026-02,국내자사몰,110200.0,,1
2026-02-10,2026-02,국내자사몰,123250.0,,1
2026-02-10,2026-02,국내자사몰,104975.0,,1
2026-02-10,2026-02,국내자사몰,123120.0,,1
2026-02-10,2026-02,국내자사몰,43000.0,,1
2026-02-10,2026-02,국내자사몰,129600.0,,1
2026-02-10,2026-02,국내자사몰,114950.0,,1
2026-02-10,2026-02,해외자사몰,219820.0,151.6,1
2026-02-10,2026-02,해외자사몰,219820.0,151.6,1
2026-02-10,2026-02,해외자사몰,187340.0,129.2,1
2026-02-10,2026-02,해외자사몰,219820.0,151.6,1
2026-02-10,2026-02,해외자사몰,275500.0,190.0,1
2026-02-10,2026-02,해외자사몰,301020.0,207.6,2
2026-02-10,2026-02,해외자사몰,219820.0,151.6,1
2026-02-10,2026-02,해외자사몰,219820.0,151.6,1
2026-02-10,2026-02,해외자사몰,219820.0,151.6,1
2026-02-10,2026-02,해외자사몰,187340.0,129.2,1
2026-02-10,2026-02,해외자사몰,228810.00000000003,157.8,1
2026-02-10,2026-02,해외자사몰,187340.0,129.2,1
2026-02-10,2026-02,해외자사몰,305660.0,210.8,2
2026-02-10,2026-02,해외자사몰,187340.0,129.2,1
2026-02-10,2026-02,해외자사몰,187340.0,129.2,1
2026-02-10,2026-02,해외자사몰,271512.5,187.25,1
2026-02-10,2026-02,해외자사몰,329150.0,227.0,2
2026-02-10,2026-02,해외자사몰,187340.0,129.2,1
2026-02-10,2026-02,해외자사몰,187340.0,129.2,1
2026-02-10,2026-02,해외자사몰,271512.5,187.25,1
2026-02-10,2026-02,해외자사몰,208220.0,143.6,1
2026-02-10,2026-02,해외자사몰,219820.0,151.6,1
2026-02-10,2026-02,해외자사몰,219820.0,151.6,1
2026-02-11,2026-02,국내자사몰,27500.0,,1
2026-02-11,2026-02,국내자사몰,205248.0,,4
2026-02-11,2026-02,국내자사몰,129600.0,,1
2026-02-11,2026-02,국내자사몰,129600.0,,1
2026-02-11,2026-02,국내자사몰,76000.0,,1
2026-02-11,2026-02,국내자사몰,129600.0,,1
2026-02-11,2026-02,국내자사몰,126088.0,,1
2026-02-11,2026-02,국내자사몰,121000.0,,1
2026-02-11,2026-02,국내자사몰,174382.0,,1
2026-02-11,2026-02,국내자사몰,126101.0,,1
2026-02-11,2026-02,국내자사몰,26275.0,,1
2026-02-11,2026-02,국내자사몰,110200.0,,1
2026-02-11,2026-02,국내자사몰,123250.0,,1
2026-02-11,2026-02,국내자사몰,129600.0,,1
2026-02-11,2026-02,국내자사몰,123250.0,,1
2026-02-11,2026-02,국내자사몰,169575.0,,1
2026-02-11,2026-02,국내자사몰,110200.0,,1
2026-02-11,2026-02,국내자사몰,129600.0,,1
2026-02-11,2026-02,국내자사몰,123250.0,,1
2026-02-11,2026-02,국내자사몰,108900.0,,1
2026-02-11,2026-02,국내자사몰,129600.0,,1
2026-02-11,2026-02,국내자사몰,116640.0,,1
2026-02-11,2026-02,국내자사몰,119600.0,,1
2026-02-11,2026-02,국내자사몰,186000.0,,2
2026-02-11,2026-02,국내자사몰,129600.0,,1
2026-02-11,2026-02,국내자사몰,123120.0,,1
2026-02-11,2026-02,국내자사몰,123250.0,,1
2026-02-11,2026-02,국내자사몰,123250.0,,1
2026-02-11,2026-02,국내자사몰,200050.0,,3
2026-02-11,2026-02,국내자사몰,57840.0,,1
2026-02-11,2026-02,국내자사몰,589805.0,,6
2026-02-11,2026-02,국내자사몰,117088.0,,1
2026-02-11,2026-02,국내자사몰,65000.0,,1
2026-02-11,2026-02,국내자사몰,129600.0,,1
2026-02-11,2026-02,해외자사몰,190820.0,131.6,1
2026-02-11,2026-02,해외자사몰,196330.0,135.4,1
2026-02-11,2026-02,해외자사몰,310880.0,214.4,2
2026-02-11,2026-02,해외자사몰,208220.0,143.6,1
2026-02-11,2026-02,해외자사몰,330295.5,227.79,3
2026-02-11,2026-02,해외자사몰,219820.0,151.6,1
2026-02-11,2026-02,해외자사몰,252300.0,174.0,1
2026-02-11,2026-02,해외자사몰,187340.0,129.2,1
2026-02-11,2026-02,해외자사몰,219820.0,151.6,1
2026-02-11,2026-02,해외자사몰,190820.0,131.6,1
2026-02-11,2026-02,해외자사몰,219820.0,151.6,1
2026-02-11,2026-02,해외자사몰,219820.0,151.6,1
2026-02-11,2026-02,해외자사몰,296670.0,204.6,2
2026-02-11,2026-02,해외자사몰,296670.0,204.6,2
2026-02-11,2026-02,해외자사몰,189660.00000000003,130.8,1
2026-02-12,2026-02,국내자사몰,129600.0,,1
2026-02-12,2026-02,국내자사몰,246240.0,,2
2026-02-12,2026-02,국내자사몰,121000.0,,1
2026-02-12,2026-02,국내자사몰,121000.0,,1
2026-02-12,2026-02,국내자사몰,128050.0,,2
2026-02-12,2026-02,국내자사몰,114950.0,,1
2026-02-12,2026-02,국내자사몰,121829.0,,1
2026-02-12,2026-02,국내자사몰,116000.0,,1
2026-02-12,2026-02,국내자사몰,116000.0,,1
2026-02-12,2026-02,국내자사몰,98600.0,,1
2026-02-12,2026-02,국내자사몰,116000.0,,1
2026-02-12,2026-02,국내자사몰,129600.0,,1
2026-02-12,2026-02,국내자사몰,129600.0,,1
2026-02-12,2026-02,국내자사몰,43000.0,,1
2026-02-12,2026-02,국내자사몰,144000.0,,1
2026-02-12,2026-02,국내자사몰,129600.0,,1
2026-02-12,2026-02,국내자사몰,165300.0,,1
2026-02-12,2026-02,국내자사몰,186000.0,,2
2026-02-12,2026-02,국내자사몰,123250.0,,1
2026-02-12,2026-02,국내자사몰,27500.0,,1
2026-02-12,2026-02,국내자사몰,403704.0,,4
2026-02-12,2026-02,국내자사몰,123120.0,,1
2026-02-12,2026-02,국내자사몰,91065.0,,1
2026-02-12,2026-02,국내자사몰,41250.0,,1
2026-02-12,2026-02,국내자사몰,61898.0,,1
2026-02-12,2026-02,국내자사몰,121000.0,,1
2026-02-12,2026-02,국내자사몰,68400.0,,1
2026-02-12,2026-02,국내자사몰,113505.0,,1
2026-02-12,2026-02,국내자사몰,129600.0,,1
2026-02-12,2026-02,국내자사몰,129600.0,,1
2026-02-12,2026-02,해외자사몰,219820.0,151.6,1
2026-02-12,2026-02,해외자사몰,219820.0,151.6,1
2026-02-12,2026-02,해외자사몰,321900.0,222.0,3
2026-02-12,2026-02,해외자사몰,219820.0,151.6,1
2026-02-12,2026-02,해외자사몰,219820.0,151.6,1
2026-02-12,2026-02,해외자사몰,196330.0,135.4,1
2026-02-12,2026-02,해외자사몰,187340.0,129.2,1
2026-02-12,2026-02,해외자사몰,219820.0,151.6,1
2026-02-12,2026-02,해외자사몰,271512.5,187.25,1
2026-02-12,2026-02,해외자사몰,196330.0,135.4,1
2026-02-12,2026-02,해외자사몰,187340.0,129.2,1
2026-02-12,2026-02,해외자사몰,187340.0,129.2,1
2026-02-12,2026-02,해외자사몰,219820.0,151.6,1
2026-02-12,2026-02,해외자사몰,219820.0,151.6,1
2026-02-12,2026-02,해외자사몰,404332.50000000006,278.85,2
2026-02-12,2026-02,해외자사몰,320160.0,220.8,2
2026-02-12,2026-02,해외자사몰,219820.0,151.6,1
2026-02-12,2026-02,해외자사몰,352640.0,243.2,2
2026-02-12,2026-02,해외자사몰,219820.0,151.6,1
2026-02-12,2026-02,해외자사몰,271512.5,187.25,1
2026-02-12,2026-02,해외자사몰,187340.0,129.2,1
2026-02-12,2026-02,해외자사몰,219820.0,151.6,1
2026-02-12,2026-02,해외자사몰,219820.0,151.6,1
2026-02-13,2026-02,국내자사몰,129600.0,,1
2026-02-13,2026-02,국내자사몰,72000.0,,1
2026-02-13,2026-02,국내자사몰,129600.0,,1
2026-02-13,2026-02,국내자사몰,123120.0,,1
2026-02-13,2026-02,국내자사몰,128050.0,,2
2026-02-13,2026-02,국내자사몰,121000.0,,1
2026-02-13,2026-02,국내자사몰,76000.0,,1
2026-02-13,2026-02,국내자사몰,104400.0,,1
2026-02-13,2026-02,국내자사몰,76000.0,,1
2026-02-13,2026-02,국내자사몰,110160.0,,1
2026-02-13,2026-02,국내자사몰,135000.0,,1
2026-02-13,2026-02,국내자사몰,123120.0,,1
2026-02-13,2026-02,국내자사몰,123120.0,,1
2026-02-13,2026-02,국내자사몰,121000.0,,1
2026-02-13,2026-02,국내자사몰,182604.0,,2
2026-02-13,2026-02,국내자사몰,116000.0,,1
2026-02-13,2026-02,국내자사몰,246240.0,,2
2026-02-13,2026-02,해외자사몰,219820.0,151.6,1
2026-02-13,2026-02,해외자사몰,219820.0,151.6,1
2026-02-13,2026-02,해외자사몰,196330.0,135.4,1
2026-02-13,2026-02,해외자사몰,271512.5,187.25,1
2026-02-13,2026-02,해외자사몰,219820.0,151.6,1
2026-02-13,2026-02,해외자사몰,196330.0,135.4,1
2026-02-13,2026-02,해외자사몰,219820.0,151.6,1
2026-02-13,2026-02,해외자사몰,196330.0,135.4,1
2026-02-13,2026-02,해외자사몰,352640.0,243.2,2
2026-02-13,2026-02,해외자사몰,219820.0,151.6,1
2026-02-13,2026-02,해외자사몰,296670.0,204.6,2
2026-02-13,2026-02,해외자사몰,219820.0,151.6,1
2026-02-13,2026-02,해외자사몰,219820.0,151.6,1
2026-02-13,2026-02,해외자사몰,275500.0,190.0,1
2026-02-13,2026-02,해외자사몰,219820.0,151.6,1
2026-02-13,2026-02,해외자사몰,216050.0,149.0,1
2026-02-13,2026-02,해외자사몰,219820.0,151.6,1
2026-02-14,2026-02,국내자사몰,123120.0,,1
2026-02-14,2026-02,국내자사몰,129600.0,,1
2026-02-14,2026-02,국내자사몰,139300.0,,1
2026-02-14,2026-02,국내자사몰,129600.0,,1
2026-02-14,2026-02,국내자사몰,123120.0,,1
2026-02-14,2026-02,국내자사몰,121000.0,,1
2026-02-14,2026-02,국내자사몰,76000.0,,1
2026-02-14,2026-02,국내자사몰,123120.0,,1
2026-02-14,2026-02,국내자사몰,56000.0,,1
2026-02-14,2026-02,국내자사몰,117088.0,,1
2026-02-14,2026-02,국내자사몰,123250.0,,1
2026-02-14,2026-02,국내자사몰,121000.0,,1
2026-02-14,2026-02,국내자사몰,123120.0,,1
2026-02-14,2026-02,국내자사몰,61370.0,,1
2026-02-14,2026-02,국내자사몰,123120.0,,1
2026-02-14,2026-02,국내자사몰,129600.0,,1
2026-02-14,2026-02,국내자사몰,76000.0,,1
2026-02-14,2026-02,국내자사몰,186000.0,,2
2026-02-14,2026-02,국내자사몰,117088.0,,1
2026-02-14,2026-02,국내자사몰,59400.0,,1
2026-02-14,2026-02,국내자사몰,185050.0,,2
2026-02-14,2026-02,해외자사몰,271512.5,187.25,1
2026-02-14,2026-02,해외자사몰,491622.5,339.05,4
2026-02-14,2026-02,해외자사몰,219820.0,151.6,1
2026-02-14,2026-02,해외자사몰,196330.0,135.4,1
2026-02-14,2026-02,해외자사몰,219820.0,151.6,1
2026-02-14,2026-02,해외자사몰,300005.0,206.9,5
2026-02-14,2026-02,해외자사몰,196330.0,135.4,1
2026-02-14,2026-02,해외자사몰,271512.5,187.25,1
2026-02-14,2026-02,해외자사몰,219820.0,151.6,1
2026-02-14,2026-02,해외자사몰,219820.0,151.6,1
2026-02-14,2026-02,해외자사몰,219820.0,151.6,1
2026-02-14,2026-02,해외자사몰,219820.0,151.6,1
2026-02-14,2026-02,해외자사몰,219820.0,151.6,1
2026-02-14,2026-02,해외자사몰,219820.0,151.6,1
2026-02-14,2026-02,해외자사몰,271512.5,187.25,1
2026-02-14,2026-02,해외자사몰,196330.0,135.4,1
2026-02-14,2026-02,해외자사몰,219820.0,151.6,1
2026-02-14,2026-02,해외자사몰,271512.5,187.25,1
2026-02-14,2026-02,해외자사몰,189660.00000000003,130.8,1
2026-02-14,2026-02,해외자사몰,219820.0,151.6,1
2026-02-14,2026-02,해외자사몰,196330.0,135.4,1
2026-02-15,2026-02,국내자사몰,129600.0,,1
2026-02-15,2026-02,국내자사몰,61750.0,,1
2026-02-15,2026-02,국내자사몰,121000.0,,1
2026-02-15,2026-02,국내자사몰,116640.0,,1
2026-02-15,2026-02,국내자사몰,179700.0,,2
2026-02-15,2026-02,국내자사몰,76000.0,,1
2026-02-15,2026-02,국내자사몰,129600.0,,1
2026-02-15,2026-02,국내자사몰,123250.0,,1
2026-02-15,2026-02,국내자사몰,99990.0,,2
2026-02-15,2026-02,국내자사몰,169575.0,,1
2026-02-15,2026-02,국내자사몰,142000.0,,2
2026-02-15,2026-02,국내자사몰,129600.0,,1
2026-02-15,2026-02,국내자사몰,129600.0,,1
2026-02-15,2026-02,국내자사몰,129600.0,,1
2026-02-15,2026-02,국내자사몰,178500.0,,1
2026-02-15,2026-02,국내자사몰,62856.0,,1
2026-02-15,2026-02,국내자사몰,99180.0,,1
2026-02-15,2026-02,국내자사몰,123120.0,,1
2026-02-15,2026-02,국내자사몰,117088.0,,1
2026-02-15,2026-02,국내자사몰,123120.0,,1
2026-02-15,2026-02,국내자사몰,119048.0,,1
2026-02-15,2026-02,국내자사몰,352500.0,,2
2026-02-15,2026-02,국내자사몰,169575.0,,1
2026-02-15,2026-02,국내자사몰,176700.0,,2
2026-02-15,2026-02,국내자사몰,98800.0,,1
2026-02-15,2026-02,국내자사몰,142500.0,,1
2026-02-15,2026-02,국내자사몰,186000.0,,2
2026-02-15,2026-02,국내자사몰,123120.0,,1
2026-02-15,2026-02,해외자사몰,196330.0,135.4,1
2026-02-15,2026-02,해외자사몰,219820.0,151.6,1
2026-02-15,2026-02,해외자사몰,219820.0,151.6,1
2026-02-16,2026-02,국내자사몰,121000.0,,1
2026-02-16,2026-02,국내자사몰,109144.0,,1
2026-02-16,2026-02,국내자사몰,104696.0,,1
2026-02-16,2026-02,국내자사몰,165300.0,,1
2026-02-16,2026-02,국내자사몰,72200.0,,1
2026-02-16,2026-02,국내자사몰,63750.0,,1
2026-02-16,2026-02,국내자사몰,124416.0,,1
2026-02-16,2026-02,국내자사몰,58948.0,,1
2026-02-16,2026-02,국내자사몰,129600.0,,1
2026-02-16,2026-02,국내자사몰,217000.0,,3
2026-02-16,2026-02,국내자사몰,129600.0,,1
2026-02-16,2026-02,국내자사몰,215175.0,,4
2026-02-16,2026-02,국내자사몰,110925.0,,1
2026-02-16,2026-02,국내자사몰,129600.0,,1
2026-02-16,2026-02,국내자사몰,129600.0,,1
2026-02-16,2026-02,국내자사몰,188950.0,,2
2026-02-16,2026-02,국내자사몰,186000.0,,2
2026-02-16,2026-02,국내자사몰,178500.0,,1
2026-02-16,2026-02,국내자사몰,129600.0,,1
2026-02-16,2026-02,국내자사몰,56000.0,,1
2026-02-16,2026-02,국내자사몰,98800.0,,1
2026-02-16,2026-02,국내자사몰,129600.0,,1
2026-02-16,2026-02,국내자사몰,68384.0,,1
2026-02-16,2026-02,해외자사몰,196330.0,135.4,1
2026-02-16,2026-02,해외자사몰,329150.0,227.0,2
2026-02-16,2026-02,해외자사몰,275500.0,190.0,1
2026-02-16,2026-02,해외자사몰,219820.0,151.6,1
2026-02-16,2026-02,해외자사몰,271512.5,187.25,1
2026-02-16,2026-02,해외자사몰,189660.00000000003,130.8,1
2026-02-16,2026-02,해외자사몰,271512.5,187.25,1
2026-02-16,2026-02,해외자사몰,219820.0,151.6,1
2026-02-16,2026-02,해외자사몰,189660.00000000003,130.8,1
2026-02-16,2026-02,해외자사몰,271512.5,187.25,1
2026-02-16,2026-02,해외자사몰,219820.0,151.6,1
2026-02-16,2026-02,해외자사몰,196330.0,135.4,1
2026-02-16,2026-02,해외자사몰,271512.5,187.25,1
2026-02-17,2026-02,국내자사몰,129600.0,,1
2026-02-17,2026-02,국내자사몰,76000.0,,1
2026-02-17,2026-02,국내자사몰,178500.0,,1
2026-02-17,2026-02,국내자사몰,76000.0,,1
2026-02-17,2026-02,국내자사몰,132335.0,,1
2026-02-17,2026-02,국내자사몰,129600.0,,1
2026-02-17,2026-02,국내자사몰,129600.0,,1
2026-02-17,2026-02,국내자사몰,129600.0,,1
2026-02-17,2026-02,국내자사몰,129600.0,,1
2026-02-17,2026-02,국내자사몰,27500.0,,1
2026-02-17,2026-02,국내자사몰,117088.0,,1
2026-02-17,2026-02,국내자사몰,116640.0,,1
2026-02-17,2026-02,국내자사몰,178500.0,,1
2026-02-17,2026-02,국내자사몰,129600.0,,1
2026-02-17,2026-02,국내자사몰,129600.0,,1
2026-02-17,2026-02,국내자사몰,116640.0,,1
2026-02-17,2026-02,국내자사몰,123120.0,,1
2026-02-17,2026-02,국내자사몰,129600.0,,1
2026-02-17,2026-02,국내자사몰,123120.0,,1
2026-02-17,2026-02,국내자사몰,100444.0,,2
2026-02-17,2026-02,국내자사몰,129600.0,,1
2026-02-17,2026-02,국내자사몰,116640.0,,1
2026-02-17,2026-02,국내자사몰,123250.0,,1
2026-02-17,2026-02,국내자사몰,240208.0,,2
2026-02-17,2026-02,국내자사몰,252850.0,,2
2026-02-17,2026-02,국내자사몰,129600.0,,1
2026-02-17,2026-02,국내자사몰,123120.0,,1
2026-02-17,2026-02,국내자사몰,129600.0,,1
2026-02-17,2026-02,국내자사몰,129600.0,,1
2026-02-17,2026-02,해외자사몰,322480.0,222.4,2
2026-02-17,2026-02,해외자사몰,322480.0,222.4,2
2026-02-17,2026-02,해외자사몰,219820.0,151.6,1
2026-02-17,2026-02,해외자사몰,271512.5,187.25,1
2026-02-17,2026-02,해외자사몰,181830.0,125.4,1
2026-02-17,2026-02,해외자사몰,196330.0,135.4,1
2026-02-17,2026-02,해외자사몰,219820.0,151.6,1
2026-02-17,2026-02,해외자사몰,219820.0,151.6,1
2026-02-17,2026-02,해외자사몰,271512.5,187.25,1
2026-02-18,2026-02,국내자사몰,123120.0,,1
2026-02-18,2026-02,국내자사몰,123120.0,,1
2026-02-18,2026-02,국내자사몰,156762.0,,1
2026-02-18,2026-02,국내자사몰,129600.0,,1
2026-02-18,2026-02,국내자사몰,129600.0,,1
2026-02-18,2026-02,국내자사몰,129600.0,,1
2026-02-18,2026-02,국내자사몰,123120.0,,1
2026-02-18,2026-02,국내자사몰,59130.0,,1
2026-02-18,2026-02,국내자사몰,121000.0,,1
2026-02-18,2026-02,국내자사몰,173145.0,,1
2026-02-18,2026-02,국내자사몰,123120.0,,1
2026-02-18,2026-02,국내자사몰,76000.0,,1
2026-02-18,2026-02,국내자사몰,123120.0,,1
2026-02-18,2026-02,국내자사몰,123250.0,,1
2026-02-18,2026-02,국내자사몰,117088.0,,1
2026-02-18,2026-02,국내자사몰,58948.0,,1
2026-02-18,2026-02,국내자사몰,150000.0,,1
2026-02-18,2026-02,국내자사몰,115863.0,,1
2026-02-18,2026-02,국내자사몰,123250.0,,1
2026-02-18,2026-02,국내자사몰,129600.0,,1
2026-02-18,2026-02,국내자사몰,129600.0,,1
2026-02-18,2026-02,국내자사몰,186000.0,,2
2026-02-18,2026-02,국내자사몰,110200.0,,1
2026-02-18,2026-02,국내자사몰,169575.0,,1
2026-02-18,2026-02,국내자사몰,129600.0,,1
2026-02-18,2026-02,국내자사몰,72200.0,,1
2026-02-18,2026-02,국내자사몰,121000.0,,1
2026-02-18,2026-02,해외자사몰,196330.0,135.4,1
2026-02-18,2026-02,해외자사몰,219820.0,151.6,1
2026-02-18,2026-02,해외자사몰,196330.0,135.4,1
2026-02-18,2026-02,해외자사몰,168200.0,116.0,1
2026-02-18,2026-02,해외자사몰,219820.0,151.6,1
2026-02-18,2026-02,해외자사몰,329150.0,227.0,2
2026-02-18,2026-02,해외자사몰,219820.0,151.6,1
2026-02-18,2026-02,해외자사몰,219820.0,151.6,1
2026-02-18,2026-02,해외자사몰,219820.0,151.6,1
2026-02-18,2026-02,해외자사몰,219820.0,151.6,1
2026-02-19,2026-02,국내자사몰,121000.0,,1
2026-02-19,2026-02,국내자사몰,26275.0,,1
2026-02-19,2026-02,국내자사몰,27500.0,,1
2026-02-19,2026-02,국내자사몰,72000.0,,1
2026-02-19,2026-02,국내자사몰,252850.0,,2
2026-02-19,2026-02,국내자사몰,129600.0,,1
2026-02-19,2026-02,국내자사몰,186000.0,,2
2026-02-19,2026-02,국내자사몰,123120.0,,1
2026-02-19,2026-02,국내자사몰,169575.0,,1
2026-02-19,2026-02,국내자사몰,150000.0,,1
2026-02-19,2026-02,국내자사몰,72000.0,,1
2026-02-19,2026-02,국내자사몰,123250.0,,1
2026-02-19,2026-02,국내자사몰,41000.0,,1
2026-02-19,2026-02,국내자사몰,102600.0,,1
2026-02-19,2026-02,국내자사몰,252850.0,,2
2026-02-19,2026-02,국내자사몰,186000.0,,2
2026-02-19,2026-02,국내자사몰,123120.0,,1
2026-02-19,2026-02,국내자사몰,129600.0,,1
2026-02-19,2026-02,국내자사몰,84000.0,,1
2026-02-19,2026-02,국내자사몰,104690.0,,1
2026-02-19,2026-02,국내자사몰,41000.0,,1
2026-02-19,2026-02,국내자사몰,115788.0,,1
2026-02-19,2026-02,국내자사몰,237600.0,,2
2026-02-19,2026-02,국내자사몰,62700.0,,1
2026-02-19,2026-02,국내자사몰,129600.0,,1
2026-02-19,2026-02,국내자사몰,123120.0,,1
2026-02-19,2026-02,국내자사몰,121000.0,,1
2026-02-19,2026-02,국내자사몰,114950.0,,1
2026-02-19,2026-02,국내자사몰,181011.0,,2
2026-02-19,2026-02,국내자사몰,114950.0,,1
2026-02-19,2026-02,국내자사몰,117088.0,,1
2026-02-19,2026-02,국내자사몰,176700.0,,2
2026-02-19,2026-02,국내자사몰,126360.0,,1
2026-02-19,2026-02,국내자사몰,62700.0,,1
2026-02-19,2026-02,국내자사몰,129600.0,,1
2026-02-19,2026-02,해외자사몰,219820.0,151.6,1
2026-02-19,2026-02,해외자사몰,380842.5,262.65,2
2026-02-19,2026-02,해외자사몰,196330.0,135.4,1
2026-02-19,2026-02,해외자사몰,352640.0,243.2,2
2026-02-19,2026-02,해외자사몰,219820.0,151.6,1
2026-02-19,2026-02,해외자사몰,196330.0,135.4,1
2026-02-19,2026-02,해외자사몰,219820.0,151.6,1
2026-02-19,2026-02,해외자사몰,196330.0,135.4,1
2026-02-19,2026-02,해외자사몰,219820.0,151.6,1
2026-02-19,2026-02,해외자사몰,266655.0,183.9,2
2026-02-19,2026-02,해외자사몰,271512.5,187.25,1
2026-02-20,2026-02,국내자사몰,129600.0,,1
2026-02-20,2026-02,국내자사몰,129600.0,,1
2026-02-20,2026-02,국내자사몰,240208.0,,2
2026-02-20,2026-02,국내자사몰,57375.0,,1
2026-02-20,2026-02,국내자사몰,183522.0,,2
2026-02-20,2026-02,국내자사몰,115500.0,,1
2026-02-20,2026-02,국내자사몰,129600.0,,1
2026-02-20,2026-02,국내자사몰,129600.0,,1
2026-02-20,2026-02,국내자사몰,129600.0,,1
2026-02-20,2026-02,국내자사몰,252850.0,,2
2026-02-20,2026-02,국내자사몰,129600.0,,1
2026-02-20,2026-02,국내자사몰,186000.0,,2
2026-02-20,2026-02,국내자사몰,163250.0,,2
2026-02-20,2026-02,국내자사몰,123120.0,,1
2026-02-20,2026-02,국내자사몰,129600.0,,1
2026-02-20,2026-02,국내자사몰,129600.0,,1
2026-02-20,2026-02,국내자사몰,123120.0,,1
2026-02-20,2026-02,국내자사몰,142500.0,,1
2026-02-20,2026-02,국내자사몰,129600.0,,1
2026-02-20,2026-02,국내자사몰,129600.0,,1
2026-02-20,2026-02,국내자사몰,117088.0,,1
2026-02-20,2026-02,국내자사몰,123120.0,,1
2026-02-20,2026-02,국내자사몰,123120.0,,1
2026-02-20,2026-02,국내자사몰,129600.0,,1
2026-02-20,2026-02,국내자사몰,129600.0,,1
2026-02-20,2026-02,국내자사몰,123120.0,,1
2026-02-20,2026-02,국내자사몰,175463.0,,2
2026-02-20,2026-02,국내자사몰,72000.0,,1
2026-02-20,2026-02,국내자사몰,123250.0,,1
2026-02-20,2026-02,국내자사몰,826175.0,,8
2026-02-20,2026-02,국내자사몰,123120.0,,1
2026-02-20,2026-02,해외자사몰,271512.5,187.25,1
2026-02-20,2026-02,해외자사몰,189660.00000000003,130.8,1
2026-02-20,2026-02,해외자사몰,196330.0,135.4,1
2026-02-20,2026-02,해외자사몰,196330.0,135.4,1
2026-02-20,2026-02,해외자사몰,189660.00000000003,130.8,1
2026-02-20,2026-02,해외자사몰,271512.5,187.25,1
2026-02-20,2026-02,해외자사몰,363950.0,251.0,3
2026-02-20,2026-02,해외자사몰,275500.0,190.0,1
2026-02-20,2026-02,해외자사몰,196330.0,135.4,1
2026-02-20,2026-02,해외자사몰,196330.0,135.4,1
2026-02-20,2026-02,해외자사몰,329150.0,227.0,2
2026-02-20,2026-02,해외자사몰,329150.0,227.0,2
2026-02-21,2026-02,국내자사몰,129600.0,,1
2026-02-21,2026-02,국내자사몰,178500.0,,1
2026-02-21,2026-02,국내자사몰,110942.0,,1
2026-02-21,2026-02,국내자사몰,129600.0,,1
2026-02-21,2026-02,국내자사몰,129600.0,,1
2026-02-21,2026-02,국내자사몰,129600.0,,1
2026-02-21,2026-02,국내자사몰,129600.0,,1
2026-02-21,2026-02,국내자사몰,129600.0,,1
2026-02-21,2026-02,국내자사몰,123250.0,,1
2026-02-21,2026-02,국내자사몰,129600.0,,1
2026-02-21,2026-02,국내자사몰,112000.0,,1
2026-02-21,2026-02,국내자사몰,178500.0,,1
2026-02-21,2026-02,국내자사몰,129600.0,,1
2026-02-21,2026-02,국내자사몰,105400.0,,2
2026-02-21,2026-02,국내자사몰,186000.0,,2
2026-02-21,2026-02,국내자사몰,123120.0,,1
2026-02-21,2026-02,해외자사몰,219820.0,151.6,1
2026-02-21,2026-02,해외자사몰,202188.0,139.44,1
2026-02-21,2026-02,해외자사몰,271512.5,187.25,1
2026-02-21,2026-02,해외자사몰,219820.0,151.6,1
2026-02-21,2026-02,해외자사몰,196330.0,135.4,1
2026-02-21,2026-02,해외자사몰,196330.0,135.4,1
2026-02-21,2026-02,해외자사몰,196330.0,135.4,1
2026-02-21,2026-02,해외자사몰,219820.0,151.6,1
2026-02-21,2026-02,해외자사몰,386280.0,266.4,2
2026-02-21,2026-02,해외자사몰,196330.0,135.4,1
2026-02-21,2026-02,해외자사몰,196330.0,135.4,1
2026-02-21,2026-02,해외자사몰,219820.0,151.6,1
2026-02-22,2026-02,국내자사몰,129600.0,,1
2026-02-22,2026-02,국내자사몰,114950.0,,1
2026-02-22,2026-02,국내자사몰,129600.0,,1
2026-02-22,2026-02,국내자사몰,129600.0,,1
2026-02-22,2026-02,국내자사몰,123120.0,,1
2026-02-22,2026-02,국내자사몰,123120.0,,1
2026-02-22,2026-02,국내자사몰,123120.0,,1
2026-02-22,2026-02,국내자사몰,129600.0,,1
2026-02-22,2026-02,국내자사몰,123120.0,,1
2026-02-22,2026-02,국내자사몰,43000.0,,1
2026-02-22,2026-02,국내자사몰,103045.0,,1
2026-02-22,2026-02,국내자사몰,94041.0,,1
2026-02-22,2026-02,국내자사몰,104000.0,,1
2026-02-22,2026-02,국내자사몰,123120.0,,1
2026-02-22,2026-02,국내자사몰,129600.0,,1
2026-02-22,2026-02,국내자사몰,188250.0,,2
2026-02-22,2026-02,국내자사몰,123250.0,,1
2026-02-22,2026-02,국내자사몰,129600.0,,1
2026-02-22,2026-02,국내자사몰,129600.0,,1
2026-02-22,2026-02,국내자사몰,129600.0,,1
2026-02-22,2026-02,국내자사몰,186000.0,,2
2026-02-22,2026-02,국내자사몰,102000.0,,1
2026-02-22,2026-02,국내자사몰,129600.0,,1
2026-02-22,2026-02,국내자사몰,234176.0,,2
2026-02-22,2026-02,국내자사몰,129600.0,,1
2026-02-22,2026-02,국내자사몰,123120.0,,1
2026-02-22,2026-02,국내자사몰,826020.0,,7
2026-02-22,2026-02,국내자사몰,123120.0,,1
2026-02-22,2026-02,국내자사몰,114950.0,,1
2026-02-22,2026-02,국내자사몰,50223.0,,1
2026-02-22,2026-02,국내자사몰,123250.0,,1
2026-02-22,2026-02,국내자사몰,43000.0,,1
2026-02-22,2026-02,해외자사몰,338937.5,233.75,2
2026-02-22,2026-02,해외자사몰,275500.0,190.0,1
2026-02-22,2026-02,해외자사몰,271512.5,187.25,1
2026-02-22,2026-02,해외자사몰,196330.0,135.4,1
2026-02-22,2026-02,해외자사몰,196330.0,135.4,1
2026-02-22,2026-02,해외자사몰,219820.0,151.6,1
2026-02-22,2026-02,해외자사몰,196330.0,135.4,1
2026-02-22,2026-02,해외자사몰,219820.0,151.6,1
2026-02-22,2026-02,해외자사몰,271512.5,187.25,1
2026-02-22,2026-02,해외자사몰,219820.0,151.6,1
2026-02-22,2026-02,해외자사몰,196330.0,135.4,1
2026-02-22,2026-02,해외자사몰,353800.0,244.0,3
2026-02-22,2026-02,해외자사몰,272614.5,188.01,2
2026-02-22,2026-02,해외자사몰,219820.0,151.6,1
2026-02-22,2026-02,해외자사몰,219820.0,151.6,1
2026-02-22,2026-02,해외자사몰,271512.5,187.25,1
2026-02-23,2026-02,국내자사몰,64500.0,,1
2026-02-23,2026-02,국내자사몰,114950.0,,1
2026-02-23,2026-02,국내자사몰,104000.0,,1
2026-02-23,2026-02,국내자사몰,123120.0,,1
2026-02-23,2026-02,국내자사몰,122460.0,,1
2026-02-23,2026-02,국내자사몰,129600.0,,1
2026-02-23,2026-02,국내자사몰,123120.0,,1
2026-02-23,2026-02,국내자사몰,123120.0,,1
2026-02-23,2026-02,국내자사몰,129600.0,,1
2026-02-23,2026-02,국내자사몰,178500.0,,1
2026-02-23,2026-02,국내자사몰,129600.0,,1
2026-02-23,2026-02,국내자사몰,129600.0,,1
2026-02-23,2026-02,국내자사몰,123120.0,,1
2026-02-23,2026-02,국내자사몰,129600.0,,1
2026-02-23,2026-02,국내자사몰,129600.0,,1
2026-02-23,2026-02,국내자사몰,126101.0,,1
2026-02-23,2026-02,국내자사몰,168000.0,,1
2026-02-23,2026-02,국내자사몰,129600.0,,1
2026-02-23,2026-02,국내자사몰,129600.0,,1
2026-02-23,2026-02,국내자사몰,110160.0,,1
2026-02-23,2026-02,국내자사몰,123120.0,,1
2026-02-23,2026-02,국내자사몰,204420.0,,2
2026-02-23,2026-02,국내자사몰,121000.0,,1
2026-02-23,2026-02,국내자사몰,309250.0,,3
2026-02-23,2026-02,국내자사몰,201712.0,,2
2026-02-23,2026-02,국내자사몰,150000.0,,1
2026-02-23,2026-02,국내자사몰,129600.0,,1
2026-02-23,2026-02,국내자사몰,60563.0,,1
2026-02-23,2026-02,국내자사몰,123120.0,,1
2026-02-23,2026-02,국내자사몰,104940.0,,1
2026-02-23,2026-02,해외자사몰,219820.0,151.6,1
2026-02-23,2026-02,해외자사몰,189660.00000000003,130.8,1
2026-02-23,2026-02,해외자사몰,271512.5,187.25,1
2026-02-23,2026-02,해외자사몰,219820.0,151.6,1
2026-02-23,2026-02,해외자사몰,196330.0,135.4,1
2026-02-23,2026-02,해외자사몰,196330.0,135.4,1
2026-02-23,2026-02,해외자사몰,271512.5,187.25,1
2026-02-23,2026-02,해외자사몰,219820.0,151.6,1
2026-02-23,2026-02,해외자사몰,196330.0,135.4,1
2026-02-23,2026-02,해외자사몰,219820.0,151.6,1
2026-02-23,2026-02,해외자사몰,200100.0,138.0,1
2026-02-23,2026-02,해외자사몰,202188.0,139.44,1
2026-02-23,2026-02,해외자사몰,196330.0,135.4,1
2026-02-23,2026-02,해외자사몰,275500.0,190.0,1
2026-02-23,2026-02,해외자사몰,411800.0,284.0,3
2026-02-24,2026-02,국내자사몰,197500.0,,2
2026-02-24,2026-02,국내자사몰,51600.0,,1
2026-02-24,2026-02,국내자사몰,108000.0,,1
2026-02-24,2026-02,국내자사몰,129600.0,,1
2026-02-24,2026-02,국내자사몰,97750.0,,3
2026-02-24,2026-02,국내자사몰,130500.0,,1
2026-02-24,2026-02,국내자사몰,123250.0,,1
2026-02-24,2026-02,국내자사몰,89550.0,,1
2026-02-24,2026-02,국내자사몰,123250.0,,1
2026-02-24,2026-02,국내자사몰,129600.0,,1
2026-02-24,2026-02,국내자사몰,98000.0,,1
2026-02-24,2026-02,국내자사몰,129600.0,,1
2026-02-24,2026-02,국내자사몰,72000.0,,1
2026-02-24,2026-02,국내자사몰,123120.0,,1
2026-02-24,2026-02,국내자사몰,167790.0,,1
2026-02-24,2026-02,국내자사몰,121000.0,,1
2026-02-24,2026-02,국내자사몰,129600.0,,1
2026-02-24,2026-02,국내자사몰,129600.0,,1
2026-02-24,2026-02,국내자사몰,178500.0,,1
2026-02-24,2026-02,국내자사몰,399923.0,,3
2026-02-24,2026-02,국내자사몰,129600.0,,1
2026-02-24,2026-02,국내자사몰,99059.0,,1
2026-02-24,2026-02,국내자사몰,129600.0,,1
2026-02-24,2026-02,국내자사몰,114950.0,,1
2026-02-24,2026-02,국내자사몰,121000.0,,1
2026-02-24,2026-02,국내자사몰,110200.0,,1
2026-02-24,2026-02,국내자사몰,123250.0,,1
2026-02-24,2026-02,국내자사몰,129600.0,,1
2026-02-24,2026-02,국내자사몰,123250.0,,1
2026-02-24,2026-02,국내자사몰,63750.0,,1
2026-02-24,2026-02,국내자사몰,115500.0,,1
2026-02-24,2026-02,국내자사몰,97524.0,,1
2026-02-24,2026-02,국내자사몰,129600.0,,1
2026-02-24,2026-02,해외자사몰,275500.0,190.0,1
2026-02-24,2026-02,해외자사몰,196330.0,135.4,1
2026-02-24,2026-02,해외자사몰,219820.0,151.6,1
2026-02-24,2026-02,해외자사몰,352640.0,243.2,2
2026-02-24,2026-02,해외자사몰,271512.5,187.25,1
2026-02-24,2026-02,해외자사몰,196330.0,135.4,1
2026-02-24,2026-02,해외자사몰,319725.0,220.5,3
2026-02-24,2026-02,해외자사몰,219820.0,151.6,1
2026-02-24,2026-02,해외자사몰,189660.00000000003,130.8,1
2026-02-24,2026-02,해외자사몰,460012.5,317.25,2
2026-02-25,2026-02,국내자사몰,129600.0,,1
2026-02-25,2026-02,국내자사몰,123120.0,,1
2026-02-25,2026-02,국내자사몰,129600.0,,1
2026-02-25,2026-02,국내자사몰,129600.0,,1
2026-02-25,2026-02,국내자사몰,143275.0,,2
2026-02-25,2026-02,국내자사몰,24000.0,,1
2026-02-25,2026-02,국내자사몰,129600.0,,1
2026-02-25,2026-02,국내자사몰,123120.0,,1
2026-02-25,2026-02,국내자사몰,70538.0,,1
2026-02-25,2026-02,국내자사몰,135000.0,,1
2026-02-25,2026-02,국내자사몰,142500.0,,1
2026-02-25,2026-02,국내자사몰,150000.0,,1
2026-02-25,2026-02,국내자사몰,129600.0,,1
2026-02-25,2026-02,국내자사몰,129600.0,,1
2026-02-25,2026-02,국내자사몰,123250.0,,1
2026-02-25,2026-02,국내자사몰,169575.0,,1
2026-02-25,2026-02,국내자사몰,108000.0,,1
2026-02-25,2026-02,국내자사몰,174041.0,,1
2026-02-25,2026-02,국내자사몰,199975.0,,2
2026-02-25,2026-02,국내자사몰,164825.0,,3
2026-02-25,2026-02,국내자사몰,64229.0,,1
2026-02-25,2026-02,국내자사몰,210500.0,,2
2026-02-25,2026-02,국내자사몰,43000.0,,1
2026-02-25,2026-02,국내자사몰,118149.0,,2
2026-02-25,2026-02,국내자사몰,89550.0,,1
2026-02-25,2026-02,국내자사몰,129600.0,,1
2026-02-25,2026-02,국내자사몰,117088.0,,1
2026-02-25,2026-02,국내자사몰,108000.0,,1
2026-02-25,2026-02,국내자사몰,136300.0,,2
2026-02-25,2026-02,국내자사몰,129600.0,,1
2026-02-25,2026-02,국내자사몰,123250.0,,1
2026-02-25,2026-02,국내자사몰,107043.0,,1
2026-02-25,2026-02,국내자사몰,129600.0,,1
2026-02-25,2026-02,해외자사몰,329150.0,227.0,2
2026-02-25,2026-02,해외자사몰,219820.0,151.6,1
2026-02-25,2026-02,해외자사몰,219820.0,151.6,1
2026-02-25,2026-02,해외자사몰,329150.0,227.0,2
2026-02-25,2026-02,해외자사몰,219820.0,151.6,1
2026-02-25,2026-02,해외자사몰,219820.0,151.6,1
2026-02-25,2026-02,해외자사몰,189660.00000000003,130.8,1
2026-02-25,2026-02,해외자사몰,370620.0,255.6,3
2026-02-26,2026-02,국내자사몰,129600.0,,1
2026-02-26,2026-02,국내자사몰,110371.0,,1
2026-02-26,2026-02,국내자사몰,102960.0,,1
2026-02-26,2026-02,국내자사몰,114950.0,,1
2026-02-26,2026-02,국내자사몰,60000.0,,1
2026-02-26,2026-02,국내자사몰,129600.0,,1
2026-02-26,2026-02,국내자사몰,129600.0,,1
2026-02-26,2026-02,국내자사몰,116640.0,,1
2026-02-26,2026-02,국내자사몰,123120.0,,1
2026-02-26,2026-02,국내자사몰,112500.0,,1
2026-02-26,2026-02,국내자사몰,150000.0,,1
2026-02-26,2026-02,국내자사몰,123120.0,,1
2026-02-26,2026-02,국내자사몰,123120.0,,1
2026-02-26,2026-02,국내자사몰,129600.0,,1
2026-02-26,2026-02,국내자사몰,121198.0,,1
2026-02-26,2026-02,국내자사몰,121198.0,,1
2026-02-26,2026-02,국내자사몰,129600.0,,1
2026-02-26,2026-02,국내자사몰,129600.0,,1
2026-02-26,2026-02,국내자사몰,123250.0,,1
2026-02-26,2026-02,국내자사몰,123250.0,,1
2026-02-26,2026-02,국내자사몰,129600.0,,1
2026-02-26,2026-02,국내자사몰,145440.0,,2
2026-02-26,2026-02,국내자사몰,191000.0,,1
2026-02-26,2026-02,국내자사몰,123120.0,,1
2026-02-26,2026-02,국내자사몰,201204.0,,2
2026-02-26,2026-02,국내자사몰,74965.0,,1
2026-02-26,2026-02,국내자사몰,92445.0,,1
2026-02-26,2026-02,국내자사몰,88825.0,,2
2026-02-26,2026-02,국내자사몰,60563.0,,1
2026-02-26,2026-02,국내자사몰,123250.0,,1
2026-02-26,2026-02,국내자사몰,129600.0,,1
2026-02-26,2026-02,해외자사몰,219820.0,151.6,1
2026-02-26,2026-02,해외자사몰,374100.0,258.0,3
2026-02-26,2026-02,해외자사몰,219820.0,151.6,1
2026-02-26,2026-02,해외자사몰,219820.0,151.6,1
2026-02-26,2026-02,해외자사몰,196330.0,135.4,1
2026-02-26,2026-02,해외자사몰,219820.0,151.6,1
2026-02-26,2026-02,해외자사몰,261841.00000000003,180.58,1
2026-02-26,2026-02,해외자사몰,271512.5,187.25,1
2026-02-26,2026-02,해외자사몰,196330.0,135.4,1
2026-02-26,2026-02,해외자사몰,219820.0,151.6,1
2026-02-26,2026-02,해외자사몰,271512.5,187.25,1
2026-02-26,2026-02,해외자사몰,144637.5,99.75,1
2026-02-26,2026-02,해외자사몰,219820.0,151.6,1
2026-02-26,2026-02,해외자사몰,271512.5,187.25,1
2026-02-26,2026-02,해외자사몰,470090.0,324.2,3
2026-02-26,2026-02,해외자사몰,196330.0,135.4,1
2026-02-26,2026-02,해외자사몰,219820.0,151.6,1
2026-02-26,2026-02,해외자사몰,305660.0,210.8,2
2026-02-26,2026-02,해외자사몰,219820.0,151.6,1
2026-02-26,2026-02,해외자사몰,219820.0,151.6,1
2026-02-26,2026-02,해외자사몰,430360.0,296.8,3
2026-02-27,2026-02,국내자사몰,89550.0,,1
2026-02-27,2026-02,국내자사몰,125800.0,,2
2026-02-27,2026-02,국내자사몰,60563.0,,1
2026-02-27,2026-02,국내자사몰,72000.0,,1
2026-02-27,2026-02,국내자사몰,123250.0,,1
2026-02-27,2026-02,국내자사몰,177645.0,,2
2026-02-27,2026-02,국내자사몰,129600.0,,1
2026-02-27,2026-02,국내자사몰,123250.0,,1
2026-02-27,2026-02,국내자사몰,118440.0,,1
2026-02-27,2026-02,국내자사몰,123250.0,,1
2026-02-27,2026-02,국내자사몰,74250.0,,1
2026-02-27,2026-02,국내자사몰,112500.0,,1
2026-02-27,2026-02,국내자사몰,113913.0,,1
2026-02-27,2026-02,국내자사몰,123250.0,,1
2026-02-27,2026-02,국내자사몰,62700.0,,1
2026-02-27,2026-02,국내자사몰,129600.0,,1
2026-02-27,2026-02,국내자사몰,123120.0,,1
2026-02-27,2026-02,국내자사몰,123120.0,,1
2026-02-27,2026-02,국내자사몰,129600.0,,1
2026-02-27,2026-02,국내자사몰,129600.0,,1
2026-02-27,2026-02,국내자사몰,108000.0,,1
2026-02-27,2026-02,국내자사몰,130500.0,,1
2026-02-27,2026-02,국내자사몰,234550.0,,3
2026-02-27,2026-02,국내자사몰,124820.0,,1
2026-02-27,2026-02,국내자사몰,220320.0,,2
2026-02-27,2026-02,국내자사몰,129600.0,,1
2026-02-27,2026-02,국내자사몰,130500.0,,1
2026-02-27,2026-02,국내자사몰,84000.0,,1
2026-02-27,2026-02,해외자사몰,219820.0,151.6,1
2026-02-27,2026-02,해외자사몰,460012.5,317.25,2
2026-02-27,2026-02,해외자사몰,196330.0,135.4,1
2026-02-27,2026-02,해외자사몰,196330.0,135.4,1
2026-02-27,2026-02,해외자사몰,219820.0,151.6,1
2026-02-27,2026-02,해외자사몰,196330.0,135.4,1
2026-02-27,2026-02,해외자사몰,297250.0,205.0,4
2026-02-27,2026-02,해외자사몰,219820.0,151.6,1
2026-02-27,2026-02,해외자사몰,196330.0,135.4,1
2026-02-27,2026-02,해외자사몰,219820.0,151.6,1
2026-02-27,2026-02,해외자사몰,320450.0,221.0,2
2026-02-27,2026-02,해외자사몰,322480.0,222.4,2
2026-02-27,2026-02,해외자사몰,256070.0,176.6,2
2026-02-27,2026-02,해외자사몰,196330.0,135.4,1
2026-02-28,2026-02,국내자사몰,123120.0,,1
2026-02-28,2026-02,국내자사몰,94500.0,,1
2026-02-28,2026-02,국내자사몰,110808.0,,1
2026-02-28,2026-02,국내자사몰,103680.0,,1
2026-02-28,2026-02,국내자사몰,63750.0,,1
2026-02-28,2026-02,국내자사몰,123120.0,,1
2026-02-28,2026-02,국내자사몰,129600.0,,1
2026-02-28,2026-02,국내자사몰,186000.0,,2
2026-02-28,2026-02,국내자사몰,129600.0,,1
2026-02-28,2026-02,국내자사몰,123250.0,,1
2026-02-28,2026-02,국내자사몰,129600.0,,1
2026-02-28,2026-02,국내자사몰,129600.0,,1
2026-02-28,2026-02,국내자사몰,129600.0,,1
2026-02-28,2026-02,국내자사몰,138225.0,,1
2026-02-28,2026-02,국내자사몰,63750.0,,1
2026-02-28,2026-02,국내자사몰,149600.0,,2
2026-02-28,2026-02,국내자사몰,129600.0,,1
2026-02-28,2026-02,국내자사몰,121000.0,,1
2026-02-28,2026-02,국내자사몰,123250.0,,1
2026-02-28,2026-02,국내자사몰,110160.0,,1
2026-02-28,2026-02,국내자사몰,123120.0,,1
2026-02-28,2026-02,국내자사몰,110160.0,,1
2026-02-28,2026-02,국내자사몰,178500.0,,1
2026-02-28,2026-02,해외자사몰,312185.0,215.3,3
2026-02-28,2026-02,해외자사몰,177262.5,122.25,1
2026-02-28,2026-02,해외자사몰,329150.0,227.0,2
2026-02-28,2026-02,해외자사몰,271512.5,187.25,1
2026-02-28,2026-02,해외자사몰,196330.0,135.4,1
2026-02-28,2026-02,해외자사몰,219820.0,151.6,1
2026-02-28,2026-02,해외자사몰,196330.0,135.4,1
2026-02-28,2026-02,해외자사몰,118537.5,81.75,1
2026-02-28,2026-02,해외자사몰,329150.0,227.0,2
2026-02-28,2026-02,해외자사몰,216050.0,149.0,1
2026-03-01,2026-03,국내자사몰,121000.0,,1
2026-03-01,2026-03,국내자사몰,261013.0,,4
2026-03-01,2026-03,국내자사몰,270988.0,,4
2026-03-01,2026-03,국내자사몰,150000.0,,1
2026-03-01,2026-03,국내자사몰,98982.0,,1
2026-03-01,2026-03,국내자사몰,262000.0,,3
2026-03-01,2026-03,국내자사몰,117088.0,,1
2026-03-01,2026-03,국내자사몰,125903.0,,1
2026-03-01,2026-03,국내자사몰,123120.0,,1
2026-03-01,2026-03,국내자사몰,176700.0,,2
2026-03-01,2026-03,국내자사몰,83491.0,,1
2026-03-01,2026-03,국내자사몰,98000.0,,1
2026-03-01,2026-03,국내자사몰,129600.0,,1
2026-03-01,2026-03,국내자사몰,125907.0,,1
2026-03-01,2026-03,국내자사몰,129600.0,,1
2026-03-01,2026-03,국내자사몰,120620.0,,1
2026-03-01,2026-03,국내자사몰,129600.0,,1
2026-03-01,2026-03,국내자사몰,123120.0,,1
2026-03-01,2026-03,국내자사몰,129600.0,,1
2026-03-01,2026-03,국내자사몰,176700.0,,2
2026-03-01,2026-03,국내자사몰,129600.0,,1
2026-03-01,2026-03,국내자사몰,129600.0,,1
2026-03-01,2026-03,국내자사몰,129600.0,,1
2026-03-01,2026-03,국내자사몰,67150.0,,1
2026-03-01,2026-03,국내자사몰,62050.0,,1
2026-03-01,2026-03,국내자사몰,117088.0,,1
2026-03-01,2026-03,국내자사몰,123250.0,,1
2026-03-01,2026-03,해외자사몰,219820.0,151.6,1
2026-03-01,2026-03,해외자사몰,271512.5,187.25,1
2026-03-01,2026-03,해외자사몰,219820.0,151.6,1
2026-03-01,2026-03,해외자사몰,219820.0,151.6,1
2026-03-01,2026-03,해외자사몰,271512.5,187.25,1
2026-03-01,2026-03,해외자사몰,196330.0,135.4,1
2026-03-01,2026-03,해외자사몰,219820.0,151.6,1
2026-03-01,2026-03,해외자사몰,219820.0,151.6,1
2026-03-01,2026-03,해외자사몰,217717.5,150.15,2
2026-03-01,2026-03,해외자사몰,608202.5,419.45,10
2026-03-01,2026-03,해외자사몰,219820.0,151.6,1
2026-03-01,2026-03,해외자사몰,322480.0,222.4,2
2026-03-01,2026-03,해외자사몰,158050.0,109.0,1
2026-03-02,2026-03,국내자사몰,279600.0,,2
2026-03-02,2026-03,국내자사몰,123250.0,,1
2026-03-02,2026-03,국내자사몰,63750.0,,1
2026-03-02,2026-03,국내자사몰,93100.0,,1
2026-03-02,2026-03,국내자사몰,172020.0,,1
2026-03-02,2026-03,국내자사몰,129600.0,,1
2026-03-02,2026-03,국내자사몰,123250.0,,1
2026-03-02,2026-03,국내자사몰,129600.0,,1
2026-03-02,2026-03,국내자사몰,114588.0,,1
2026-03-02,2026-03,국내자사몰,126296.0,,1
2026-03-02,2026-03,국내자사몰,123120.0,,1
2026-03-02,2026-03,국내자사몰,117088.0,,1
2026-03-02,2026-03,국내자사몰,129600.0,,1
2026-03-02,2026-03,국내자사몰,123120.0,,1
2026-03-02,2026-03,국내자사몰,129600.0,,1
2026-03-02,2026-03,국내자사몰,130500.0,,1
2026-03-02,2026-03,국내자사몰,85000.0,,1
2026-03-02,2026-03,국내자사몰,123250.0,,1
2026-03-02,2026-03,국내자사몰,129600.0,,1
2026-03-02,2026-03,국내자사몰,129600.0,,1
2026-03-02,2026-03,국내자사몰,123120.0,,1
2026-03-02,2026-03,국내자사몰,129600.0,,1
2026-03-02,2026-03,국내자사몰,98000.0,,1
2026-03-02,2026-03,국내자사몰,123120.0,,1
2026-03-02,2026-03,국내자사몰,55070.0,,1
2026-03-02,2026-03,국내자사몰,123120.0,,1
2026-03-02,2026-03,국내자사몰,79500.0,,1
2026-03-02,2026-03,국내자사몰,123250.0,,1
2026-03-02,2026-03,해외자사몰,352640.0,243.2,2
2026-03-02,2026-03,해외자사몰,271512.5,187.25,1
2026-03-02,2026-03,해외자사몰,271512.5,187.25,1
2026-03-02,2026-03,해외자사몰,219820.0,151.6,1
2026-03-02,2026-03,해외자사몰,219820.0,151.6,1
2026-03-02,2026-03,해외자사몰,329150.0,227.0,2
2026-03-02,2026-03,해외자사몰,219820.0,151.6,1
2026-03-02,2026-03,해외자사몰,200100.0,138.0,1
2026-03-02,2026-03,해외자사몰,271512.5,187.25,1
2026-03-02,2026-03,해외자사몰,196330.0,135.4,1
2026-03-02,2026-03,해외자사몰,219820.0,151.6,1
2026-03-02,2026-03,해외자사몰,352640.0,243.2,2
2026-03-02,2026-03,해외자사몰,189660.00000000003,130.8,1
2026-03-02,2026-03,해외자사몰,196330.0,135.4,1
2026-03-02,2026-03,해외자사몰,219820.0,151.6,1
2026-03-03,2026-03,국내자사몰,129600.0,,1
2026-03-03,2026-03,국내자사몰,27500.0,,1
2026-03-03,2026-03,국내자사몰,27500.0,,1
2026-03-03,2026-03,국내자사몰,129600.0,,1
2026-03-03,2026-03,국내자사몰,129600.0,,1
2026-03-03,2026-03,국내자사몰,357000.0,,2
2026-03-03,2026-03,국내자사몰,178500.0,,1
2026-03-03,2026-03,국내자사몰,120000.0,,2
2026-03-03,2026-03,국내자사몰,63750.0,,1
2026-03-03,2026-03,국내자사몰,129600.0,,1
2026-03-03,2026-03,국내자사몰,129600.0,,1
2026-03-03,2026-03,국내자사몰,186000.0,,2
2026-03-03,2026-03,국내자사몰,69788.0,,1
2026-03-03,2026-03,국내자사몰,60563.0,,1
2026-03-03,2026-03,국내자사몰,61443.0,,1
2026-03-03,2026-03,국내자사몰,123250.0,,1
2026-03-03,2026-03,국내자사몰,129600.0,,1
2026-03-03,2026-03,국내자사몰,62050.0,,1
2026-03-03,2026-03,해외자사몰,219820.0,151.6,1
2026-03-03,2026-03,해외자사몰,219820.0,151.6,1
2026-03-03,2026-03,해외자사몰,219820.0,151.6,1
2026-03-03,2026-03,해외자사몰,196330.0,135.4,1
2026-03-03,2026-03,해외자사몰,121800.0,84.0,1
2026-03-03,2026-03,해외자사몰,275500.0,190.0,1
2026-03-03,2026-03,해외자사몰,219820.0,151.6,1
2026-03-03,2026-03,해외자사몰,219820.0,151.6,1
2026-03-03,2026-03,해외자사몰,352640.0,243.2,2
2026-03-03,2026-03,해외자사몰,219820.0,151.6,1
2026-03-03,2026-03,해외자사몰,411220.00000000006,283.6,3
2026-03-03,2026-03,해외자사몰,329150.0,227.0,2
2026-03-03,2026-03,해외자사몰,196330.0,135.4,1
2026-03-03,2026-03,해외자사몰,219820.0,151.6,1
2026-03-04,2026-03,국내자사몰,110160.0,,1
2026-03-04,2026-03,국내자사몰,104652.0,,1
2026-03-04,2026-03,국내자사몰,110160.0,,1
2026-03-04,2026-03,국내자사몰,98000.0,,1
2026-03-04,2026-03,국내자사몰,37000.0,,1
2026-03-04,2026-03,국내자사몰,110160.0,,1
2026-03-04,2026-03,국내자사몰,178500.0,,1
2026-03-04,2026-03,국내자사몰,98600.0,,1
2026-03-04,2026-03,국내자사몰,84237.0,,1
2026-03-04,2026-03,국내자사몰,129600.0,,1
2026-03-04,2026-03,국내자사몰,129600.0,,1
2026-03-04,2026-03,국내자사몰,99144.0,,1
2026-03-04,2026-03,국내자사몰,110160.0,,1
2026-03-04,2026-03,국내자사몰,110160.0,,1
2026-03-04,2026-03,국내자사몰,187272.0,,2
2026-03-04,2026-03,국내자사몰,129600.0,,1
2026-03-04,2026-03,국내자사몰,99144.0,,1
2026-03-04,2026-03,국내자사몰,123120.0,,1
2026-03-04,2026-03,국내자사몰,72360.0,,1
2026-03-04,2026-03,국내자사몰,342684.0,,4
2026-03-04,2026-03,국내자사몰,110160.0,,1
2026-03-04,2026-03,국내자사몰,106463.0,,1
2026-03-04,2026-03,국내자사몰,110160.0,,1
2026-03-04,2026-03,국내자사몰,27500.0,,1
2026-03-04,2026-03,국내자사몰,104652.0,,1
2026-03-04,2026-03,국내자사몰,110145.0,,1
2026-03-04,2026-03,국내자사몰,364716.0,,4
2026-03-04,2026-03,국내자사몰,330480.0,,3
2026-03-04,2026-03,국내자사몰,314928.0,,3
2026-03-04,2026-03,국내자사몰,129600.0,,1
2026-03-04,2026-03,국내자사몰,126550.0,,3
2026-03-04,2026-03,국내자사몰,129600.0,,1
2026-03-04,2026-03,국내자사몰,110160.0,,1
2026-03-04,2026-03,국내자사몰,110160.0,,1
2026-03-04,2026-03,국내자사몰,129600.0,,1
2026-03-04,2026-03,국내자사몰,128400.0,,3
2026-03-04,2026-03,국내자사몰,123120.0,,1
2026-03-04,2026-03,국내자사몰,208760.0,,2
2026-03-04,2026-03,국내자사몰,110160.0,,1
2026-03-04,2026-03,국내자사몰,123120.0,,1
2026-03-04,2026-03,국내자사몰,643748.0,,6
2026-03-04,2026-03,국내자사몰,110160.0,,1
2026-03-04,2026-03,국내자사몰,277785.0,,3
2026-03-04,2026-03,국내자사몰,110160.0,,1
2026-03-04,2026-03,국내자사몰,129600.0,,1
2026-03-04,2026-03,국내자사몰,129600.0,,1
2026-03-04,2026-03,국내자사몰,129600.0,,1
2026-03-04,2026-03,국내자사몰,74250.0,,1
2026-03-04,2026-03,국내자사몰,129600.0,,1
2026-03-04,2026-03,국내자사몰,123120.0,,1
2026-03-04,2026-03,국내자사몰,72200.0,,1
2026-03-04,2026-03,국내자사몰,129600.0,,1
2026-03-04,2026-03,국내자사몰,129600.0,,1
2026-03-04,2026-03,국내자사몰,178500.0,,1
2026-03-04,2026-03,해외자사몰,202188.0,139.44,1
2026-03-04,2026-03,해외자사몰,202188.0,139.44,1
2026-03-04,2026-03,해외자사몰,202188.0,139.44,1
2026-03-04,2026-03,해외자사몰,202188.0,139.44,1
2026-03-04,2026-03,해외자사몰,202188.0,139.44,1
2026-03-04,2026-03,해외자사몰,335008.0,231.04,2
2026-03-04,2026-03,해외자사몰,202188.0,139.44,1
2026-03-04,2026-03,해외자사몰,328860.0,226.8,4
2026-03-04,2026-03,해외자사몰,202188.0,139.44,1
2026-03-04,2026-03,해외자사몰,326888.0,225.44,2
2026-03-04,2026-03,해외자사몰,202188.0,139.44,1
2026-03-04,2026-03,해외자사몰,219820.0,151.6,1
2026-03-04,2026-03,해외자사몰,202188.0,139.44,1
2026-03-04,2026-03,해외자사몰,202188.0,139.44,1
2026-03-04,2026-03,해외자사몰,187340.0,129.2,1
2026-03-04,2026-03,해외자사몰,202188.0,139.44,1
2026-03-04,2026-03,해외자사몰,219820.0,151.6,1
2026-03-04,2026-03,해외자사몰,202188.0,139.44,1
2026-03-04,2026-03,해외자사몰,202188.0,139.44,1
2026-03-04,2026-03,해외자사몰,202188.0,139.44,1
2026-03-04,2026-03,해외자사몰,202188.0,139.44,1
2026-03-04,2026-03,해외자사몰,202188.0,139.44,1
2026-03-04,2026-03,해외자사몰,202188.0,139.44,1
2026-03-04,2026-03,해외자사몰,335008.0,231.04,2
2026-03-04,2026-03,해외자사몰,202188.0,139.44,1
2026-03-04,2026-03,해외자사몰,202188.0,139.44,1
2026-03-04,2026-03,해외자사몰,202188.0,139.44,1
2026-03-04,2026-03,해외자사몰,202188.0,139.44,1
2026-03-04,2026-03,해외자사몰,219820.0,151.6,1
2026-03-04,2026-03,해외자사몰,202188.0,139.44,1
2026-03-04,2026-03,해외자사몰,202188.0,139.44,1
2026-03-04,2026-03,해외자사몰,202188.0,139.44,1
2026-03-04,2026-03,해외자사몰,202188.0,139.44,1
2026-03-04,2026-03,해외자사몰,271512.5,187.25,1
2026-03-04,2026-03,해외자사몰,196330.0,135.4,1
2026-03-04,2026-03,해외자사몰,219820.0,151.6,1
2026-03-04,2026-03,해외자사몰,367575.0,253.5,4
2026-03-05,2026-03,국내자사몰,110160.0,,1
2026-03-05,2026-03,국내자사몰,30500.0,,1
2026-03-05,2026-03,국내자사몰,110160.0,,1
2026-03-05,2026-03,국내자사몰,88740.0,,1
2026-03-05,2026-03,국내자사몰,129600.0,,1
2026-03-05,2026-03,국내자사몰,114950.0,,1
2026-03-05,2026-03,국내자사몰,121000.0,,1
2026-03-05,2026-03,국내자사몰,110160.0,,1
2026-03-05,2026-03,국내자사몰,98600.0,,1
2026-03-05,2026-03,국내자사몰,123120.0,,1
2026-03-05,2026-03,국내자사몰,203796.0,,2
2026-03-05,2026-03,국내자사몰,98600.0,,1
2026-03-05,2026-03,국내자사몰,110160.0,,1
2026-03-05,2026-03,국내자사몰,93100.0,,1
2026-03-05,2026-03,국내자사몰,129600.0,,1
2026-03-05,2026-03,국내자사몰,98000.0,,1
2026-03-05,2026-03,국내자사몰,110160.0,,1
2026-03-05,2026-03,국내자사몰,110160.0,,1
2026-03-05,2026-03,국내자사몰,93670.0,,1
2026-03-05,2026-03,국내자사몰,66000.0,,1
2026-03-05,2026-03,국내자사몰,98000.0,,1
2026-03-05,2026-03,국내자사몰,155100.0,,4
2026-03-05,2026-03,국내자사몰,93636.0,,1
2026-03-05,2026-03,국내자사몰,104652.0,,1
2026-03-05,2026-03,국내자사몰,104614.0,,1
2026-03-05,2026-03,국내자사몰,114950.0,,1
2026-03-05,2026-03,국내자사몰,98600.0,,1
2026-03-05,2026-03,국내자사몰,99144.0,,1
2026-03-05,2026-03,국내자사몰,110160.0,,1
2026-03-05,2026-03,국내자사몰,178500.0,,1
2026-03-05,2026-03,국내자사몰,419904.0,,5
2026-03-05,2026-03,국내자사몰,66000.0,,1
2026-03-05,2026-03,국내자사몰,219000.0,,2
2026-03-05,2026-03,국내자사몰,126000.0,,2
2026-03-05,2026-03,국내자사몰,123120.0,,1
2026-03-05,2026-03,국내자사몰,167620.0,,2
2026-03-05,2026-03,국내자사몰,67000.0,,2
2026-03-05,2026-03,국내자사몰,129600.0,,1
2026-03-05,2026-03,국내자사몰,27500.0,,1
2026-03-05,2026-03,국내자사몰,123120.0,,1
2026-03-05,2026-03,국내자사몰,459000.0,,5
2026-03-05,2026-03,국내자사몰,27500.0,,1
2026-03-05,2026-03,국내자사몰,98000.0,,1
2026-03-05,2026-03,국내자사몰,607068.0,,7
2026-03-05,2026-03,국내자사몰,70751.0,,1
2026-03-05,2026-03,국내자사몰,55845.0,,1
2026-03-05,2026-03,국내자사몰,98600.0,,1
2026-03-05,2026-03,국내자사몰,331776.0,,4
2026-03-05,2026-03,국내자사몰,3003286.0,,29
2026-03-05,2026-03,국내자사몰,2557886.0,,24
2026-03-05,2026-03,국내자사몰,110160.0,,1
2026-03-05,2026-03,국내자사몰,104652.0,,1
2026-03-05,2026-03,해외자사몰,320160.0,220.8,2
2026-03-05,2026-03,해외자사몰,289855.0,199.9,3
2026-03-05,2026-03,해외자사몰,275500.0,190.0,1
2026-03-05,2026-03,해외자사몰,390688.0,269.44,2
2026-03-05,2026-03,해외자사몰,302528.0,208.64,2
2026-03-05,2026-03,해외자사몰,202188.0,139.44,1
2026-03-05,2026-03,해외자사몰,238438.0,164.44,2
2026-03-05,2026-03,해외자사몰,302528.0,208.64,2
2026-03-05,2026-03,해외자사몰,202188.0,139.44,1
2026-03-05,2026-03,해외자사몰,219820.0,151.6,1
2026-03-05,2026-03,해외자사몰,202188.0,139.44,1
2026-03-05,2026-03,해외자사몰,202188.0,139.44,1
2026-03-05,2026-03,해외자사몰,202188.0,139.44,1
2026-03-05,2026-03,해외자사몰,202188.0,139.44,1
2026-03-05,2026-03,해외자사몰,202188.0,139.44,1
2026-03-05,2026-03,해외자사몰,202188.0,139.44,1
2026-03-05,2026-03,해외자사몰,219820.0,151.6,1
2026-03-05,2026-03,해외자사몰,219820.0,151.6,1
2026-03-05,2026-03,해외자사몰,386700.5,266.69,2
2026-03-05,2026-03,해외자사몰,219820.0,151.6,1
2026-03-05,2026-03,해외자사몰,202188.0,139.44,1
2026-03-05,2026-03,해외자사몰,219820.0,151.6,1
2026-03-05,2026-03,해외자사몰,202188.0,139.44,1
2026-03-05,2026-03,해외자사몰,202188.0,139.44,1
2026-03-05,2026-03,해외자사몰,202188.0,139.44,1
2026-03-05,2026-03,해외자사몰,202188.0,139.44,1
2026-03-05,2026-03,해외자사몰,202188.0,139.44,1
2026-03-05,2026-03,해외자사몰,187340.0,129.2,1
2026-03-05,2026-03,해외자사몰,202188.0,139.44,1
2026-03-05,2026-03,해외자사몰,202188.0,139.44,1
2026-03-05,2026-03,해외자사몰,202188.0,139.44,1
2026-03-05,2026-03,해외자사몰,386700.5,266.69,2
2026-03-05,2026-03,해외자사몰,302528.0,208.64,2
2026-03-06,2026-03,국내자사몰,186000.0,,2
2026-03-06,2026-03,국내자사몰,104652.0,,1
2026-03-06,2026-03,국내자사몰,121000.0,,1
2026-03-06,2026-03,국내자사몰,194000.0,,2
2026-03-06,2026-03,국내자사몰,73000.0,,1
2026-03-06,2026-03,국내자사몰,129600.0,,1
2026-03-06,2026-03,국내자사몰,129600.0,,1
2026-03-06,2026-03,국내자사몰,110160.0,,1
2026-03-06,2026-03,국내자사몰,95387.0,,1
2026-03-06,2026-03,국내자사몰,110160.0,,1
2026-03-06,2026-03,국내자사몰,186000.0,,2
2026-03-06,2026-03,국내자사몰,62050.0,,1
2026-03-06,2026-03,국내자사몰,110160.0,,1
2026-03-06,2026-03,국내자사몰,104652.0,,1
2026-03-06,2026-03,국내자사몰,110160.0,,1
2026-03-06,2026-03,국내자사몰,264384.0,,3
2026-03-06,2026-03,국내자사몰,123975.0,,1
2026-03-06,2026-03,국내자사몰,90812.0,,1
2026-03-06,2026-03,국내자사몰,110160.0,,1
2026-03-06,2026-03,국내자사몰,51600.0,,1
2026-03-06,2026-03,국내자사몰,110160.0,,1
2026-03-06,2026-03,국내자사몰,129600.0,,1
2026-03-06,2026-03,국내자사몰,282060.0,,3
2026-03-06,2026-03,국내자사몰,110160.0,,1
2026-03-06,2026-03,국내자사몰,98600.0,,1
2026-03-06,2026-03,국내자사몰,150000.0,,1
2026-03-06,2026-03,국내자사몰,106272.0,,1
2026-03-06,2026-03,국내자사몰,98000.0,,1
2026-03-06,2026-03,국내자사몰,106272.0,,1
2026-03-06,2026-03,국내자사몰,596160.0,,7
2026-03-06,2026-03,국내자사몰,197634.0,,2
2026-03-06,2026-03,국내자사몰,98600.0,,1
2026-03-06,2026-03,국내자사몰,215610.0,,2
2026-03-06,2026-03,국내자사몰,43000.0,,1
2026-03-06,2026-03,국내자사몰,121000.0,,1
2026-03-06,2026-03,국내자사몰,95636.0,,1
2026-03-06,2026-03,국내자사몰,129600.0,,1
2026-03-06,2026-03,국내자사몰,27500.0,,1
2026-03-06,2026-03,국내자사몰,72913.0,,2
2026-03-06,2026-03,국내자사몰,178648.0,,3
2026-03-06,2026-03,국내자사몰,66000.0,,1
2026-03-06,2026-03,국내자사몰,253632.0,,2
2026-03-06,2026-03,국내자사몰,219750.0,,3
2026-03-06,2026-03,국내자사몰,50500.0,,1
2026-03-06,2026-03,국내자사몰,129600.0,,1
2026-03-06,2026-03,국내자사몰,129600.0,,1
2026-03-06,2026-03,국내자사몰,110160.0,,1
2026-03-06,2026-03,국내자사몰,110160.0,,1
2026-03-06,2026-03,국내자사몰,198288.0,,2
2026-03-06,2026-03,국내자사몰,93100.0,,1
2026-03-06,2026-03,국내자사몰,129600.0,,1
2026-03-06,2026-03,국내자사몰,66000.0,,1
2026-03-06,2026-03,국내자사몰,110160.0,,1
2026-03-06,2026-03,해외자사몰,219820.0,151.6,1
2026-03-06,2026-03,해외자사몰,219820.0,151.6,1
2026-03-06,2026-03,해외자사몰,202188.0,139.44,1
2026-03-06,2026-03,해외자사몰,302528.0,208.64,2
2026-03-06,2026-03,해외자사몰,219820.0,151.6,1
2026-03-06,2026-03,해외자사몰,187340.0,129.2,1
2026-03-06,2026-03,해외자사몰,202188.0,139.44,1
2026-03-06,2026-03,해외자사몰,219820.0,151.6,1
2026-03-06,2026-03,해외자사몰,219820.0,151.6,1
2026-03-06,2026-03,해외자사몰,271512.5,187.25,1
2026-03-06,2026-03,해외자사몰,202188.0,139.44,1
2026-03-06,2026-03,해외자사몰,219820.0,151.6,1
2026-03-06,2026-03,해외자사몰,202188.0,139.44,1
2026-03-06,2026-03,해외자사몰,187340.0,129.2,1
2026-03-06,2026-03,해외자사몰,202188.0,139.44,1
2026-03-06,2026-03,해외자사몰,335008.0,231.04,2
2026-03-06,2026-03,해외자사몰,314215.0,216.7,6
2026-03-06,2026-03,해외자사몰,219820.0,151.6,1
2026-03-06,2026-03,해외자사몰,202188.0,139.44,1
2026-03-06,2026-03,해외자사몰,467262.5,322.25,3
2026-03-06,2026-03,해외자사몰,202188.0,139.44,1
2026-03-06,2026-03,해외자사몰,202188.0,139.44,1
2026-03-06,2026-03,해외자사몰,202188.0,139.44,1
2026-03-06,2026-03,해외자사몰,219820.0,151.6,1
2026-03-06,2026-03,해외자사몰,302528.0,208.64,2
2026-03-06,2026-03,해외자사몰,390456.0,269.28,3
2026-03-06,2026-03,해외자사몰,246108.5,169.73,2
2026-03-06,2026-03,해외자사몰,202188.0,139.44,1
2026-03-06,2026-03,해외자사몰,202188.0,139.44,1
2026-03-06,2026-03,해외자사몰,202188.0,139.44,1
2026-03-06,2026-03,해외자사몰,187340.0,129.2,1
2026-03-06,2026-03,해외자사몰,202188.0,139.44,1
2026-03-07,2026-03,국내자사몰,104652.0,,1
2026-03-07,2026-03,국내자사몰,98600.0,,1
2026-03-07,2026-03,국내자사몰,345150.0,,3
2026-03-07,2026-03,국내자사몰,64491.0,,1
2026-03-07,2026-03,국내자사몰,110160.0,,1
2026-03-07,2026-03,국내자사몰,129600.0,,1
2026-03-07,2026-03,국내자사몰,123120.0,,1
2026-03-07,2026-03,국내자사몰,129600.0,,1
2026-03-07,2026-03,국내자사몰,185550.0,,2
2026-03-07,2026-03,국내자사몰,440640.0,,5
2026-03-07,2026-03,국내자사몰,60563.0,,1
2026-03-07,2026-03,국내자사몰,129600.0,,1
2026-03-07,2026-03,국내자사몰,129600.0,,1
2026-03-07,2026-03,국내자사몰,110160.0,,1
2026-03-07,2026-03,국내자사몰,88740.0,,1
2026-03-07,2026-03,국내자사몰,85892.0,,1
2026-03-07,2026-03,국내자사몰,936360.0,,10
2026-03-07,2026-03,국내자사몰,360600.0,,4
2026-03-07,2026-03,국내자사몰,116640.0,,1
2026-03-07,2026-03,국내자사몰,95256.0,,1
2026-03-07,2026-03,국내자사몰,186000.0,,2
2026-03-07,2026-03,국내자사몰,104652.0,,1
2026-03-07,2026-03,국내자사몰,24000.0,,1
2026-03-07,2026-03,국내자사몰,128050.0,,2
2026-03-07,2026-03,국내자사몰,126000.0,,2
2026-03-07,2026-03,국내자사몰,186000.0,,2
2026-03-07,2026-03,국내자사몰,93636.0,,1
2026-03-07,2026-03,국내자사몰,123120.0,,1
2026-03-07,2026-03,국내자사몰,110160.0,,1
2026-03-07,2026-03,국내자사몰,110160.0,,1
2026-03-07,2026-03,국내자사몰,104652.0,,1
2026-03-07,2026-03,국내자사몰,98600.0,,1
2026-03-07,2026-03,국내자사몰,94240.0,,1
2026-03-07,2026-03,국내자사몰,98600.0,,1
2026-03-07,2026-03,해외자사몰,219820.0,151.6,1
2026-03-07,2026-03,해외자사몰,202188.0,139.44,1
2026-03-07,2026-03,해외자사몰,202188.0,139.44,1
2026-03-07,2026-03,해외자사몰,202188.0,139.44,1
2026-03-07,2026-03,해외자사몰,202188.0,139.44,1
2026-03-07,2026-03,해외자사몰,317376.0,218.88,2
2026-03-07,2026-03,해외자사몰,187340.0,129.2,1
2026-03-07,2026-03,해외자사몰,202188.0,139.44,1
2026-03-07,2026-03,해외자사몰,271512.5,187.25,1
2026-03-07,2026-03,해외자사몰,302528.0,208.64,2
2026-03-07,2026-03,해외자사몰,202188.0,139.44,1
2026-03-07,2026-03,해외자사몰,202188.0,139.44,1
2026-03-07,2026-03,해외자사몰,271512.5,187.25,1
2026-03-07,2026-03,해외자사몰,219820.0,151.6,1
2026-03-07,2026-03,해외자사몰,271512.5,187.25,1
2026-03-07,2026-03,해외자사몰,219820.0,151.6,1
2026-03-07,2026-03,해외자사몰,302528.0,208.64,2
2026-03-07,2026-03,해외자사몰,154425.0,106.5,1
2026-03-07,2026-03,해외자사몰,187340.0,129.2,1
2026-03-07,2026-03,해외자사몰,187340.0,129.2,1
2026-03-07,2026-03,해외자사몰,202188.0,139.44,1
2026-03-07,2026-03,해외자사몰,202188.0,139.44,1
2026-03-07,2026-03,해외자사몰,219820.0,151.6,1
2026-03-07,2026-03,해외자사몰,294190.5,202.89,5
2026-03-07,2026-03,해외자사몰,219820.0,151.6,1
2026-03-07,2026-03,해외자사몰,202188.0,139.44,1
2026-03-07,2026-03,해외자사몰,219820.0,151.6,1
2026-03-07,2026-03,해외자사몰,202188.0,139.44,1
2026-03-07,2026-03,해외자사몰,202188.0,139.44,1
2026-03-08,2026-03,국내자사몰,110160.0,,1
2026-03-08,2026-03,국내자사몰,123120.0,,1
2026-03-08,2026-03,국내자사몰,98600.0,,1
2026-03-08,2026-03,국내자사몰,27500.0,,1
2026-03-08,2026-03,국내자사몰,45000.0,,2
2026-03-08,2026-03,국내자사몰,110160.0,,1
2026-03-08,2026-03,국내자사몰,129600.0,,1
2026-03-08,2026-03,국내자사몰,123120.0,,1
2026-03-08,2026-03,국내자사몰,123120.0,,1
2026-03-08,2026-03,국내자사몰,93670.0,,1
2026-03-08,2026-03,국내자사몰,123120.0,,1
2026-03-08,2026-03,국내자사몰,93670.0,,1
2026-03-08,2026-03,국내자사몰,129600.0,,1
2026-03-08,2026-03,국내자사몰,129600.0,,1
2026-03-08,2026-03,국내자사몰,93636.0,,1
2026-03-08,2026-03,국내자사몰,121000.0,,1
2026-03-08,2026-03,국내자사몰,150000.0,,1
2026-03-08,2026-03,국내자사몰,96840.0,,1
2026-03-08,2026-03,국내자사몰,165335.0,,2
2026-03-08,2026-03,국내자사몰,66000.0,,1
2026-03-08,2026-03,국내자사몰,99144.0,,1
2026-03-08,2026-03,국내자사몰,129600.0,,1
2026-03-08,2026-03,국내자사몰,129600.0,,1
2026-03-08,2026-03,국내자사몰,110160.0,,1
2026-03-08,2026-03,국내자사몰,93500.0,,2
2026-03-08,2026-03,국내자사몰,95040.0,,1
2026-03-08,2026-03,국내자사몰,129600.0,,1
2026-03-08,2026-03,국내자사몰,98600.0,,1
2026-03-08,2026-03,국내자사몰,49020.0,,1
2026-03-08,2026-03,국내자사몰,59500.0,,2
2026-03-08,2026-03,국내자사몰,125903.0,,1
2026-03-08,2026-03,국내자사몰,132000.0,,2
2026-03-08,2026-03,국내자사몰,67500.0,,1
2026-03-08,2026-03,국내자사몰,99144.0,,1
2026-03-08,2026-03,국내자사몰,98600.0,,1
2026-03-08,2026-03,국내자사몰,187272.0,,2
2026-03-08,2026-03,국내자사몰,110160.0,,1
2026-03-08,2026-03,국내자사몰,114300.0,,3
2026-03-08,2026-03,국내자사몰,110160.0,,1
2026-03-08,2026-03,국내자사몰,84711.0,,1
2026-03-08,2026-03,국내자사몰,110160.0,,1
2026-03-08,2026-03,국내자사몰,129600.0,,1
2026-03-08,2026-03,국내자사몰,98600.0,,1
2026-03-08,2026-03,해외자사몰,202188.0,139.44,1
2026-03-08,2026-03,해외자사몰,302528.0,208.64,2
2026-03-08,2026-03,해외자사몰,219820.0,151.6,1
2026-03-08,2026-03,해외자사몰,229013.0,157.94,2
2026-03-08,2026-03,해외자사몰,202188.0,139.44,1
2026-03-08,2026-03,해외자사몰,202188.0,139.44,1
2026-03-08,2026-03,해외자사몰,202188.0,139.44,1
2026-03-08,2026-03,해외자사몰,187340.0,129.2,1
2026-03-08,2026-03,해외자사몰,202188.0,139.44,1
2026-03-08,2026-03,해외자사몰,202188.0,139.44,1
2026-03-08,2026-03,해외자사몰,202188.0,139.44,1
2026-03-08,2026-03,해외자사몰,202188.0,139.44,1
2026-03-08,2026-03,해외자사몰,202188.0,139.44,1
2026-03-08,2026-03,해외자사몰,202188.0,139.44,1
2026-03-08,2026-03,해외자사몰,219820.0,151.6,1
2026-03-09,2026-03,국내자사몰,145245.0,,1
2026-03-09,2026-03,국내자사몰,95101.0,,1
2026-03-09,2026-03,국내자사몰,110160.0,,1
2026-03-09,2026-03,국내자사몰,176700.0,,2
2026-03-09,2026-03,국내자사몰,123120.0,,1
2026-03-09,2026-03,국내자사몰,142500.0,,1
2026-03-09,2026-03,국내자사몰,55845.0,,1
2026-03-09,2026-03,국내자사몰,63555.0,,1
2026-03-09,2026-03,국내자사몰,24000.0,,1
2026-03-09,2026-03,국내자사몰,129600.0,,1
2026-03-09,2026-03,국내자사몰,120620.0,,1
2026-03-09,2026-03,국내자사몰,88740.0,,1
2026-03-09,2026-03,국내자사몰,129600.0,,1
2026-03-09,2026-03,국내자사몰,129600.0,,1
2026-03-09,2026-03,국내자사몰,104652.0,,1
2026-03-09,2026-03,국내자사몰,51600.0,,1
2026-03-09,2026-03,국내자사몰,110160.0,,1
2026-03-09,2026-03,국내자사몰,120620.0,,1
2026-03-09,2026-03,국내자사몰,127100.0,,1
2026-03-09,2026-03,국내자사몰,129600.0,,1
2026-03-09,2026-03,국내자사몰,123120.0,,1
2026-03-09,2026-03,국내자사몰,110160.0,,1
2026-03-09,2026-03,국내자사몰,129600.0,,1
2026-03-09,2026-03,국내자사몰,110160.0,,1
2026-03-09,2026-03,국내자사몰,860544.0,,10
2026-03-09,2026-03,국내자사몰,151725.0,,1
2026-03-09,2026-03,국내자사몰,110160.0,,1
2026-03-09,2026-03,국내자사몰,186000.0,,2
2026-03-09,2026-03,국내자사몰,186000.0,,2
2026-03-09,2026-03,국내자사몰,99144.0,,1
2026-03-09,2026-03,국내자사몰,110160.0,,1
2026-03-09,2026-03,국내자사몰,129600.0,,1
2026-03-09,2026-03,국내자사몰,104652.0,,1
2026-03-09,2026-03,해외자사몰,202188.0,139.44,1
2026-03-09,2026-03,해외자사몰,317376.0,218.88,2
2026-03-09,2026-03,해외자사몰,202188.0,139.44,1
2026-03-09,2026-03,해외자사몰,202188.0,139.44,1
2026-03-09,2026-03,해외자사몰,365907.5,252.35,3
2026-03-09,2026-03,해외자사몰,338140.0,233.2,3
2026-03-09,2026-03,해외자사몰,202188.0,139.44,1
2026-03-09,2026-03,해외자사몰,187340.0,129.2,1
2026-03-09,2026-03,해외자사몰,320160.0,220.8,2
2026-03-09,2026-03,해외자사몰,202188.0,139.44,1
2026-03-09,2026-03,해외자사몰,202188.0,139.44,1
2026-03-09,2026-03,해외자사몰,202188.0,139.44,1
2026-03-09,2026-03,해외자사몰,202188.0,139.44,1
2026-03-09,2026-03,해외자사몰,202188.0,139.44,1
2026-03-09,2026-03,해외자사몰,302528.0,208.64,2
2026-03-09,2026-03,해외자사몰,187340.0,129.2,1
2026-03-09,2026-03,해외자사몰,187340.0,129.2,1
2026-03-09,2026-03,해외자사몰,218660.00000000003,150.8,2
2026-03-09,2026-03,해외자사몰,219820.0,151.6,1
2026-03-09,2026-03,해외자사몰,326902.5,225.45,3
2026-03-09,2026-03,해외자사몰,331180.0,228.4,2
2026-03-09,2026-03,해외자사몰,386700.5,266.69,2
2026-03-09,2026-03,해외자사몰,386700.5,266.69,2
2026-03-09,2026-03,해외자사몰,307458.0,212.04,3
2026-03-09,2026-03,해외자사몰,202188.0,139.44,1
2026-03-09,2026-03,해외자사몰,202188.0,139.44,1
2026-03-09,2026-03,해외자사몰,320160.0,220.8,2
2026-03-09,2026-03,해외자사몰,70325.0,48.5,1
2026-03-09,2026-03,해외자사몰,202188.0,139.44,1
2026-03-09,2026-03,해외자사몰,202188.0,139.44,1
2026-03-10,2026-03,국내자사몰,93670.0,,1
2026-03-10,2026-03,국내자사몰,65480.0,,1
2026-03-10,2026-03,국내자사몰,93670.0,,1
2026-03-10,2026-03,국내자사몰,129600.0,,1
2026-03-10,2026-03,국내자사몰,110160.0,,1
2026-03-10,2026-03,국내자사몰,110160.0,,1
2026-03-10,2026-03,국내자사몰,62050.0,,1
2026-03-10,2026-03,국내자사몰,100215.0,,1
2026-03-10,2026-03,국내자사몰,313000.0,,3
2026-03-10,2026-03,국내자사몰,125712.0,,1
2026-03-10,2026-03,국내자사몰,104723.0,,1
2026-03-10,2026-03,국내자사몰,98000.0,,1
2026-03-10,2026-03,국내자사몰,129600.0,,1
2026-03-10,2026-03,국내자사몰,93670.0,,1
2026-03-10,2026-03,국내자사몰,110160.0,,1
2026-03-10,2026-03,국내자사몰,50500.0,,1
2026-03-10,2026-03,국내자사몰,126088.0,,1
2026-03-10,2026-03,국내자사몰,60000.0,,1
2026-03-10,2026-03,국내자사몰,129600.0,,1
2026-03-10,2026-03,국내자사몰,186000.0,,2
2026-03-10,2026-03,국내자사몰,186000.0,,2
2026-03-10,2026-03,국내자사몰,420012.0,,5
2026-03-10,2026-03,국내자사몰,110160.0,,1
2026-03-10,2026-03,국내자사몰,63750.0,,1
2026-03-10,2026-03,국내자사몰,129600.0,,1
2026-03-10,2026-03,국내자사몰,177446.0,,2
2026-03-10,2026-03,국내자사몰,129600.0,,1
2026-03-10,2026-03,국내자사몰,178500.0,,1
2026-03-10,2026-03,국내자사몰,51823.0,,1
2026-03-10,2026-03,국내자사몰,54550.0,,1
2026-03-10,2026-03,국내자사몰,104652.0,,1
2026-03-10,2026-03,국내자사몰,169575.0,,1
2026-03-10,2026-03,국내자사몰,129600.0,,1
2026-03-10,2026-03,국내자사몰,129600.0,,1
2026-03-10,2026-03,국내자사몰,129600.0,,1
2026-03-10,2026-03,국내자사몰,110160.0,,1
2026-03-10,2026-03,국내자사몰,89550.0,,1
2026-03-10,2026-03,국내자사몰,126981.0,,1
2026-03-10,2026-03,국내자사몰,167400.0,,2
2026-03-10,2026-03,국내자사몰,114883.0,,1
2026-03-10,2026-03,국내자사몰,121363.0,,1
2026-03-10,2026-03,국내자사몰,175418.0,,1
2026-03-10,2026-03,국내자사몰,318920.0,,3
2026-03-10,2026-03,국내자사몰,99144.0,,1
2026-03-10,2026-03,해외자사몰,187340.0,129.2,1
2026-03-10,2026-03,해외자사몰,187340.0,129.2,1
2026-03-10,2026-03,해외자사몰,202188.0,139.44,1
2026-03-10,2026-03,해외자사몰,187340.0,129.2,1
2026-03-10,2026-03,해외자사몰,320160.0,220.8,2
2026-03-10,2026-03,해외자사몰,202188.0,139.44,1
2026-03-10,2026-03,해외자사몰,187340.0,129.2,1
2026-03-10,2026-03,해외자사몰,505325.0,348.5,3
2026-03-10,2026-03,해외자사몰,202188.0,139.44,1
2026-03-10,2026-03,해외자사몰,187340.0,129.2,1
2026-03-10,2026-03,해외자사몰,202188.0,139.44,1
2026-03-10,2026-03,해외자사몰,202188.0,139.44,1
2026-03-10,2026-03,해외자사몰,202188.0,139.44,1
2026-03-10,2026-03,해외자사몰,219820.0,151.6,1
2026-03-10,2026-03,해외자사몰,202188.0,139.44,1
2026-03-10,2026-03,해외자사몰,202188.0,139.44,1
2026-03-11,2026-03,국내자사몰,98600.0,,1
2026-03-11,2026-03,국내자사몰,129600.0,,1
2026-03-11,2026-03,국내자사몰,121000.0,,1
2026-03-11,2026-03,국내자사몰,98600.0,,1
2026-03-11,2026-03,국내자사몰,129600.0,,1
2026-03-11,2026-03,국내자사몰,98600.0,,1
2026-03-11,2026-03,국내자사몰,191000.0,,1
2026-03-11,2026-03,국내자사몰,98000.0,,1
2026-03-11,2026-03,국내자사몰,93670.0,,1
2026-03-11,2026-03,국내자사몰,123120.0,,1
2026-03-11,2026-03,국내자사몰,129600.0,,1
2026-03-11,2026-03,국내자사몰,114950.0,,1
2026-03-11,2026-03,국내자사몰,110160.0,,1
2026-03-11,2026-03,국내자사몰,352512.0,,4
2026-03-11,2026-03,국내자사몰,192550.0,,2
2026-03-11,2026-03,국내자사몰,129600.0,,1
2026-03-11,2026-03,국내자사몰,50500.0,,1
2026-03-11,2026-03,국내자사몰,93670.0,,1
2026-03-11,2026-03,국내자사몰,98600.0,,1
2026-03-11,2026-03,국내자사몰,110160.0,,1
2026-03-11,2026-03,국내자사몰,113370.0,,1
2026-03-11,2026-03,국내자사몰,98600.0,,1
2026-03-11,2026-03,국내자사몰,150000.0,,1
2026-03-11,2026-03,국내자사몰,129600.0,,1
2026-03-11,2026-03,국내자사몰,129600.0,,1
2026-03-11,2026-03,국내자사몰,186000.0,,2
2026-03-11,2026-03,국내자사몰,123120.0,,1
2026-03-11,2026-03,국내자사몰,51600.0,,1
2026-03-11,2026-03,국내자사몰,156135.0,,1
2026-03-11,2026-03,국내자사몰,104652.0,,1
2026-03-11,2026-03,국내자사몰,110160.0,,1
2026-03-11,2026-03,국내자사몰,110160.0,,1
2026-03-11,2026-03,국내자사몰,123120.0,,1
2026-03-11,2026-03,국내자사몰,151725.0,,1
2026-03-11,2026-03,국내자사몰,220320.0,,2
2026-03-11,2026-03,국내자사몰,644436.0,,7
2026-03-11,2026-03,국내자사몰,80750.0,,1
2026-03-11,2026-03,국내자사몰,60000.0,,1
2026-03-11,2026-03,해외자사몰,202188.0,139.44,1
2026-03-11,2026-03,해외자사몰,202188.0,139.44,1
2026-03-11,2026-03,해외자사몰,187340.0,129.2,1
2026-03-11,2026-03,해외자사몰,406348.0,280.24,3
2026-03-11,2026-03,해외자사몰,530540.5,365.89,3
2026-03-11,2026-03,해외자사몰,256070.0,176.6,1
2026-03-11,2026-03,해외자사몰,187340.0,129.2,1
2026-03-11,2026-03,해외자사몰,202188.0,139.44,1
2026-03-11,2026-03,해외자사몰,202188.0,139.44,1
2026-03-11,2026-03,해외자사몰,202188.0,139.44,1
2026-03-11,2026-03,해외자사몰,219820.0,151.6,1
2026-03-11,2026-03,해외자사몰,219820.0,151.6,1
2026-03-11,2026-03,해외자사몰,314940.0,217.2,3
2026-03-11,2026-03,해외자사몰,219820.0,151.6,1
2026-03-11,2026-03,해외자사몰,202188.0,139.44,1
2026-03-11,2026-03,해외자사몰,202188.0,139.44,1
2026-03-11,2026-03,해외자사몰,219820.0,151.6,1
2026-03-11,2026-03,해외자사몰,202188.0,139.44,1
2026-03-11,2026-03,해외자사몰,202188.0,139.44,1
2026-03-11,2026-03,해외자사몰,219820.0,151.6,1
2026-03-11,2026-03,해외자사몰,202188.0,139.44,1
2026-03-11,2026-03,해외자사몰,351625.0,242.5,2
2026-03-12,2026-03,국내자사몰,246240.0,,2
2026-03-12,2026-03,국내자사몰,123120.0,,1
2026-03-12,2026-03,국내자사몰,129600.0,,1
2026-03-12,2026-03,국내자사몰,110160.0,,1
2026-03-12,2026-03,국내자사몰,111038.0,,1
2026-03-12,2026-03,국내자사몰,150797.0,,2
2026-03-12,2026-03,국내자사몰,129600.0,,1
2026-03-12,2026-03,국내자사몰,73500.0,,3
2026-03-12,2026-03,국내자사몰,110160.0,,1
2026-03-12,2026-03,국내자사몰,62700.0,,1
2026-03-12,2026-03,국내자사몰,89550.0,,1
2026-03-12,2026-03,국내자사몰,98600.0,,1
2026-03-12,2026-03,국내자사몰,106272.0,,1
2026-03-12,2026-03,국내자사몰,98600.0,,1
2026-03-12,2026-03,국내자사몰,110160.0,,1
2026-03-12,2026-03,국내자사몰,33231.0,,1
2026-03-12,2026-03,국내자사몰,62050.0,,1
2026-03-12,2026-03,국내자사몰,129600.0,,1
2026-03-12,2026-03,국내자사몰,106272.0,,1
2026-03-12,2026-03,국내자사몰,307500.0,,3
2026-03-12,2026-03,국내자사몰,104652.0,,1
2026-03-12,2026-03,국내자사몰,99474.0,,1
2026-03-12,2026-03,국내자사몰,124245.0,,1
2026-03-12,2026-03,국내자사몰,129600.0,,1
2026-03-12,2026-03,국내자사몰,65000.0,,3
2026-03-12,2026-03,국내자사몰,123120.0,,1
2026-03-12,2026-03,국내자사몰,129600.0,,1
2026-03-12,2026-03,국내자사몰,129600.0,,1
2026-03-12,2026-03,국내자사몰,63750.0,,1
2026-03-12,2026-03,국내자사몰,47000.0,,2
2026-03-12,2026-03,국내자사몰,317520.0,,3
2026-03-12,2026-03,국내자사몰,126101.0,,1
2026-03-12,2026-03,국내자사몰,93100.0,,1
2026-03-12,2026-03,국내자사몰,27500.0,,1
2026-03-12,2026-03,국내자사몰,98600.0,,1
2026-03-12,2026-03,국내자사몰,129600.0,,1
2026-03-12,2026-03,국내자사몰,98600.0,,1
2026-03-12,2026-03,국내자사몰,129600.0,,1
2026-03-12,2026-03,국내자사몰,124513.0,,1
2026-03-12,2026-03,국내자사몰,220320.0,,2
2026-03-12,2026-03,국내자사몰,120620.0,,1
2026-03-12,2026-03,국내자사몰,186000.0,,2
2026-03-12,2026-03,국내자사몰,129600.0,,1
2026-03-12,2026-03,국내자사몰,63000.0,,3
2026-03-12,2026-03,국내자사몰,129600.0,,1
2026-03-12,2026-03,국내자사몰,110160.0,,1
2026-03-12,2026-03,해외자사몰,202188.0,139.44,1
2026-03-12,2026-03,해외자사몰,219820.0,151.6,1
2026-03-12,2026-03,해외자사몰,302528.0,208.64,2
2026-03-12,2026-03,해외자사몰,187340.0,129.2,1
2026-03-12,2026-03,해외자사몰,202188.0,139.44,1
2026-03-12,2026-03,해외자사몰,202188.0,139.44,1
2026-03-12,2026-03,해외자사몰,202188.0,139.44,1
2026-03-12,2026-03,해외자사몰,202188.0,139.44,1
2026-03-12,2026-03,해외자사몰,202188.0,139.44,1
2026-03-12,2026-03,해외자사몰,219820.0,151.6,1
2026-03-12,2026-03,해외자사몰,202188.0,139.44,1
2026-03-12,2026-03,해외자사몰,219820.0,151.6,1
2026-03-12,2026-03,해외자사몰,342562.5,236.25,2
2026-03-13,2026-03,국내자사몰,228200.0,,2
2026-03-13,2026-03,국내자사몰,98600.0,,1
2026-03-13,2026-03,국내자사몰,123120.0,,1
2026-03-13,2026-03,국내자사몰,129600.0,,1
2026-03-13,2026-03,국내자사몰,99144.0,,1
2026-03-13,2026-03,국내자사몰,93500.0,,2
2026-03-13,2026-03,국내자사몰,192850.0,,2
2026-03-13,2026-03,국내자사몰,203000.0,,2
2026-03-13,2026-03,국내자사몰,178500.0,,1
2026-03-13,2026-03,국내자사몰,105073.0,,1
2026-03-13,2026-03,국내자사몰,123120.0,,1
2026-03-13,2026-03,국내자사몰,98600.0,,1
2026-03-13,2026-03,국내자사몰,91757.0,,1
2026-03-13,2026-03,국내자사몰,110160.0,,1
2026-03-13,2026-03,국내자사몰,98000.0,,1
2026-03-13,2026-03,국내자사몰,110160.0,,1
2026-03-13,2026-03,국내자사몰,126273.0,,1
2026-03-13,2026-03,국내자사몰,178500.0,,1
2026-03-13,2026-03,국내자사몰,93670.0,,1
2026-03-13,2026-03,국내자사몰,123120.0,,1
2026-03-13,2026-03,국내자사몰,123120.0,,1
2026-03-13,2026-03,국내자사몰,60563.0,,1
2026-03-13,2026-03,국내자사몰,129600.0,,1
2026-03-13,2026-03,국내자사몰,85000.0,,1
2026-03-13,2026-03,국내자사몰,42568.0,,1
2026-03-13,2026-03,국내자사몰,178500.0,,1
2026-03-13,2026-03,국내자사몰,110160.0,,1
2026-03-13,2026-03,국내자사몰,110160.0,,1
2026-03-13,2026-03,국내자사몰,123120.0,,1
2026-03-13,2026-03,국내자사몰,129600.0,,1
2026-03-13,2026-03,국내자사몰,104652.0,,1
2026-03-13,2026-03,국내자사몰,93670.0,,1
2026-03-13,2026-03,국내자사몰,110160.0,,1
2026-03-13,2026-03,해외자사몰,187340.0,129.2,1
2026-03-13,2026-03,해외자사몰,202188.0,139.44,1
2026-03-13,2026-03,해외자사몰,302528.0,208.64,2
2026-03-13,2026-03,해외자사몰,219820.0,151.6,1
2026-03-13,2026-03,해외자사몰,219820.0,151.6,1
2026-03-13,2026-03,해외자사몰,219820.0,151.6,1
2026-03-13,2026-03,해외자사몰,219820.0,151.6,1
2026-03-13,2026-03,해외자사몰,202188.0,139.44,1
2026-03-13,2026-03,해외자사몰,187340.0,129.2,1
2026-03-13,2026-03,해외자사몰,202188.0,139.44,1
2026-03-13,2026-03,해외자사몰,219820.0,151.6,1
2026-03-13,2026-03,해외자사몰,202188.0,139.44,1
2026-03-13,2026-03,해외자사몰,202188.0,139.44,1
2026-03-13,2026-03,해외자사몰,202188.0,139.44,1
2026-03-13,2026-03,해외자사몰,271512.5,187.25,1
2026-03-13,2026-03,해외자사몰,219820.0,151.6,1
2026-03-13,2026-03,해외자사몰,187340.0,129.2,1
2026-03-13,2026-03,해외자사몰,187340.0,129.2,1
2026-03-13,2026-03,해외자사몰,271512.5,187.25,1
2026-03-13,2026-03,해외자사몰,186325.0,128.5,1
2026-03-13,2026-03,해외자사몰,386700.5,266.69,2
2026-03-13,2026-03,해외자사몰,271512.5,187.25,1
2026-03-13,2026-03,해외자사몰,202188.0,139.44,1
2026-03-14,2026-03,국내자사몰,95294.0,,1
2026-03-14,2026-03,국내자사몰,208760.0,,2
2026-03-14,2026-03,국내자사몰,110160.0,,1
2026-03-14,2026-03,국내자사몰,129600.0,,1
2026-03-14,2026-03,국내자사몰,110160.0,,1
2026-03-14,2026-03,국내자사몰,110160.0,,1
2026-03-14,2026-03,국내자사몰,48125.0,,1
2026-03-14,2026-03,국내자사몰,93670.0,,1
2026-03-14,2026-03,국내자사몰,123120.0,,1
2026-03-14,2026-03,국내자사몰,110160.0,,1
2026-03-14,2026-03,국내자사몰,49550.0,,2
2026-03-14,2026-03,국내자사몰,337297.0,,4
2026-03-14,2026-03,국내자사몰,129600.0,,1
2026-03-14,2026-03,국내자사몰,98600.0,,1
2026-03-14,2026-03,국내자사몰,129600.0,,1
2026-03-14,2026-03,국내자사몰,110160.0,,1
2026-03-14,2026-03,국내자사몰,123120.0,,1
2026-03-14,2026-03,국내자사몰,98000.0,,1
2026-03-14,2026-03,국내자사몰,104652.0,,1
2026-03-14,2026-03,국내자사몰,123120.0,,1
2026-03-14,2026-03,국내자사몰,110160.0,,1
2026-03-14,2026-03,국내자사몰,178500.0,,1
2026-03-14,2026-03,국내자사몰,110160.0,,1
2026-03-14,2026-03,국내자사몰,99000.0,,1
2026-03-14,2026-03,국내자사몰,129600.0,,1
2026-03-14,2026-03,국내자사몰,155295.0,,1
2026-03-14,2026-03,국내자사몰,129600.0,,1
2026-03-14,2026-03,국내자사몰,51600.0,,1
2026-03-14,2026-03,국내자사몰,176700.0,,2
2026-03-14,2026-03,해외자사몰,219820.0,151.6,1
2026-03-14,2026-03,해외자사몰,342562.5,236.25,2
2026-03-14,2026-03,해외자사몰,202188.0,139.44,1
2026-03-14,2026-03,해외자사몰,316738.0,218.44,2
2026-03-14,2026-03,해외자사몰,219820.0,151.6,1
2026-03-14,2026-03,해외자사몰,202188.0,139.44,1
2026-03-14,2026-03,해외자사몰,187340.0,129.2,1
2026-03-14,2026-03,해외자사몰,335008.0,231.04,2
2026-03-14,2026-03,해외자사몰,202188.0,139.44,1
2026-03-14,2026-03,해외자사몰,202188.0,139.44,1
2026-03-14,2026-03,해외자사몰,202188.0,139.44,1
2026-03-14,2026-03,해외자사몰,511328.0,352.64,4
2026-03-14,2026-03,해외자사몰,531338.0,366.44,4
2026-03-14,2026-03,해외자사몰,202188.0,139.44,1
2026-03-14,2026-03,해외자사몰,219820.0,151.6,1
2026-03-14,2026-03,해외자사몰,202188.0,139.44,1
2026-03-14,2026-03,해외자사몰,202188.0,139.44,1
2026-03-14,2026-03,해외자사몰,202188.0,139.44,1
2026-03-14,2026-03,해외자사몰,202188.0,139.44,1
2026-03-14,2026-03,해외자사몰,202188.0,139.44,1
2026-03-14,2026-03,해외자사몰,202188.0,139.44,1
2026-03-14,2026-03,해외자사몰,219820.0,151.6,1
2026-03-14,2026-03,해외자사몰,202188.0,139.44,1
2026-03-14,2026-03,해외자사몰,202188.0,139.44,1
2026-03-14,2026-03,해외자사몰,202188.0,139.44,1
2026-03-14,2026-03,해외자사몰,276950.0,191.0,2
2026-03-14,2026-03,해외자사몰,202188.0,139.44,1
2026-03-14,2026-03,해외자사몰,275268.0,189.84,2
2026-03-15,2026-03,국내자사몰,41500.0,,1
2026-03-15,2026-03,국내자사몰,213600.0,,2
2026-03-15,2026-03,국내자사몰,347328.0,,4
2026-03-15,2026-03,국내자사몰,121000.0,,1
2026-03-15,2026-03,국내자사몰,116640.0,,1
2026-03-15,2026-03,국내자사몰,127535.0,,1
2026-03-15,2026-03,국내자사몰,129600.0,,1
2026-03-15,2026-03,국내자사몰,176700.0,,2
2026-03-15,2026-03,국내자사몰,129600.0,,1
2026-03-15,2026-03,국내자사몰,80000.0,,1
2026-03-15,2026-03,국내자사몰,93636.0,,1
2026-03-15,2026-03,국내자사몰,109054.0,,1
2026-03-15,2026-03,국내자사몰,98600.0,,1
2026-03-15,2026-03,국내자사몰,123120.0,,1
2026-03-15,2026-03,국내자사몰,123120.0,,1
2026-03-15,2026-03,국내자사몰,98600.0,,1
2026-03-15,2026-03,국내자사몰,50500.0,,1
2026-03-15,2026-03,국내자사몰,103500.0,,2
2026-03-15,2026-03,국내자사몰,98600.0,,1
2026-03-15,2026-03,국내자사몰,123120.0,,1
2026-03-15,2026-03,국내자사몰,95838.0,,1
2026-03-15,2026-03,국내자사몰,55900.0,,1
2026-03-15,2026-03,국내자사몰,110160.0,,1
2026-03-15,2026-03,국내자사몰,129600.0,,1
2026-03-15,2026-03,국내자사몰,134093.0,,2
2026-03-15,2026-03,국내자사몰,165500.0,,2
2026-03-15,2026-03,국내자사몰,129600.0,,1
2026-03-15,2026-03,국내자사몰,129600.0,,1
2026-03-15,2026-03,국내자사몰,147648.0,,2
2026-03-15,2026-03,국내자사몰,123120.0,,1
2026-03-15,2026-03,국내자사몰,123120.0,,1
2026-03-15,2026-03,국내자사몰,129600.0,,1
2026-03-15,2026-03,해외자사몰,202188.0,139.44,1
2026-03-15,2026-03,해외자사몰,219820.0,151.6,1
2026-03-15,2026-03,해외자사몰,202188.0,139.44,1
2026-03-15,2026-03,해외자사몰,202188.0,139.44,1
2026-03-15,2026-03,해외자사몰,202188.0,139.44,1
2026-03-15,2026-03,해외자사몰,219820.0,151.6,1
2026-03-15,2026-03,해외자사몰,201550.0,139.0,1
2026-03-15,2026-03,해외자사몰,187340.0,129.2,1
2026-03-15,2026-03,해외자사몰,202188.0,139.44,1
2026-03-15,2026-03,해외자사몰,202188.0,139.44,1
2026-03-15,2026-03,해외자사몰,202188.0,139.44,1
2026-03-15,2026-03,해외자사몰,271512.5,187.25,1
2026-03-15,2026-03,해외자사몰,202188.0,139.44,1
2026-03-15,2026-03,해외자사몰,187340.0,129.2,1
2026-03-15,2026-03,해외자사몰,219820.0,151.6,1
2026-03-15,2026-03,해외자사몰,202188.0,139.44,1
2026-03-15,2026-03,해외자사몰,271512.5,187.25,1
2026-03-15,2026-03,해외자사몰,202188.0,139.44,1
2026-03-15,2026-03,해외자사몰,202188.0,139.44,1
2026-03-15,2026-03,해외자사몰,320160.0,220.8,2
2026-03-15,2026-03,해외자사몰,202188.0,139.44,1
2026-03-15,2026-03,해외자사몰,219820.0,151.6,1
2026-03-15,2026-03,해외자사몰,202188.0,139.44,1
2026-03-15,2026-03,해외자사몰,219820.0,151.6,1
2026-03-16,2026-03,국내자사몰,123120.0,,1
2026-03-16,2026-03,국내자사몰,98600.0,,1
2026-03-16,2026-03,국내자사몰,129600.0,,1
2026-03-16,2026-03,국내자사몰,129600.0,,1
2026-03-16,2026-03,국내자사몰,93670.0,,1
2026-03-16,2026-03,국내자사몰,98600.0,,1
2026-03-16,2026-03,국내자사몰,98600.0,,1
2026-03-16,2026-03,국내자사몰,60563.0,,1
2026-03-16,2026-03,국내자사몰,144250.0,,3
2026-03-16,2026-03,국내자사몰,178500.0,,1
2026-03-16,2026-03,국내자사몰,98600.0,,1
2026-03-16,2026-03,국내자사몰,93636.0,,1
2026-03-16,2026-03,국내자사몰,123290.0,,1
2026-03-16,2026-03,국내자사몰,129600.0,,1
2026-03-16,2026-03,국내자사몰,98600.0,,1
2026-03-16,2026-03,국내자사몰,129600.0,,1
2026-03-16,2026-03,국내자사몰,129600.0,,1
2026-03-16,2026-03,국내자사몰,123120.0,,1
2026-03-16,2026-03,국내자사몰,67500.0,,1
2026-03-16,2026-03,국내자사몰,84405.0,,1
2026-03-16,2026-03,국내자사몰,280908.0,,3
2026-03-16,2026-03,국내자사몰,123120.0,,1
2026-03-16,2026-03,국내자사몰,89550.0,,1
2026-03-16,2026-03,국내자사몰,98600.0,,1
2026-03-16,2026-03,국내자사몰,121000.0,,1
2026-03-16,2026-03,국내자사몰,104652.0,,1
2026-03-16,2026-03,국내자사몰,110160.0,,1
2026-03-16,2026-03,국내자사몰,110160.0,,1
2026-03-16,2026-03,국내자사몰,93312.0,,1
2026-03-16,2026-03,국내자사몰,129600.0,,1
2026-03-16,2026-03,국내자사몰,746496.0,,7
2026-03-16,2026-03,국내자사몰,44650.0,,1
2026-03-16,2026-03,국내자사몰,129600.0,,1
2026-03-16,2026-03,국내자사몰,67500.0,,1
2026-03-16,2026-03,국내자사몰,129600.0,,1
2026-03-16,2026-03,국내자사몰,129600.0,,1
2026-03-16,2026-03,국내자사몰,110160.0,,1
2026-03-16,2026-03,국내자사몰,110160.0,,1
2026-03-16,2026-03,국내자사몰,129600.0,,1
2026-03-16,2026-03,국내자사몰,123120.0,,1
2026-03-16,2026-03,국내자사몰,80362.0,,1
2026-03-16,2026-03,국내자사몰,101250.0,,1
2026-03-16,2026-03,국내자사몰,67500.0,,1
2026-03-16,2026-03,해외자사몰,271512.5,187.25,1
2026-03-16,2026-03,해외자사몰,271512.5,187.25,1
2026-03-16,2026-03,해외자사몰,271512.5,187.25,1
2026-03-16,2026-03,해외자사몰,335008.0,231.04,2
2026-03-16,2026-03,해외자사몰,219820.0,151.6,1
2026-03-16,2026-03,해외자사몰,320160.0,220.8,2
2026-03-16,2026-03,해외자사몰,548172.5,378.05,3
2026-03-16,2026-03,해외자사몰,202188.0,139.44,1
2026-03-16,2026-03,해외자사몰,202188.0,139.44,1
2026-03-16,2026-03,해외자사몰,202188.0,139.44,1
2026-03-16,2026-03,해외자사몰,219820.0,151.6,1
2026-03-16,2026-03,해외자사몰,271512.5,187.25,1
2026-03-16,2026-03,해외자사몰,202188.0,139.44,1
2026-03-16,2026-03,해외자사몰,302528.0,208.64,2
2026-03-16,2026-03,해외자사몰,251575.0,173.5,3
2026-03-16,2026-03,해외자사몰,202188.0,139.44,1
2026-03-16,2026-03,해외자사몰,275500.0,190.0,1
2026-03-16,2026-03,해외자사몰,187340.0,129.2,1
2026-03-17,2026-03,국내자사몰,98600.0,,1
2026-03-17,2026-03,국내자사몰,125421.0,,1
2026-03-17,2026-03,국내자사몰,98600.0,,1
2026-03-17,2026-03,국내자사몰,116640.0,,1
2026-03-17,2026-03,국내자사몰,110160.0,,1
2026-03-17,2026-03,국내자사몰,121648.0,,2
2026-03-17,2026-03,국내자사몰,129600.0,,1
2026-03-17,2026-03,국내자사몰,98600.0,,1
2026-03-17,2026-03,국내자사몰,66000.0,,1
2026-03-17,2026-03,국내자사몰,93670.0,,1
2026-03-17,2026-03,국내자사몰,45000.0,,2
2026-03-17,2026-03,국내자사몰,89550.0,,1
2026-03-17,2026-03,국내자사몰,129600.0,,1
2026-03-17,2026-03,국내자사몰,297432.0,,3
2026-03-17,2026-03,국내자사몰,110160.0,,1
2026-03-17,2026-03,국내자사몰,123120.0,,1
2026-03-17,2026-03,국내자사몰,386365.0,,3
2026-03-17,2026-03,국내자사몰,76000.0,,1
2026-03-17,2026-03,국내자사몰,567522.0,,5
2026-03-17,2026-03,국내자사몰,62700.0,,1
2026-03-17,2026-03,국내자사몰,98600.0,,1
2026-03-17,2026-03,국내자사몰,110160.0,,1
2026-03-17,2026-03,국내자사몰,93670.0,,1
2026-03-17,2026-03,국내자사몰,98600.0,,1
2026-03-17,2026-03,국내자사몰,123120.0,,1
2026-03-17,2026-03,국내자사몰,400220.0,,3
2026-03-17,2026-03,국내자사몰,110160.0,,1
2026-03-17,2026-03,국내자사몰,129600.0,,1
2026-03-17,2026-03,국내자사몰,43000.0,,1
2026-03-17,2026-03,국내자사몰,186000.0,,2
2026-03-17,2026-03,국내자사몰,163184.0,,2
2026-03-17,2026-03,국내자사몰,110160.0,,1
2026-03-17,2026-03,국내자사몰,98600.0,,1
2026-03-17,2026-03,국내자사몰,98600.0,,1
2026-03-17,2026-03,국내자사몰,28500.0,,1
2026-03-17,2026-03,국내자사몰,123120.0,,1
2026-03-17,2026-03,국내자사몰,74250.0,,1
2026-03-17,2026-03,국내자사몰,129600.0,,1
2026-03-17,2026-03,국내자사몰,79500.0,,1
2026-03-17,2026-03,국내자사몰,15000.0,,1
2026-03-17,2026-03,해외자사몰,219820.0,151.6,1
2026-03-17,2026-03,해외자사몰,187340.0,129.2,1
2026-03-17,2026-03,해외자사몰,317376.0,218.88,2
2026-03-17,2026-03,해외자사몰,202188.0,139.44,1
2026-03-17,2026-03,해외자사몰,335008.0,231.04,2
2026-03-17,2026-03,해외자사몰,335008.0,231.04,2
2026-03-17,2026-03,해외자사몰,168200.0,116.0,1
2026-03-17,2026-03,해외자사몰,202188.0,139.44,1
2026-03-17,2026-03,해외자사몰,202188.0,139.44,1
2026-03-17,2026-03,해외자사몰,275500.0,190.0,1
2026-03-17,2026-03,해외자사몰,187340.0,129.2,1
2026-03-17,2026-03,해외자사몰,202188.0,139.44,1
2026-03-17,2026-03,해외자사몰,202188.0,139.44,1
2026-03-17,2026-03,해외자사몰,219820.0,151.6,1
2026-03-17,2026-03,해외자사몰,305080.0,210.4,2
2026-03-17,2026-03,해외자사몰,202188.0,139.44,1
2026-03-17,2026-03,해외자사몰,272484.0,187.92,2
2026-03-17,2026-03,해외자사몰,187340.0,129.2,1
2026-03-17,2026-03,해외자사몰,335008.0,231.04,2
2026-03-17,2026-03,해외자사몰,386700.5,266.69,2
2026-03-17,2026-03,해외자사몰,202188.0,139.44,1
2026-03-18,2026-03,국내자사몰,108000.0,,1
2026-03-18,2026-03,국내자사몰,116640.0,,1
2026-03-18,2026-03,국내자사몰,82031.0,,1
2026-03-18,2026-03,국내자사몰,110160.0,,1
2026-03-18,2026-03,국내자사몰,157086.0,,2
2026-03-18,2026-03,국내자사몰,95642.0,,1
2026-03-18,2026-03,국내자사몰,110160.0,,1
2026-03-18,2026-03,국내자사몰,98600.0,,1
2026-03-18,2026-03,국내자사몰,150000.0,,1
2026-03-18,2026-03,국내자사몰,129600.0,,1
2026-03-18,2026-03,국내자사몰,129600.0,,1
2026-03-18,2026-03,국내자사몰,129600.0,,1
2026-03-18,2026-03,국내자사몰,110160.0,,1
2026-03-18,2026-03,국내자사몰,129600.0,,1
2026-03-18,2026-03,국내자사몰,129600.0,,1
2026-03-18,2026-03,국내자사몰,98805.0,,1
2026-03-18,2026-03,국내자사몰,104652.0,,1
2026-03-18,2026-03,국내자사몰,2805030.0,,23
2026-03-18,2026-03,국내자사몰,127135.0,,1
2026-03-18,2026-03,국내자사몰,95718.0,,1
2026-03-18,2026-03,국내자사몰,110160.0,,1
2026-03-18,2026-03,국내자사몰,142500.0,,1
2026-03-18,2026-03,국내자사몰,150000.0,,1
2026-03-18,2026-03,국내자사몰,178500.0,,1
2026-03-18,2026-03,국내자사몰,107398.0,,1
2026-03-18,2026-03,국내자사몰,377069.0,,4
2026-03-18,2026-03,국내자사몰,98600.0,,1
2026-03-18,2026-03,국내자사몰,98600.0,,1
2026-03-18,2026-03,국내자사몰,74250.0,,1
2026-03-18,2026-03,해외자사몰,202188.0,139.44,1
2026-03-18,2026-03,해외자사몰,202188.0,139.44,1
2026-03-18,2026-03,해외자사몰,317376.0,218.88,2
2026-03-18,2026-03,해외자사몰,202188.0,139.44,1
2026-03-18,2026-03,해외자사몰,202188.0,139.44,1
2026-03-18,2026-03,해외자사몰,202188.0,139.44,1
2026-03-18,2026-03,해외자사몰,320160.0,220.8,2
2026-03-18,2026-03,해외자사몰,202188.0,139.44,1
2026-03-18,2026-03,해외자사몰,202188.0,139.44,1
2026-03-18,2026-03,해외자사몰,202188.0,139.44,1
2026-03-18,2026-03,해외자사몰,219820.0,151.6,1
2026-03-18,2026-03,해외자사몰,271512.5,187.25,1
2026-03-18,2026-03,해외자사몰,386700.5,266.69,2
2026-03-18,2026-03,해외자사몰,202188.0,139.44,1
2026-03-18,2026-03,해외자사몰,202188.0,139.44,1
2026-03-18,2026-03,해외자사몰,202188.0,139.44,1
2026-03-18,2026-03,해외자사몰,202188.0,139.44,1
2026-03-18,2026-03,해외자사몰,202188.0,139.44,1
2026-03-18,2026-03,해외자사몰,187340.0,129.2,1
2026-03-18,2026-03,해외자사몰,202188.0,139.44,1
2026-03-18,2026-03,해외자사몰,271512.5,187.25,1
2026-03-19,2026-03,국내자사몰,110160.0,,1
2026-03-19,2026-03,국내자사몰,129600.0,,1
2026-03-19,2026-03,국내자사몰,98600.0,,1
2026-03-19,2026-03,국내자사몰,63750.0,,1
2026-03-19,2026-03,국내자사몰,129600.0,,1
2026-03-19,2026-03,국내자사몰,73000.0,,1
2026-03-19,2026-03,국내자사몰,110160.0,,1
2026-03-19,2026-03,국내자사몰,94909.0,,1
2026-03-19,2026-03,국내자사몰,87600.0,,1
2026-03-19,2026-03,국내자사몰,110160.0,,1
2026-03-19,2026-03,국내자사몰,129600.0,,1
2026-03-19,2026-03,국내자사몰,129600.0,,1
2026-03-19,2026-03,국내자사몰,98000.0,,1
2026-03-19,2026-03,국내자사몰,129600.0,,1
2026-03-19,2026-03,국내자사몰,123120.0,,1
2026-03-19,2026-03,국내자사몰,150000.0,,1
2026-03-19,2026-03,국내자사몰,150000.0,,1
2026-03-19,2026-03,국내자사몰,98000.0,,1
2026-03-19,2026-03,국내자사몰,129600.0,,1
2026-03-19,2026-03,국내자사몰,110160.0,,1
2026-03-19,2026-03,국내자사몰,206804.0,,2
2026-03-19,2026-03,국내자사몰,112500.0,,1
2026-03-19,2026-03,국내자사몰,125907.0,,1
2026-03-19,2026-03,국내자사몰,117400.0,,1
2026-03-19,2026-03,해외자사몰,202188.0,139.44,1
2026-03-19,2026-03,해외자사몰,202188.0,139.44,1
2026-03-19,2026-03,해외자사몰,202188.0,139.44,1
2026-03-19,2026-03,해외자사몰,216050.0,149.0,1
2026-03-19,2026-03,해외자사몰,302528.0,208.64,2
2026-03-19,2026-03,해외자사몰,219820.0,151.6,1
2026-03-19,2026-03,해외자사몰,398822.5,275.05,3
2026-03-19,2026-03,해외자사몰,202188.0,139.44,1
2026-03-19,2026-03,해외자사몰,202188.0,139.44,1
2026-03-19,2026-03,해외자사몰,320160.0,220.8,2
2026-03-19,2026-03,해외자사몰,202188.0,139.44,1
2026-03-19,2026-03,해외자사몰,202188.0,139.44,1
2026-03-19,2026-03,해외자사몰,271512.5,187.25,1
2026-03-19,2026-03,해외자사몰,168200.0,116.0,1
2026-03-19,2026-03,해외자사몰,271512.5,187.25,1
2026-03-19,2026-03,해외자사몰,202188.0,139.44,1
2026-03-19,2026-03,해외자사몰,187340.0,129.2,1
2026-03-19,2026-03,해외자사몰,330600.0,228.0,2
2026-03-19,2026-03,해외자사몰,202188.0,139.44,1
2026-03-19,2026-03,해외자사몰,187340.0,129.2,1
2026-03-19,2026-03,해외자사몰,386700.5,266.69,2
2026-03-20,2026-03,국내자사몰,114950.0,,1
2026-03-20,2026-03,국내자사몰,117288.0,,1
2026-03-20,2026-03,국내자사몰,24000.0,,1
2026-03-20,2026-03,국내자사몰,110160.0,,1
2026-03-20,2026-03,국내자사몰,110160.0,,1
2026-03-20,2026-03,국내자사몰,169575.0,,1
2026-03-20,2026-03,국내자사몰,110160.0,,1
2026-03-20,2026-03,국내자사몰,67500.0,,1
2026-03-20,2026-03,국내자사몰,129600.0,,1
2026-03-20,2026-03,국내자사몰,104652.0,,1
2026-03-20,2026-03,국내자사몰,98600.0,,1
2026-03-20,2026-03,국내자사몰,64621.0,,1
2026-03-20,2026-03,국내자사몰,86610.0,,1
2026-03-20,2026-03,국내자사몰,27500.0,,1
2026-03-20,2026-03,국내자사몰,106661.0,,1
2026-03-20,2026-03,국내자사몰,93670.0,,1
2026-03-20,2026-03,국내자사몰,98600.0,,1
2026-03-20,2026-03,국내자사몰,123120.0,,1
2026-03-20,2026-03,국내자사몰,152702.0,,1
2026-03-20,2026-03,해외자사몰,187340.0,129.2,1
2026-03-20,2026-03,해외자사몰,202188.0,139.44,1
2026-03-20,2026-03,해외자사몰,120495.0,83.1,1
2026-03-20,2026-03,해외자사몰,202188.0,139.44,1
2026-03-20,2026-03,해외자사몰,324800.0,224.0,2
2026-03-20,2026-03,해외자사몰,316462.5,218.25,2
2026-03-20,2026-03,해외자사몰,305080.0,210.4,3
2026-03-20,2026-03,해외자사몰,271512.5,187.25,1
2026-03-20,2026-03,해외자사몰,219820.0,151.6,1
2026-03-20,2026-03,해외자사몰,352640.0,243.2,2
2026-03-20,2026-03,해외자사몰,202188.0,139.44,1
2026-03-21,2026-03,국내자사몰,24000.0,,1
2026-03-21,2026-03,국내자사몰,107040.0,,1
2026-03-21,2026-03,국내자사몰,93670.0,,1
2026-03-21,2026-03,국내자사몰,108608.0,,1
2026-03-21,2026-03,국내자사몰,66000.0,,1
2026-03-21,2026-03,국내자사몰,123120.0,,1
2026-03-21,2026-03,국내자사몰,150000.0,,1
2026-03-21,2026-03,국내자사몰,239760.0,,2
2026-03-21,2026-03,국내자사몰,62050.0,,1
2026-03-21,2026-03,국내자사몰,94501.0,,1
2026-03-21,2026-03,국내자사몰,110160.0,,1
2026-03-21,2026-03,국내자사몰,129600.0,,1
2026-03-21,2026-03,국내자사몰,66000.0,,1
2026-03-21,2026-03,국내자사몰,123120.0,,1
2026-03-21,2026-03,국내자사몰,43000.0,,1
2026-03-21,2026-03,국내자사몰,54550.0,,1
2026-03-21,2026-03,국내자사몰,63750.0,,1
2026-03-21,2026-03,국내자사몰,66000.0,,1
2026-03-21,2026-03,국내자사몰,71100.0,,2
2026-03-21,2026-03,국내자사몰,98600.0,,1
2026-03-21,2026-03,해외자사몰,200100.0,138.0,1
2026-03-21,2026-03,해외자사몰,202188.0,139.44,1
2026-03-21,2026-03,해외자사몰,202188.0,139.44,1
2026-03-21,2026-03,해외자사몰,271512.5,187.25,1
2026-03-21,2026-03,해외자사몰,336980.0,232.4,3
2026-03-21,2026-03,해외자사몰,335008.0,231.04,2
2026-03-21,2026-03,해외자사몰,202188.0,139.44,1
2026-03-21,2026-03,해외자사몰,335008.0,231.04,2
2026-03-21,2026-03,해외자사몰,202188.0,139.44,1
2026-03-21,2026-03,해외자사몰,335008.0,231.04,2
2026-03-21,2026-03,해외자사몰,187340.0,129.2,1
2026-03-21,2026-03,해외자사몰,464000.0,320.0,2
2026-03-21,2026-03,해외자사몰,290638.0,200.44,2
2026-03-21,2026-03,해외자사몰,202188.0,139.44,1
2026-03-21,2026-03,해외자사몰,202188.0,139.44,1
2026-03-21,2026-03,해외자사몰,219820.0,151.6,1
2026-03-21,2026-03,해외자사몰,187340.0,129.2,1
2026-03-21,2026-03,해외자사몰,355975.0,245.5,3
2026-03-22,2026-03,국내자사몰,129600.0,,1
2026-03-22,2026-03,국내자사몰,98600.0,,1
2026-03-22,2026-03,국내자사몰,67500.0,,1
2026-03-22,2026-03,국내자사몰,151000.0,,2
2026-03-22,2026-03,국내자사몰,129600.0,,1
2026-03-22,2026-03,국내자사몰,98600.0,,1
2026-03-22,2026-03,국내자사몰,110160.0,,1
2026-03-22,2026-03,국내자사몰,129600.0,,1
2026-03-22,2026-03,국내자사몰,104652.0,,1
2026-03-22,2026-03,국내자사몰,129600.0,,1
2026-03-22,2026-03,국내자사몰,129600.0,,1
2026-03-22,2026-03,국내자사몰,239760.0,,2
2026-03-22,2026-03,국내자사몰,130710.0,,1
2026-03-22,2026-03,국내자사몰,103772.0,,1
2026-03-22,2026-03,국내자사몰,129600.0,,1
2026-03-22,2026-03,국내자사몰,63750.0,,1
2026-03-22,2026-03,국내자사몰,129600.0,,1
2026-03-22,2026-03,국내자사몰,110160.0,,1
2026-03-22,2026-03,국내자사몰,44650.0,,1
2026-03-22,2026-03,국내자사몰,110160.0,,1
2026-03-22,2026-03,국내자사몰,129600.0,,1
2026-03-22,2026-03,국내자사몰,67500.0,,1
2026-03-22,2026-03,국내자사몰,102384.0,,1
2026-03-22,2026-03,국내자사몰,98600.0,,1
2026-03-22,2026-03,국내자사몰,129600.0,,1
2026-03-22,2026-03,국내자사몰,129600.0,,1
2026-03-22,2026-03,국내자사몰,51300.0,,2
2026-03-22,2026-03,국내자사몰,123120.0,,1
2026-03-22,2026-03,국내자사몰,98600.0,,1
2026-03-22,2026-03,국내자사몰,121000.0,,1
2026-03-22,2026-03,국내자사몰,27500.0,,1
2026-03-22,2026-03,해외자사몰,219820.0,151.6,1
2026-03-22,2026-03,해외자사몰,271512.5,187.25,1
2026-03-22,2026-03,해외자사몰,202188.0,139.44,1
2026-03-22,2026-03,해외자사몰,295510.0,203.8,2
2026-03-22,2026-03,해외자사몰,202188.0,139.44,1
2026-03-22,2026-03,해외자사몰,401650.0,277.0,3
2026-03-22,2026-03,해외자사몰,271512.5,187.25,1
2026-03-22,2026-03,해외자사몰,352640.0,243.2,2
2026-03-22,2026-03,해외자사몰,187340.0,129.2,1
2026-03-22,2026-03,해외자사몰,317376.0,218.88,2
2026-03-22,2026-03,해외자사몰,219820.0,151.6,1
2026-03-22,2026-03,해외자사몰,202188.0,139.44,1
2026-03-22,2026-03,해외자사몰,219820.0,151.6,1
2026-03-22,2026-03,해외자사몰,398025.0,274.5,3
2026-03-22,2026-03,해외자사몰,219820.0,151.6,1
2026-03-22,2026-03,해외자사몰,202188.0,139.44,1
2026-03-22,2026-03,해외자사몰,202188.0,139.44,1
2026-03-22,2026-03,해외자사몰,187340.0,129.2,1
2026-03-22,2026-03,해외자사몰,302528.0,208.64,2
2026-03-22,2026-03,해외자사몰,202188.0,139.44,1
2026-03-22,2026-03,해외자사몰,302528.0,208.64,2
2026-03-22,2026-03,해외자사몰,219820.0,151.6,1
2026-03-23,2026-03,국내자사몰,93670.0,,1
2026-03-23,2026-03,국내자사몰,150000.0,,1
2026-03-23,2026-03,국내자사몰,123120.0,,1
2026-03-23,2026-03,국내자사몰,129600.0,,1
2026-03-23,2026-03,국내자사몰,110160.0,,1
2026-03-23,2026-03,국내자사몰,98600.0,,1
2026-03-23,2026-03,국내자사몰,67500.0,,1
2026-03-23,2026-03,국내자사몰,77076.0,,1
2026-03-23,2026-03,국내자사몰,103680.0,,1
2026-03-23,2026-03,국내자사몰,110160.0,,1
2026-03-23,2026-03,국내자사몰,129600.0,,1
2026-03-23,2026-03,국내자사몰,110160.0,,1
2026-03-23,2026-03,국내자사몰,98600.0,,1
2026-03-23,2026-03,국내자사몰,110160.0,,1
2026-03-23,2026-03,국내자사몰,66000.0,,1
2026-03-23,2026-03,국내자사몰,98600.0,,1
2026-03-23,2026-03,국내자사몰,77500.0,,2
2026-03-23,2026-03,국내자사몰,178500.0,,1
2026-03-23,2026-03,국내자사몰,80000.0,,1
2026-03-23,2026-03,국내자사몰,129600.0,,1
2026-03-23,2026-03,국내자사몰,129600.0,,1
2026-03-23,2026-03,국내자사몰,129600.0,,1
2026-03-23,2026-03,국내자사몰,66000.0,,1
2026-03-23,2026-03,국내자사몰,123120.0,,1
2026-03-23,2026-03,국내자사몰,66000.0,,1
2026-03-23,2026-03,해외자사몰,219820.0,151.6,1
2026-03-23,2026-03,해외자사몰,219820.0,151.6,1
2026-03-23,2026-03,해외자사몰,202188.0,139.44,1
2026-03-23,2026-03,해외자사몰,158050.0,109.0,1
2026-03-23,2026-03,해외자사몰,271512.5,187.25,1
2026-03-23,2026-03,해외자사몰,219820.0,151.6,1
2026-03-23,2026-03,해외자사몰,187340.0,129.2,1
2026-03-23,2026-03,해외자사몰,335008.0,231.04,2
2026-03-23,2026-03,해외자사몰,202188.0,139.44,1
2026-03-23,2026-03,해외자사몰,202188.0,139.44,1
2026-03-23,2026-03,해외자사몰,219820.0,151.6,1
2026-03-23,2026-03,해외자사몰,320160.0,220.8,2
2026-03-23,2026-03,해외자사몰,202188.0,139.44,1
2026-03-23,2026-03,해외자사몰,187340.0,129.2,1
2026-03-23,2026-03,해외자사몰,219820.0,151.6,1
2026-03-23,2026-03,해외자사몰,219820.0,151.6,1
2026-03-23,2026-03,해외자사몰,187340.0,129.2,1
2026-03-23,2026-03,해외자사몰,202188.0,139.44,1
2026-03-23,2026-03,해외자사몰,202188.0,139.44,1
2026-03-23,2026-03,해외자사몰,202188.0,139.44,1
2026-03-24,2026-03,국내자사몰,110160.0,,1
2026-03-24,2026-03,국내자사몰,98600.0,,1
2026-03-24,2026-03,국내자사몰,65000.0,,1
2026-03-24,2026-03,국내자사몰,98600.0,,1
2026-03-24,2026-03,국내자사몰,165215.0,,2
2026-03-24,2026-03,국내자사몰,110160.0,,1
2026-03-24,2026-03,국내자사몰,45165.0,,1
2026-03-24,2026-03,국내자사몰,375192.0,,4
2026-03-24,2026-03,국내자사몰,120675.0,,1
2026-03-24,2026-03,국내자사몰,66000.0,,1
2026-03-24,2026-03,국내자사몰,93100.0,,1
2026-03-24,2026-03,국내자사몰,95256.0,,1
2026-03-24,2026-03,국내자사몰,187272.0,,2
2026-03-24,2026-03,국내자사몰,129600.0,,1
2026-03-24,2026-03,국내자사몰,39575.0,,1
2026-03-24,2026-03,국내자사몰,24000.0,,1
2026-03-24,2026-03,국내자사몰,85000.0,,1
2026-03-24,2026-03,국내자사몰,123120.0,,1
2026-03-24,2026-03,국내자사몰,129600.0,,1
2026-03-24,2026-03,해외자사몰,219820.0,151.6,1
2026-03-24,2026-03,해외자사몰,202188.0,139.44,1
2026-03-24,2026-03,해외자사몰,202188.0,139.44,1
2026-03-24,2026-03,해외자사몰,219820.0,151.6,1
2026-03-24,2026-03,해외자사몰,202188.0,139.44,1
2026-03-24,2026-03,해외자사몰,219820.0,151.6,1
2026-03-24,2026-03,해외자사몰,219820.0,151.6,1
2026-03-24,2026-03,해외자사몰,187340.0,129.2,1
2026-03-24,2026-03,해외자사몰,202188.0,139.44,1
2026-03-24,2026-03,해외자사몰,352640.0,243.2,2
2026-03-24,2026-03,해외자사몰,202188.0,139.44,1
2026-03-24,2026-03,해외자사몰,320160.0,220.8,2
2026-03-24,2026-03,해외자사몰,202188.0,139.44,1
2026-03-25,2026-03,국내자사몰,129600.0,,1
2026-03-25,2026-03,국내자사몰,79900.0,,2
2026-03-25,2026-03,국내자사몰,129600.0,,1
2026-03-25,2026-03,국내자사몰,59500.0,,2
2026-03-25,2026-03,국내자사몰,129600.0,,1
2026-03-25,2026-03,국내자사몰,110160.0,,1
2026-03-25,2026-03,국내자사몰,129600.0,,1
2026-03-25,2026-03,국내자사몰,24000.0,,1
2026-03-25,2026-03,국내자사몰,178500.0,,1
2026-03-25,2026-03,국내자사몰,220320.0,,2
2026-03-25,2026-03,국내자사몰,129600.0,,1
2026-03-25,2026-03,국내자사몰,76750.0,,2
2026-03-25,2026-03,국내자사몰,62050.0,,1
2026-03-25,2026-03,국내자사몰,119000.0,,3
2026-03-25,2026-03,국내자사몰,67500.0,,1
2026-03-25,2026-03,국내자사몰,98600.0,,1
2026-03-25,2026-03,국내자사몰,93670.0,,1
2026-03-25,2026-03,국내자사몰,129600.0,,1
2026-03-25,2026-03,국내자사몰,110160.0,,1
2026-03-25,2026-03,국내자사몰,93670.0,,1
2026-03-25,2026-03,국내자사몰,41250.0,,1
2026-03-25,2026-03,국내자사몰,98600.0,,1
2026-03-25,2026-03,국내자사몰,123120.0,,1
2026-03-25,2026-03,국내자사몰,129600.0,,1
2026-03-25,2026-03,국내자사몰,101030.0,,1
2026-03-25,2026-03,국내자사몰,85726.0,,1
2026-03-25,2026-03,국내자사몰,98600.0,,1
2026-03-25,2026-03,국내자사몰,129600.0,,1
2026-03-25,2026-03,국내자사몰,129600.0,,1
2026-03-25,2026-03,국내자사몰,129600.0,,1
2026-03-25,2026-03,국내자사몰,123120.0,,1
2026-03-25,2026-03,해외자사몰,202188.0,139.44,1
2026-03-25,2026-03,해외자사몰,202188.0,139.44,1
2026-03-25,2026-03,해외자사몰,202188.0,139.44,1
2026-03-25,2026-03,해외자사몰,202188.0,139.44,1
2026-03-25,2026-03,해외자사몰,187340.0,129.2,1
2026-03-25,2026-03,해외자사몰,275500.0,190.0,1
2026-03-25,2026-03,해외자사몰,219820.0,151.6,1
2026-03-25,2026-03,해외자사몰,202188.0,139.44,1
2026-03-25,2026-03,해외자사몰,187340.0,129.2,1
2026-03-25,2026-03,해외자사몰,202188.0,139.44,1
2026-03-25,2026-03,해외자사몰,320160.0,220.8,2
2026-03-25,2026-03,해외자사몰,202188.0,139.44,1
2026-03-25,2026-03,해외자사몰,219820.0,151.6,1
2026-03-25,2026-03,해외자사몰,271512.5,187.25,1
2026-03-26,2026-03,국내자사몰,110160.0,,1
2026-03-26,2026-03,국내자사몰,93670.0,,1
2026-03-26,2026-03,국내자사몰,54550.0,,1
2026-03-26,2026-03,국내자사몰,100248.0,,1
2026-03-26,2026-03,국내자사몰,98600.0,,1
2026-03-26,2026-03,국내자사몰,66000.0,,1
2026-03-26,2026-03,국내자사몰,113508.0,,1
2026-03-26,2026-03,국내자사몰,100246.0,,1
2026-03-26,2026-03,국내자사몰,129600.0,,1
2026-03-26,2026-03,국내자사몰,129600.0,,1
2026-03-26,2026-03,국내자사몰,31150.0,,2
2026-03-26,2026-03,국내자사몰,199190.0,,2
2026-03-26,2026-03,국내자사몰,98600.0,,1
2026-03-26,2026-03,국내자사몰,110160.0,,1
2026-03-26,2026-03,국내자사몰,88200.0,,1
2026-03-26,2026-03,국내자사몰,41500.0,,1
2026-03-26,2026-03,국내자사몰,64125.0,,1
2026-03-26,2026-03,국내자사몰,67500.0,,1
2026-03-26,2026-03,국내자사몰,192261.0,,2
2026-03-26,2026-03,국내자사몰,129600.0,,1
2026-03-26,2026-03,국내자사몰,129600.0,,1
2026-03-26,2026-03,국내자사몰,66000.0,,1
2026-03-26,2026-03,국내자사몰,98600.0,,1
2026-03-26,2026-03,국내자사몰,104652.0,,1
2026-03-26,2026-03,국내자사몰,175439.0,,1
2026-03-26,2026-03,국내자사몰,27500.0,,1
2026-03-26,2026-03,해외자사몰,187340.0,129.2,1
2026-03-26,2026-03,해외자사몰,202188.0,139.44,1
2026-03-26,2026-03,해외자사몰,219820.0,151.6,1
2026-03-26,2026-03,해외자사몰,202188.0,139.44,1
2026-03-26,2026-03,해외자사몰,202188.0,139.44,1
2026-03-26,2026-03,해외자사몰,219820.0,151.6,1
2026-03-26,2026-03,해외자사몰,219820.0,151.6,1
2026-03-26,2026-03,해외자사몰,187340.0,129.2,1
2026-03-26,2026-03,해외자사몰,202188.0,139.44,1
2026-03-26,2026-03,해외자사몰,202188.0,139.44,1
2026-03-26,2026-03,해외자사몰,202188.0,139.44,1
2026-03-27,2026-03,국내자사몰,129600.0,,1
2026-03-27,2026-03,국내자사몰,129600.0,,1
2026-03-27,2026-03,국내자사몰,129600.0,,1
2026-03-27,2026-03,국내자사몰,89600.0,,1
2026-03-27,2026-03,국내자사몰,89600.0,,1
2026-03-27,2026-03,국내자사몰,123120.0,,1
2026-03-27,2026-03,국내자사몰,24000.0,,1
2026-03-27,2026-03,국내자사몰,302546.0,,3
2026-03-27,2026-03,국내자사몰,255049.0,,3
2026-03-27,2026-03,국내자사몰,41500.0,,1
2026-03-27,2026-03,국내자사몰,98600.0,,1
2026-03-27,2026-03,국내자사몰,172020.0,,1
2026-03-27,2026-03,국내자사몰,129600.0,,1
2026-03-27,2026-03,국내자사몰,110160.0,,1
2026-03-27,2026-03,국내자사몰,98600.0,,1
2026-03-27,2026-03,국내자사몰,24000.0,,1
2026-03-27,2026-03,국내자사몰,246100.0,,4
2026-03-27,2026-03,국내자사몰,98600.0,,1
2026-03-27,2026-03,국내자사몰,166725.0,,2
2026-03-27,2026-03,국내자사몰,102600.0,,1
2026-03-27,2026-03,해외자사몰,219820.0,151.6,1
2026-03-27,2026-03,해외자사몰,219820.0,151.6,1
2026-03-27,2026-03,해외자사몰,271512.5,187.25,1
2026-03-27,2026-03,해외자사몰,187340.0,129.2,1
2026-03-27,2026-03,해외자사몰,187340.0,129.2,1
2026-03-27,2026-03,해외자사몰,202188.0,139.44,1
2026-03-27,2026-03,해외자사몰,219820.0,151.6,1
2026-03-27,2026-03,해외자사몰,187340.0,129.2,1
2026-03-27,2026-03,해외자사몰,202188.0,139.44,1
2026-03-27,2026-03,해외자사몰,271512.5,187.25,1
2026-03-27,2026-03,해외자사몰,304500.0,210.0,2
2026-03-27,2026-03,해외자사몰,200390.0,138.2,2
2026-03-27,2026-03,해외자사몰,315288.0,217.44,2
2026-03-27,2026-03,해외자사몰,202188.0,139.44,1
2026-03-27,2026-03,해외자사몰,202188.0,139.44,1
2026-03-28,2026-03,국내자사몰,128000.0,,3
2026-03-28,2026-03,국내자사몰,178500.0,,1
2026-03-28,2026-03,국내자사몰,98000.0,,1
2026-03-28,2026-03,국내자사몰,89600.0,,1
2026-03-28,2026-03,국내자사몰,293360.0,,3
2026-03-28,2026-03,국내자사몰,129600.0,,1
2026-03-28,2026-03,국내자사몰,90000.0,,1
2026-03-28,2026-03,국내자사몰,101150.0,,3
2026-03-28,2026-03,국내자사몰,82712.0,,1
2026-03-28,2026-03,국내자사몰,59500.0,,2
2026-03-28,2026-03,국내자사몰,129600.0,,1
2026-03-28,2026-03,국내자사몰,85500.0,,1
2026-03-28,2026-03,국내자사몰,98000.0,,1
2026-03-28,2026-03,국내자사몰,129600.0,,1
2026-03-28,2026-03,국내자사몰,123120.0,,1
2026-03-28,2026-03,국내자사몰,219200.0,,2
2026-03-28,2026-03,국내자사몰,24000.0,,1
2026-03-28,2026-03,국내자사몰,97200.0,,1
2026-03-28,2026-03,해외자사몰,158340.0,109.2,1
2026-03-28,2026-03,해외자사몰,290870.0,200.6,2
2026-03-28,2026-03,해외자사몰,219820.0,151.6,1
2026-03-28,2026-03,해외자사몰,219820.0,151.6,1
2026-03-28,2026-03,해외자사몰,158340.0,109.2,1
2026-03-28,2026-03,해외자사몰,219820.0,151.6,1
2026-03-28,2026-03,해외자사몰,219820.0,151.6,1
2026-03-28,2026-03,해외자사몰,219820.0,151.6,1
2026-03-28,2026-03,해외자사몰,158340.0,109.2,1
2026-03-28,2026-03,해외자사몰,219820.0,151.6,1
2026-03-28,2026-03,해외자사몰,309937.5,213.75,6
2026-03-29,2026-03,국내자사몰,123120.0,,1
2026-03-29,2026-03,국내자사몰,292050.0,,4
2026-03-29,2026-03,국내자사몰,135000.0,,2
2026-03-29,2026-03,국내자사몰,107568.0,,1
2026-03-29,2026-03,국내자사몰,129600.0,,1
2026-03-29,2026-03,국내자사몰,123120.0,,1
2026-03-29,2026-03,국내자사몰,147400.0,,3
2026-03-29,2026-03,국내자사몰,63750.0,,1
2026-03-29,2026-03,국내자사몰,76947.0,,1
2026-03-29,2026-03,국내자사몰,87440.0,,1
2026-03-29,2026-03,국내자사몰,44650.0,,1
2026-03-29,2026-03,국내자사몰,233280.0,,2
2026-03-29,2026-03,국내자사몰,129600.0,,1
2026-03-29,2026-03,국내자사몰,203482.0,,2
2026-03-29,2026-03,국내자사몰,129600.0,,1
2026-03-29,2026-03,국내자사몰,85120.0,,1
2026-03-29,2026-03,국내자사몰,89600.0,,1
2026-03-29,2026-03,국내자사몰,76000.0,,1
2026-03-29,2026-03,국내자사몰,85120.0,,1
2026-03-29,2026-03,국내자사몰,89600.0,,1
2026-03-29,2026-03,국내자사몰,22500.0,,1
2026-03-29,2026-03,국내자사몰,63600.0,,1
2026-03-29,2026-03,국내자사몰,27500.0,,1
2026-03-29,2026-03,국내자사몰,229128.0,,3
2026-03-29,2026-03,국내자사몰,89600.0,,1
2026-03-29,2026-03,국내자사몰,89600.0,,1
2026-03-29,2026-03,국내자사몰,41250.0,,1
2026-03-29,2026-03,국내자사몰,129600.0,,1
2026-03-29,2026-03,해외자사몰,219820.0,151.6,1
2026-03-29,2026-03,해외자사몰,158340.0,109.2,1
2026-03-29,2026-03,해외자사몰,219820.0,151.6,1
2026-03-29,2026-03,해외자사몰,158340.0,109.2,1
2026-03-29,2026-03,해외자사몰,219820.0,151.6,1
2026-03-29,2026-03,해외자사몰,219820.0,151.6,1
2026-03-29,2026-03,해외자사몰,219820.0,151.6,1
2026-03-29,2026-03,해외자사몰,219820.0,151.6,1
2026-03-29,2026-03,해외자사몰,158340.0,109.2,1
2026-03-29,2026-03,해외자사몰,271512.5,187.25,1
2026-03-29,2026-03,해외자사몰,396720.00000000006,273.6,4
2026-03-29,2026-03,해외자사몰,146595.0,101.1,1
2026-03-29,2026-03,해외자사몰,219820.0,151.6,1
2026-03-29,2026-03,해외자사몰,158340.0,109.2,1
2026-03-29,2026-03,해외자사몰,271512.5,187.25,1
2026-03-29,2026-03,해외자사몰,291160.0,200.8,2
2026-03-29,2026-03,해외자사몰,158340.0,109.2,1
2026-03-29,2026-03,해외자사몰,313562.5,216.25,2
2026-03-29,2026-03,해외자사몰,291160.0,200.8,2
2026-03-29,2026-03,해외자사몰,219820.0,151.6,1
2026-03-29,2026-03,해외자사몰,219820.0,151.6,1
2026-03-29,2026-03,해외자사몰,219820.0,151.6,1
2026-03-30,2026-03,국내자사몰,113336.0,,1
2026-03-30,2026-03,국내자사몰,129600.0,,1
2026-03-30,2026-03,국내자사몰,85120.0,,1
2026-03-30,2026-03,국내자사몰,123120.0,,1
2026-03-30,2026-03,국내자사몰,123120.0,,1
2026-03-30,2026-03,국내자사몰,119232.0,,1
2026-03-30,2026-03,국내자사몰,98000.0,,1
2026-03-30,2026-03,국내자사몰,85220.0,,1
2026-03-30,2026-03,국내자사몰,66000.0,,1
2026-03-30,2026-03,국내자사몰,89600.0,,1
2026-03-30,2026-03,국내자사몰,66000.0,,1
2026-03-30,2026-03,국내자사몰,193800.0,,2
2026-03-30,2026-03,국내자사몰,125712.0,,1
2026-03-30,2026-03,국내자사몰,129600.0,,1
2026-03-30,2026-03,국내자사몰,129600.0,,1
2026-03-30,2026-03,국내자사몰,116640.0,,1
2026-03-30,2026-03,국내자사몰,100472.0,,1
2026-03-30,2026-03,국내자사몰,89600.0,,1
2026-03-30,2026-03,국내자사몰,129600.0,,1
2026-03-30,2026-03,국내자사몰,129600.0,,1
2026-03-30,2026-03,국내자사몰,129600.0,,1
2026-03-30,2026-03,국내자사몰,105560.0,,1
2026-03-30,2026-03,국내자사몰,90000.0,,1
2026-03-30,2026-03,국내자사몰,98000.0,,1
2026-03-30,2026-03,국내자사몰,163638.0,,2
2026-03-30,2026-03,국내자사몰,93100.0,,1
2026-03-30,2026-03,국내자사몰,90000.0,,1
2026-03-30,2026-03,국내자사몰,78597.0,,1
2026-03-30,2026-03,해외자사몰,298120.0,205.6,2
2026-03-30,2026-03,해외자사몰,219820.0,151.6,1
2026-03-30,2026-03,해외자사몰,301020.0,207.6,2
2026-03-30,2026-03,해외자사몰,416440.0,287.2,4
2026-03-30,2026-03,해외자사몰,219820.0,151.6,1
2026-03-30,2026-03,해외자사몰,219820.0,151.6,1
2026-03-30,2026-03,해외자사몰,367212.5,253.25,2
2026-03-30,2026-03,해외자사몰,249922.00000000003,172.36,2
2026-03-30,2026-03,해외자사몰,158340.0,109.2,1
2026-03-30,2026-03,해외자사몰,103675.0,71.5,1
2026-03-30,2026-03,해외자사몰,219820.0,151.6,1
2026-03-30,2026-03,해외자사몰,158340.0,109.2,1
2026-03-30,2026-03,해외자사몰,301020.0,207.6,2
2026-03-30,2026-03,해외자사몰,158340.0,109.2,1
2026-03-30,2026-03,해외자사몰,219820.0,151.6,1
2026-03-30,2026-03,해외자사몰,291160.0,200.8,2
2026-03-31,2026-03,국내자사몰,41500.0,,1
2026-03-31,2026-03,국내자사몰,72200.0,,1
2026-03-31,2026-03,국내자사몰,24000.0,,1
2026-03-31,2026-03,국내자사몰,44367.0,,1
2026-03-31,2026-03,국내자사몰,85699.0,,1
2026-03-31,2026-03,국내자사몰,60000.0,,1
2026-03-31,2026-03,국내자사몰,24000.0,,1
2026-03-31,2026-03,국내자사몰,70580.0,,1
2026-03-31,2026-03,국내자사몰,98000.0,,1
2026-03-31,2026-03,국내자사몰,129600.0,,1
2026-03-31,2026-03,국내자사몰,81421.0,,1
2026-03-31,2026-03,국내자사몰,123120.0,,1
2026-03-31,2026-03,국내자사몰,123120.0,,1
2026-03-31,2026-03,국내자사몰,129600.0,,1
2026-03-31,2026-03,국내자사몰,24000.0,,1
2026-03-31,2026-03,국내자사몰,129600.0,,1
2026-03-31,2026-03,국내자사몰,123120.0,,1
2026-03-31,2026-03,국내자사몰,129600.0,,1
2026-03-31,2026-03,국내자사몰,90000.0,,1
2026-03-31,2026-03,국내자사몰,44650.0,,1
2026-03-31,2026-03,국내자사몰,176256.0,,2
2026-03-31,2026-03,해외자사몰,306820.0,211.6,4
2026-03-31,2026-03,해외자사몰,291160.0,200.8,2
2026-03-31,2026-03,해외자사몰,158340.0,109.2,1
2026-03-31,2026-03,해외자사몰,219820.0,151.6,1
2026-03-31,2026-03,해외자사몰,158340.0,109.2,1
2026-03-31,2026-03,해외자사몰,404332.50000000006,278.85,2
2026-03-31,2026-03,해외자사몰,219820.0,151.6,1
2026-03-31,2026-03,해외자사몰,219820.0,151.6,1
2026-03-31,2026-03,해외자사몰,219820.0,151.6,1
2026-04-01,2026-04,국내자사몰,67500.0,,1
2026-04-01,2026-04,국내자사몰,129600.0,,1
2026-04-01,2026-04,국내자사몰,129600.0,,1
2026-04-01,2026-04,국내자사몰,127260.0,,1
2026-04-01,2026-04,국내자사몰,129600.0,,1
2026-04-01,2026-04,국내자사몰,129600.0,,1
2026-04-01,2026-04,국내자사몰,123120.0,,1
2026-04-01,2026-04,국내자사몰,129600.0,,1
2026-04-01,2026-04,국내자사몰,176512.0,,2
2026-04-01,2026-04,국내자사몰,41500.0,,1
2026-04-01,2026-04,국내자사몰,43000.0,,1
2026-04-01,2026-04,국내자사몰,112203.0,,1
2026-04-01,2026-04,국내자사몰,77040.0,,1
2026-04-01,2026-04,국내자사몰,123633.0,,1
2026-04-01,2026-04,국내자사몰,41500.0,,1
2026-04-01,2026-04,국내자사몰,246240.0,,2
2026-04-01,2026-04,국내자사몰,550800.0,,5
2026-04-01,2026-04,국내자사몰,330480.0,,3
2026-04-01,2026-04,국내자사몰,89600.0,,1
2026-04-01,2026-04,국내자사몰,110160.0,,1
2026-04-01,2026-04,국내자사몰,85000.0,,1
2026-04-01,2026-04,국내자사몰,129600.0,,1
2026-04-01,2026-04,국내자사몰,113160.0,,1
2026-04-01,2026-04,국내자사몰,129600.0,,1
2026-04-01,2026-04,국내자사몰,67500.0,,1
2026-04-01,2026-04,국내자사몰,129600.0,,1
2026-04-01,2026-04,국내자사몰,125712.0,,1
2026-04-01,2026-04,국내자사몰,145088.0,,2
2026-04-01,2026-04,국내자사몰,39867.0,,1
2026-04-01,2026-04,국내자사몰,129600.0,,1
2026-04-01,2026-04,국내자사몰,39575.0,,1
2026-04-01,2026-04,해외자사몰,367212.5,253.25,2
2026-04-01,2026-04,해외자사몰,219820.0,151.6,1
2026-04-01,2026-04,해외자사몰,158340.0,109.2,1
2026-04-01,2026-04,해외자사몰,158340.0,109.2,1
2026-04-01,2026-04,해외자사몰,271512.5,187.25,1
2026-04-01,2026-04,해외자사몰,219820.0,151.6,1
2026-04-01,2026-04,해외자사몰,241570.0,166.6,2
2026-04-01,2026-04,해외자사몰,219820.0,151.6,1
2026-04-01,2026-04,해외자사몰,291160.0,200.8,2
2026-04-01,2026-04,해외자사몰,219820.0,151.6,1
2026-04-01,2026-04,해외자사몰,219820.0,151.6,1
2026-04-01,2026-04,해외자사몰,159703.0,110.14,1
2026-04-01,2026-04,해외자사몰,271512.5,187.25,1
2026-04-01,2026-04,해외자사몰,271512.5,187.25,1
2026-04-01,2026-04,해외자사몰,315520.0,217.6,2
2026-04-01,2026-04,해외자사몰,298990.0,206.2,7
2026-04-02,2026-04,국내자사몰,229976.0,,2
2026-04-02,2026-04,국내자사몰,110160.0,,1
2026-04-02,2026-04,국내자사몰,123120.0,,1
2026-04-02,2026-04,국내자사몰,89600.0,,1
2026-04-02,2026-04,국내자사몰,129600.0,,1
2026-04-02,2026-04,국내자사몰,113336.0,,1
2026-04-02,2026-04,국내자사몰,129600.0,,1
2026-04-02,2026-04,국내자사몰,129600.0,,1
2026-04-02,2026-04,국내자사몰,85120.0,,1
2026-04-02,2026-04,국내자사몰,89600.0,,1
2026-04-02,2026-04,국내자사몰,129600.0,,1
2026-04-02,2026-04,국내자사몰,27500.0,,1
2026-04-02,2026-04,국내자사몰,442656.0,,5
2026-04-02,2026-04,국내자사몰,116640.0,,1
2026-04-02,2026-04,국내자사몰,63968.0,,1
2026-04-02,2026-04,국내자사몰,67500.0,,1
2026-04-02,2026-04,국내자사몰,116640.0,,1
2026-04-02,2026-04,국내자사몰,169575.0,,1
2026-04-02,2026-04,국내자사몰,129600.0,,1
2026-04-02,2026-04,국내자사몰,116640.0,,1
2026-04-02,2026-04,국내자사몰,129600.0,,1
2026-04-02,2026-04,국내자사몰,24000.0,,1
2026-04-02,2026-04,국내자사몰,110160.0,,1
2026-04-02,2026-04,국내자사몰,121824.0,,1
2026-04-02,2026-04,국내자사몰,129600.0,,1
2026-04-02,2026-04,국내자사몰,129600.0,,1
2026-04-02,2026-04,해외자사몰,158340.0,109.2,1
2026-04-02,2026-04,해외자사몰,271512.5,187.25,1
2026-04-02,2026-04,해외자사몰,158340.0,109.2,1
2026-04-02,2026-04,해외자사몰,158340.0,109.2,1
2026-04-02,2026-04,해외자사몰,271512.5,187.25,1
2026-04-02,2026-04,해외자사몰,219820.0,151.6,1
2026-04-02,2026-04,해외자사몰,219820.0,151.6,1
2026-04-02,2026-04,해외자사몰,219820.0,151.6,1
2026-04-02,2026-04,해외자사몰,219820.0,151.6,1
2026-04-02,2026-04,해외자사몰,158340.0,109.2,1
2026-04-02,2026-04,해외자사몰,219820.0,151.6,1
2026-04-02,2026-04,해외자사몰,219820.0,151.6,1
2026-04-02,2026-04,해외자사몰,291160.0,200.8,2
2026-04-02,2026-04,해외자사몰,219820.0,151.6,1
2026-04-02,2026-04,해외자사몰,219820.0,151.6,1
2026-04-02,2026-04,해외자사몰,219820.0,151.6,1
2026-04-02,2026-04,해외자사몰,219820.0,151.6,1
2026-04-03,2026-04,국내자사몰,45000.0,,2
2026-04-03,2026-04,국내자사몰,62050.0,,1
2026-04-03,2026-04,국내자사몰,24000.0,,1
2026-04-03,2026-04,국내자사몰,113400.0,,1
2026-04-03,2026-04,국내자사몰,84040.0,,2
2026-04-03,2026-04,국내자사몰,73095.0,,1
2026-04-03,2026-04,국내자사몰,233280.0,,2
2026-04-03,2026-04,국내자사몰,75715.0,,1
2026-04-03,2026-04,국내자사몰,129600.0,,1
2026-04-03,2026-04,국내자사몰,255600.0,,2
2026-04-03,2026-04,국내자사몰,119700.0,,1
2026-04-03,2026-04,국내자사몰,113400.0,,1
2026-04-03,2026-04,국내자사몰,79700.0,,1
2026-04-03,2026-04,국내자사몰,119232.0,,1
2026-04-03,2026-04,국내자사몰,114000.0,,2
2026-04-03,2026-04,국내자사몰,129600.0,,1
2026-04-03,2026-04,국내자사몰,113400.0,,1
2026-04-03,2026-04,국내자사몰,134663.0,,2
2026-04-03,2026-04,국내자사몰,125435.0,,1
2026-04-03,2026-04,국내자사몰,129600.0,,1
2026-04-03,2026-04,국내자사몰,169575.0,,1
2026-04-03,2026-04,국내자사몰,67500.0,,1
2026-04-03,2026-04,국내자사몰,129600.0,,1
2026-04-03,2026-04,국내자사몰,110160.0,,1
2026-04-03,2026-04,국내자사몰,129600.0,,1
2026-04-03,2026-04,국내자사몰,314480.0,,3
2026-04-03,2026-04,국내자사몰,129600.0,,1
2026-04-03,2026-04,국내자사몰,66000.0,,1
2026-04-03,2026-04,국내자사몰,61350.0,,2
2026-04-03,2026-04,국내자사몰,129600.0,,1
2026-04-03,2026-04,국내자사몰,105660.0,,1
2026-04-03,2026-04,해외자사몰,219820.0,151.6,1
2026-04-03,2026-04,해외자사몰,272353.5,187.83,2
2026-04-03,2026-04,해외자사몰,146856.0,101.28,1
2026-04-03,2026-04,해외자사몰,219820.0,151.6,1
2026-04-03,2026-04,해외자사몰,219820.0,151.6,1
2026-04-03,2026-04,해외자사몰,158340.0,109.2,1
2026-04-03,2026-04,해외자사몰,364095.0,251.1,2
2026-04-03,2026-04,해외자사몰,219820.0,151.6,1
2026-04-03,2026-04,해외자사몰,271512.5,187.25,1
2026-04-03,2026-04,해외자사몰,302180.0,208.4,3
2026-04-03,2026-04,해외자사몰,291160.0,200.8,2
2026-04-03,2026-04,해외자사몰,342852.5,236.45,2
2026-04-03,2026-04,해외자사몰,219820.0,151.6,1
2026-04-03,2026-04,해외자사몰,158340.0,109.2,1
2026-04-03,2026-04,해외자사몰,271512.5,187.25,1
2026-04-04,2026-04,국내자사몰,129600.0,,1
2026-04-04,2026-04,국내자사몰,129600.0,,1
2026-04-04,2026-04,국내자사몰,79700.0,,1
2026-04-04,2026-04,국내자사몰,79700.0,,1
2026-04-04,2026-04,국내자사몰,68426.0,,1
2026-04-04,2026-04,국내자사몰,71730.0,,1
2026-04-04,2026-04,국내자사몰,91650.0,,2
2026-04-04,2026-04,국내자사몰,79700.0,,1
2026-04-04,2026-04,국내자사몰,107730.0,,1
2026-04-04,2026-04,국내자사몰,102060.0,,1
2026-04-04,2026-04,국내자사몰,46740.0,,1
2026-04-04,2026-04,국내자사몰,74730.0,,1
2026-04-04,2026-04,국내자사몰,123120.0,,1
2026-04-04,2026-04,국내자사몰,129600.0,,1
2026-04-04,2026-04,국내자사몰,112104.0,,1
2026-04-04,2026-04,국내자사몰,58384.0,,1
2026-04-04,2026-04,국내자사몰,61534.0,,1
2026-04-04,2026-04,국내자사몰,151121.0,,2
2026-04-04,2026-04,국내자사몰,188986.0,,4
2026-04-04,2026-04,국내자사몰,38625.0,,1
2026-04-04,2026-04,국내자사몰,116640.0,,1
2026-04-04,2026-04,국내자사몰,171500.0,,1
2026-04-04,2026-04,국내자사몰,47600.0,,1
2026-04-04,2026-04,국내자사몰,30300.0,,1
2026-04-04,2026-04,국내자사몰,126000.0,,1
2026-04-04,2026-04,국내자사몰,259200.0,,2
2026-04-04,2026-04,국내자사몰,113400.0,,1
2026-04-04,2026-04,국내자사몰,86832.0,,1
2026-04-04,2026-04,국내자사몰,79700.0,,1
2026-04-04,2026-04,국내자사몰,455550.0,,5
2026-04-04,2026-04,국내자사몰,88850.0,,2
2026-04-04,2026-04,국내자사몰,91050.0,,2
2026-04-04,2026-04,해외자사몰,219820.0,151.6,1
2026-04-04,2026-04,해외자사몰,219820.0,151.6,1
2026-04-04,2026-04,해외자사몰,298700.0,206.0,2
2026-04-04,2026-04,해외자사몰,231275.0,159.5,1
2026-04-04,2026-04,해외자사몰,219820.0,151.6,1
2026-04-04,2026-04,해외자사몰,219820.0,151.6,1
2026-04-04,2026-04,해외자사몰,202188.0,139.44,1
2026-04-04,2026-04,해외자사몰,291160.0,200.8,2
2026-04-04,2026-04,해외자사몰,219820.0,151.6,1
2026-04-04,2026-04,해외자사몰,405333.00000000006,279.54,4
2026-04-04,2026-04,해외자사몰,219820.0,151.6,1
2026-04-04,2026-04,해외자사몰,202188.0,139.44,1
2026-04-04,2026-04,해외자사몰,219820.0,151.6,1
2026-04-04,2026-04,해외자사몰,291160.0,200.8,2
2026-04-04,2026-04,해외자사몰,219820.0,151.6,1
2026-04-04,2026-04,해외자사몰,158340.0,109.2,1
2026-04-04,2026-04,해외자사몰,303920.0,209.6,2
2026-04-04,2026-04,해외자사몰,158340.0,109.2,1
2026-04-04,2026-04,해외자사몰,361485.0,249.3,3
2026-04-04,2026-04,해외자사몰,219820.0,151.6,1
2026-04-04,2026-04,해외자사몰,231275.0,159.5,1
2026-04-04,2026-04,해외자사몰,219820.0,151.6,1
2026-04-04,2026-04,해외자사몰,219820.0,151.6,1
2026-04-04,2026-04,해외자사몰,219820.0,151.6,1
2026-04-04,2026-04,해외자사몰,202188.0,139.44,1
2026-04-05,2026-04,국내자사몰,113400.0,,1
2026-04-05,2026-04,국내자사몰,79700.0,,1
2026-04-05,2026-04,국내자사몰,129600.0,,1
2026-04-05,2026-04,국내자사몰,85000.0,,1
2026-04-05,2026-04,국내자사몰,97103.0,,1
2026-04-05,2026-04,국내자사몰,76201.0,,1
2026-04-05,2026-04,국내자사몰,256068.0,,3
2026-04-05,2026-04,국내자사몰,71730.0,,1
2026-04-05,2026-04,국내자사몰,123042.0,,1
2026-04-05,2026-04,국내자사몰,129600.0,,1
2026-04-05,2026-04,국내자사몰,52400.0,,1
2026-04-05,2026-04,국내자사몰,113400.0,,1
2026-04-05,2026-04,국내자사몰,74900.0,,2
2026-04-05,2026-04,국내자사몰,129600.0,,1
2026-04-05,2026-04,국내자사몰,243000.0,,2
2026-04-05,2026-04,국내자사몰,89000.0,,1
2026-04-05,2026-04,국내자사몰,113400.0,,1
2026-04-05,2026-04,국내자사몰,79700.0,,1
2026-04-05,2026-04,국내자사몰,79700.0,,1
2026-04-05,2026-04,국내자사몰,131000.0,,2
2026-04-05,2026-04,국내자사몰,107850.0,,1
2026-04-05,2026-04,국내자사몰,133596.0,,2
2026-04-05,2026-04,국내자사몰,113400.0,,1
2026-04-05,2026-04,국내자사몰,197550.0,,2
2026-04-05,2026-04,국내자사몰,107730.0,,1
2026-04-05,2026-04,국내자사몰,79700.0,,1
2026-04-05,2026-04,국내자사몰,80100.0,,1
2026-04-05,2026-04,국내자사몰,71730.0,,1
2026-04-05,2026-04,국내자사몰,129600.0,,1
2026-04-05,2026-04,국내자사몰,79700.0,,1
2026-04-05,2026-04,국내자사몰,129600.0,,1
2026-04-05,2026-04,국내자사몰,263644.0,,3
2026-04-05,2026-04,국내자사몰,79300.0,,1
2026-04-05,2026-04,국내자사몰,66000.0,,1
2026-04-05,2026-04,국내자사몰,113400.0,,1
2026-04-05,2026-04,국내자사몰,170550.0,,2
2026-04-05,2026-04,국내자사몰,89550.0,,1
2026-04-05,2026-04,해외자사몰,219820.0,151.6,1
2026-04-05,2026-04,해외자사몰,291160.0,200.8,2
2026-04-05,2026-04,해외자사몰,219820.0,151.6,1
2026-04-05,2026-04,해외자사몰,204508.0,141.04,1
2026-04-05,2026-04,해외자사몰,89900.0,62.0,2
2026-04-05,2026-04,해외자사몰,219820.0,151.6,1
2026-04-05,2026-04,해외자사몰,219820.0,151.6,1
2026-04-05,2026-04,해외자사몰,219820.0,151.6,1
2026-04-05,2026-04,해외자사몰,171100.0,118.0,1
2026-04-05,2026-04,해외자사몰,158340.0,109.2,1
2026-04-05,2026-04,해외자사몰,219820.0,151.6,1
2026-04-05,2026-04,해외자사몰,219820.0,151.6,1
2026-04-05,2026-04,해외자사몰,219820.0,151.6,1
2026-04-05,2026-04,해외자사몰,158340.0,109.2,1
2026-04-05,2026-04,해외자사몰,202188.0,139.44,1
2026-04-05,2026-04,해외자사몰,262044.0,180.72,2
2026-04-05,2026-04,해외자사몰,219820.0,151.6,1
2026-04-05,2026-04,해외자사몰,202188.0,139.44,1
2026-04-06,2026-04,국내자사몰,79700.0,,1
2026-04-06,2026-04,국내자사몰,114600.0,,1
2026-04-06,2026-04,국내자사몰,129600.0,,1
2026-04-06,2026-04,국내자사몰,79700.0,,1
2026-04-06,2026-04,국내자사몰,126113.0,,2
2026-04-06,2026-04,국내자사몰,61681.0,,1
2026-04-06,2026-04,국내자사몰,79700.0,,1
2026-04-06,2026-04,국내자사몰,76220.0,,1
2026-04-06,2026-04,국내자사몰,113400.0,,1
2026-04-06,2026-04,국내자사몰,66000.0,,1
2026-04-06,2026-04,국내자사몰,129600.0,,1
2026-04-06,2026-04,국내자사몰,129600.0,,1
2026-04-06,2026-04,국내자사몰,41250.0,,1
2026-04-06,2026-04,국내자사몰,274295.0,,3
2026-04-06,2026-04,국내자사몰,79700.0,,1
2026-04-06,2026-04,국내자사몰,227145.0,,3
2026-04-06,2026-04,국내자사몰,79700.0,,1
2026-04-06,2026-04,국내자사몰,108870.0,,1
2026-04-06,2026-04,국내자사몰,129600.0,,1
2026-04-06,2026-04,국내자사몰,123120.0,,1
2026-04-06,2026-04,국내자사몰,107730.0,,1
2026-04-06,2026-04,국내자사몰,79700.0,,1
2026-04-06,2026-04,국내자사몰,89000.0,,1
2026-04-06,2026-04,국내자사몰,119700.0,,1
2026-04-06,2026-04,국내자사몰,113400.0,,1
2026-04-06,2026-04,국내자사몰,109575.0,,1
2026-04-06,2026-04,국내자사몰,129600.0,,1
2026-04-06,2026-04,국내자사몰,75715.0,,1
2026-04-06,2026-04,국내자사몰,51257.0,,1
2026-04-06,2026-04,국내자사몰,77012.0,,1
2026-04-06,2026-04,국내자사몰,46740.0,,1
2026-04-06,2026-04,국내자사몰,122269.0,,1
2026-04-06,2026-04,국내자사몰,411486.0,,5
2026-04-06,2026-04,국내자사몰,79700.0,,1
2026-04-06,2026-04,국내자사몰,341440.0,,5
2026-04-06,2026-04,국내자사몰,52400.0,,1
2026-04-06,2026-04,국내자사몰,102060.0,,1
2026-04-06,2026-04,국내자사몰,111725.0,,1
2026-04-06,2026-04,해외자사몰,158340.0,109.2,1
2026-04-06,2026-04,해외자사몰,158340.0,109.2,1
2026-04-06,2026-04,해외자사몰,219820.0,151.6,1
2026-04-06,2026-04,해외자사몰,146856.0,101.28,1
2026-04-06,2026-04,해외자사몰,219820.0,151.6,1
2026-04-06,2026-04,해외자사몰,219820.0,151.6,1
2026-04-06,2026-04,해외자사몰,219820.0,151.6,1
2026-04-06,2026-04,해외자사몰,336400.0,232.0,3
2026-04-06,2026-04,해외자사몰,273180.0,188.4,2
2026-04-06,2026-04,해외자사몰,202188.0,139.44,1
2026-04-06,2026-04,해외자사몰,219820.0,151.6,1
2026-04-06,2026-04,해외자사몰,158340.0,109.2,1
2026-04-06,2026-04,해외자사몰,219820.0,151.6,1
2026-04-06,2026-04,해외자사몰,219820.0,151.6,1
2026-04-06,2026-04,해외자사몰,219820.0,151.6,1
2026-04-06,2026-04,해외자사몰,261000.0,180.0,2
2026-04-06,2026-04,해외자사몰,202188.0,139.44,1
2026-04-07,2026-04,국내자사몰,110160.0,,1
2026-04-07,2026-04,국내자사몰,126945.0,,3
2026-04-07,2026-04,국내자사몰,50703.0,,1
2026-04-07,2026-04,국내자사몰,72836.0,,1
2026-04-07,2026-04,국내자사몰,73900.0,,2
2026-04-07,2026-04,국내자사몰,214050.0,,3
2026-04-07,2026-04,국내자사몰,129600.0,,1
2026-04-07,2026-04,국내자사몰,141840.0,,2
2026-04-07,2026-04,국내자사몰,82555.0,,2
2026-04-07,2026-04,국내자사몰,79700.0,,1
2026-04-07,2026-04,국내자사몰,113400.0,,1
2026-04-07,2026-04,국내자사몰,102060.0,,1
2026-04-07,2026-04,국내자사몰,79700.0,,1
2026-04-07,2026-04,국내자사몰,176040.0,,2
2026-04-07,2026-04,국내자사몰,55300.0,,2
2026-04-07,2026-04,국내자사몰,119700.0,,1
2026-04-07,2026-04,국내자사몰,129600.0,,1
2026-04-07,2026-04,국내자사몰,129600.0,,1
2026-04-07,2026-04,국내자사몰,123120.0,,1
2026-04-07,2026-04,국내자사몰,121660.0,,1
2026-04-07,2026-04,국내자사몰,113400.0,,1
2026-04-07,2026-04,국내자사몰,113400.0,,1
2026-04-07,2026-04,국내자사몰,71730.0,,1
2026-04-07,2026-04,국내자사몰,76201.0,,1
2026-04-07,2026-04,국내자사몰,74255.0,,1
2026-04-07,2026-04,국내자사몰,75715.0,,1
2026-04-07,2026-04,국내자사몰,62650.0,,2
2026-04-07,2026-04,국내자사몰,32925.0,,1
2026-04-07,2026-04,국내자사몰,71730.0,,1
2026-04-07,2026-04,국내자사몰,129600.0,,1
2026-04-07,2026-04,국내자사몰,122696.0,,1
2026-04-07,2026-04,국내자사몰,129600.0,,1
2026-04-07,2026-04,국내자사몰,79700.0,,1
2026-04-07,2026-04,국내자사몰,162806.0,,3
2026-04-07,2026-04,국내자사몰,129600.0,,1
2026-04-07,2026-04,국내자사몰,107730.0,,1
2026-04-07,2026-04,국내자사몰,215460.0,,2
2026-04-07,2026-04,국내자사몰,116190.0,,2
2026-04-07,2026-04,국내자사몰,193100.0,,2
2026-04-07,2026-04,국내자사몰,110160.0,,1
2026-04-07,2026-04,국내자사몰,71730.0,,1
2026-04-07,2026-04,국내자사몰,79700.0,,1
2026-04-07,2026-04,국내자사몰,110712.0,,1
2026-04-07,2026-04,해외자사몰,219820.0,151.6,1
2026-04-07,2026-04,해외자사몰,219820.0,151.6,1
2026-04-07,2026-04,해외자사몰,262044.0,180.72,2
2026-04-07,2026-04,해외자사몰,327685.5,225.99,2
2026-04-07,2026-04,해외자사몰,158340.0,109.2,1
2026-04-07,2026-04,해외자사몰,219820.0,151.6,1
2026-04-07,2026-04,해외자사몰,323770.5,223.29,4
2026-04-07,2026-04,해외자사몰,158340.0,109.2,1
2026-04-07,2026-04,해외자사몰,333935.0,230.3,3
2026-04-07,2026-04,해외자사몰,317376.0,218.88,2
2026-04-07,2026-04,해외자사몰,231275.0,159.5,1
2026-04-07,2026-04,해외자사몰,219820.0,151.6,1
2026-04-07,2026-04,해외자사몰,219820.0,151.6,1
2026-04-07,2026-04,해외자사몰,158340.0,109.2,1
2026-04-07,2026-04,해외자사몰,219820.0,151.6,1
2026-04-07,2026-04,해외자사몰,219820.0,151.6,1
2026-04-07,2026-04,해외자사몰,202188.0,139.44,1
2026-04-07,2026-04,해외자사몰,273180.0,188.4,2
2026-04-08,2026-04,국내자사몰,129600.0,,1
2026-04-08,2026-04,국내자사몰,110808.0,,1
2026-04-08,2026-04,국내자사몰,64730.0,,1
2026-04-08,2026-04,국내자사몰,63760.0,,1
2026-04-08,2026-04,국내자사몰,75715.0,,1
2026-04-08,2026-04,국내자사몰,113400.0,,1
2026-04-08,2026-04,국내자사몰,129600.0,,1
2026-04-08,2026-04,국내자사몰,126000.0,,1
2026-04-08,2026-04,국내자사몰,71730.0,,1
2026-04-08,2026-04,국내자사몰,1115148.0,,10
2026-04-08,2026-04,국내자사몰,42000.0,,1
2026-04-08,2026-04,국내자사몰,113400.0,,1
2026-04-08,2026-04,국내자사몰,123120.0,,1
2026-04-08,2026-04,국내자사몰,79700.0,,1
2026-04-08,2026-04,국내자사몰,30300.0,,1
2026-04-08,2026-04,국내자사몰,92625.0,,2
2026-04-08,2026-04,국내자사몰,129600.0,,1
2026-04-08,2026-04,국내자사몰,111610.0,,1
2026-04-08,2026-04,국내자사몰,129600.0,,1
2026-04-08,2026-04,국내자사몰,136383.0,,2
2026-04-08,2026-04,국내자사몰,66000.0,,1
2026-04-08,2026-04,국내자사몰,123120.0,,1
2026-04-08,2026-04,국내자사몰,129600.0,,1
2026-04-08,2026-04,국내자사몰,62745.0,,1
2026-04-08,2026-04,국내자사몰,79700.0,,1
2026-04-08,2026-04,국내자사몰,129600.0,,1
2026-04-08,2026-04,국내자사몰,104835.0,,3
2026-04-08,2026-04,국내자사몰,79700.0,,1
2026-04-08,2026-04,국내자사몰,41005.0,,2
2026-04-08,2026-04,국내자사몰,126957.0,,2
2026-04-08,2026-04,국내자사몰,116640.0,,1
2026-04-08,2026-04,국내자사몰,59400.0,,1
2026-04-08,2026-04,국내자사몰,66000.0,,1
2026-04-08,2026-04,국내자사몰,125210.0,,2
2026-04-08,2026-04,국내자사몰,129600.0,,1
2026-04-08,2026-04,국내자사몰,113400.0,,1
2026-04-08,2026-04,국내자사몰,79700.0,,1
2026-04-08,2026-04,국내자사몰,119700.0,,1
2026-04-08,2026-04,국내자사몰,74255.0,,1
2026-04-08,2026-04,국내자사몰,69635.0,,1
2026-04-08,2026-04,국내자사몰,66000.0,,1
2026-04-08,2026-04,국내자사몰,129600.0,,1
2026-04-08,2026-04,국내자사몰,79700.0,,1
2026-04-08,2026-04,국내자사몰,84550.0,,1
2026-04-08,2026-04,국내자사몰,8967.0,,1
2026-04-08,2026-04,국내자사몰,170036.0,,2
2026-04-08,2026-04,국내자사몰,79700.0,,1
2026-04-08,2026-04,국내자사몰,66000.0,,1
2026-04-08,2026-04,국내자사몰,192392.0,,2
2026-04-08,2026-04,국내자사몰,192500.0,,3
2026-04-08,2026-04,해외자사몰,364095.0,251.1,2
2026-04-08,2026-04,해외자사몰,212497.50000000003,146.55,1
2026-04-08,2026-04,해외자사몰,158340.0,109.2,1
2026-04-08,2026-04,해외자사몰,219820.0,151.6,1
2026-04-08,2026-04,해외자사몰,296090.0,204.2,2
2026-04-08,2026-04,해외자사몰,245630.0,169.4,2
2026-04-08,2026-04,해외자사몰,158340.0,109.2,1
2026-04-08,2026-04,해외자사몰,285940.0,197.2,2
2026-04-08,2026-04,해외자사몰,219820.0,151.6,1
2026-04-08,2026-04,해외자사몰,171100.0,118.0,1
2026-04-08,2026-04,해외자사몰,219820.0,151.6,1
2026-04-08,2026-04,해외자사몰,158340.0,109.2,1
2026-04-08,2026-04,해외자사몰,158340.0,109.2,1
2026-04-08,2026-04,해외자사몰,202188.0,139.44,1
2026-04-09,2026-04,국내자사몰,102060.0,,1
2026-04-09,2026-04,국내자사몰,102060.0,,1
2026-04-09,2026-04,국내자사몰,66773.0,,1
2026-04-09,2026-04,국내자사몰,110442.0,,1
2026-04-09,2026-04,국내자사몰,113400.0,,1
2026-04-09,2026-04,국내자사몰,79700.0,,1
2026-04-09,2026-04,국내자사몰,89000.0,,1
2026-04-09,2026-04,국내자사몰,45000.0,,2
2026-04-09,2026-04,국내자사몰,183960.0,,3
2026-04-09,2026-04,국내자사몰,79700.0,,1
2026-04-09,2026-04,국내자사몰,119700.0,,1
2026-04-09,2026-04,국내자사몰,126000.0,,1
2026-04-09,2026-04,국내자사몰,24000.0,,1
2026-04-09,2026-04,국내자사몰,63000.0,,1
2026-04-09,2026-04,국내자사몰,53900.0,,1
2026-04-09,2026-04,국내자사몰,76212.0,,1
2026-04-09,2026-04,국내자사몰,130500.0,,1
2026-04-09,2026-04,국내자사몰,126000.0,,1
2026-04-09,2026-04,국내자사몰,102060.0,,1
2026-04-09,2026-04,국내자사몰,116640.0,,1
2026-04-09,2026-04,국내자사몰,62250.0,,1
2026-04-09,2026-04,국내자사몰,79700.0,,1
2026-04-09,2026-04,국내자사몰,129600.0,,1
2026-04-09,2026-04,국내자사몰,28000.0,,1
2026-04-09,2026-04,국내자사몰,129600.0,,1
2026-04-09,2026-04,국내자사몰,87500.0,,1
2026-04-09,2026-04,국내자사몰,79700.0,,1
2026-04-09,2026-04,국내자사몰,79700.0,,1
2026-04-09,2026-04,국내자사몰,79700.0,,1
2026-04-09,2026-04,국내자사몰,113400.0,,1
2026-04-09,2026-04,국내자사몰,126000.0,,1
2026-04-09,2026-04,국내자사몰,53900.0,,1
2026-04-09,2026-04,국내자사몰,469800.0,,4
2026-04-09,2026-04,국내자사몰,405137.0,,4
2026-04-09,2026-04,국내자사몰,40500.0,,1
2026-04-09,2026-04,해외자사몰,262044.0,180.72,2
2026-04-09,2026-04,해외자사몰,231275.0,159.5,1
2026-04-09,2026-04,해외자사몰,219820.0,151.6,1
2026-04-09,2026-04,해외자사몰,158340.0,109.2,1
2026-04-09,2026-04,해외자사몰,202188.0,139.44,1
2026-04-09,2026-04,해외자사몰,202188.0,139.44,1
2026-04-09,2026-04,해외자사몰,158340.0,109.2,1
2026-04-09,2026-04,해외자사몰,158340.0,109.2,1
2026-04-09,2026-04,해외자사몰,158340.0,109.2,1
2026-04-09,2026-04,해외자사몰,219820.0,151.6,1
2026-04-09,2026-04,해외자사몰,327685.5,225.99,2
2026-04-09,2026-04,해외자사몰,219820.0,151.6,1
2026-04-09,2026-04,해외자사몰,377290.0,260.2,3
2026-04-09,2026-04,해외자사몰,219820.0,151.6,1
2026-04-09,2026-04,해외자사몰,219820.0,151.6,1
2026-04-09,2026-04,해외자사몰,158340.0,109.2,1
2026-04-10,2026-04,국내자사몰,79700.0,,1
2026-04-10,2026-04,국내자사몰,113400.0,,1
2026-04-10,2026-04,국내자사몰,116640.0,,1
2026-04-10,2026-04,국내자사몰,103930.0,,2
2026-04-10,2026-04,국내자사몰,126000.0,,1
2026-04-10,2026-04,국내자사몰,71730.0,,1
2026-04-10,2026-04,국내자사몰,29600.0,,1
2026-04-10,2026-04,국내자사몰,59400.0,,1
2026-04-10,2026-04,국내자사몰,56000.0,,1
2026-04-10,2026-04,국내자사몰,79700.0,,1
2026-04-10,2026-04,국내자사몰,25800.0,,1
2026-04-10,2026-04,국내자사몰,66773.0,,1
2026-04-10,2026-04,국내자사몰,71730.0,,1
2026-04-10,2026-04,국내자사몰,71730.0,,1
2026-04-10,2026-04,국내자사몰,57502.0,,2
2026-04-10,2026-04,국내자사몰,102060.0,,1
2026-04-10,2026-04,국내자사몰,22950.0,,1
2026-04-10,2026-04,국내자사몰,79700.0,,1
2026-04-10,2026-04,국내자사몰,129600.0,,1
2026-04-10,2026-04,국내자사몰,59400.0,,1
2026-04-10,2026-04,국내자사몰,102060.0,,1
2026-04-10,2026-04,국내자사몰,113400.0,,1
2026-04-10,2026-04,국내자사몰,45000.0,,2
2026-04-10,2026-04,국내자사몰,116900.0,,4
2026-04-10,2026-04,국내자사몰,186821.0,,2
2026-04-10,2026-04,국내자사몰,55400.0,,1
2026-04-10,2026-04,국내자사몰,113400.0,,1
2026-04-10,2026-04,국내자사몰,129600.0,,1
2026-04-10,2026-04,국내자사몰,58948.0,,1
2026-04-10,2026-04,국내자사몰,74721.0,,1
2026-04-10,2026-04,국내자사몰,129600.0,,1
2026-04-10,2026-04,국내자사몰,113400.0,,1
2026-04-10,2026-04,국내자사몰,71730.0,,1
2026-04-10,2026-04,국내자사몰,79700.0,,1
2026-04-10,2026-04,국내자사몰,119550.0,,2
2026-04-10,2026-04,국내자사몰,55845.0,,1
2026-04-10,2026-04,국내자사몰,79700.0,,1
2026-04-10,2026-04,해외자사몰,219820.0,151.6,1
2026-04-10,2026-04,해외자사몰,158340.0,109.2,1
2026-04-10,2026-04,해외자사몰,272353.5,187.83,2
2026-04-10,2026-04,해외자사몰,219820.0,151.6,1
2026-04-10,2026-04,해외자사몰,112520.0,77.6,2
2026-04-10,2026-04,해외자사몰,219820.0,151.6,1
2026-04-10,2026-04,해외자사몰,315375.0,217.5,2
2026-04-10,2026-04,해외자사몰,158340.0,109.2,1
2026-04-10,2026-04,해외자사몰,219820.0,151.6,1
2026-04-10,2026-04,해외자사몰,158340.0,109.2,1
2026-04-10,2026-04,해외자사몰,219820.0,151.6,1
2026-04-10,2026-04,해외자사몰,317376.0,218.88,2
2026-04-10,2026-04,해외자사몰,219820.0,151.6,1
2026-04-10,2026-04,해외자사몰,92800.0,64.0,1
2026-04-10,2026-04,해외자사몰,212497.50000000003,146.55,1
2026-04-10,2026-04,해외자사몰,200100.0,138.0,1
2026-04-10,2026-04,해외자사몰,219820.0,151.6,1
2026-04-10,2026-04,해외자사몰,630895.0,435.1,6
2026-04-10,2026-04,해외자사몰,154599.0,106.62,1
2026-04-10,2026-04,해외자사몰,219820.0,151.6,1
2026-04-10,2026-04,해외자사몰,231275.0,159.5,1
2026-04-10,2026-04,해외자사몰,231275.0,159.5,1
2026-04-11,2026-04,국내자사몰,76500.0,,1
2026-04-11,2026-04,국내자사몰,129600.0,,1
2026-04-11,2026-04,국내자사몰,116640.0,,1
2026-04-11,2026-04,국내자사몰,56700.0,,1
2026-04-11,2026-04,국내자사몰,71730.0,,1
2026-04-11,2026-04,국내자사몰,71730.0,,1
2026-04-11,2026-04,국내자사몰,45250.0,,1
2026-04-11,2026-04,국내자사몰,75715.0,,1
2026-04-11,2026-04,국내자사몰,79700.0,,1
2026-04-11,2026-04,국내자사몰,237330.0,,2
2026-04-11,2026-04,국내자사몰,234836.0,,2
2026-04-11,2026-04,국내자사몰,71730.0,,1
2026-04-11,2026-04,국내자사몰,94342.0,,2
2026-04-11,2026-04,국내자사몰,105282.0,,2
2026-04-11,2026-04,국내자사몰,116640.0,,1
2026-04-11,2026-04,국내자사몰,31000.0,,1
2026-04-11,2026-04,국내자사몰,116640.0,,1
2026-04-11,2026-04,국내자사몰,71730.0,,1
2026-04-11,2026-04,국내자사몰,121882.0,,1
2026-04-11,2026-04,국내자사몰,102060.0,,1
2026-04-11,2026-04,국내자사몰,130980.0,,3
2026-04-11,2026-04,국내자사몰,79700.0,,1
2026-04-11,2026-04,국내자사몰,102060.0,,1
2026-04-11,2026-04,국내자사몰,87500.0,,1
2026-04-11,2026-04,국내자사몰,129600.0,,1
2026-04-11,2026-04,국내자사몰,113400.0,,1
2026-04-11,2026-04,국내자사몰,73564.0,,1
2026-04-11,2026-04,국내자사몰,129600.0,,1
2026-04-11,2026-04,국내자사몰,129600.0,,1
2026-04-11,2026-04,국내자사몰,94500.0,,1
2026-04-11,2026-04,국내자사몰,128050.0,,2
2026-04-11,2026-04,국내자사몰,67402.0,,1
2026-04-11,2026-04,국내자사몰,110808.0,,1
2026-04-11,2026-04,국내자사몰,103398.0,,1
2026-04-11,2026-04,국내자사몰,122112.0,,1
2026-04-11,2026-04,국내자사몰,75812.0,,1
2026-04-11,2026-04,국내자사몰,126000.0,,1
2026-04-11,2026-04,국내자사몰,79700.0,,1
2026-04-11,2026-04,국내자사몰,129600.0,,1
2026-04-11,2026-04,국내자사몰,89000.0,,1
2026-04-11,2026-04,국내자사몰,71730.0,,1
2026-04-11,2026-04,국내자사몰,71730.0,,1
2026-04-11,2026-04,해외자사몰,231275.0,159.5,1
2026-04-11,2026-04,해외자사몰,283837.5,195.75,2
2026-04-11,2026-04,해외자사몰,374013.0,257.94,3
2026-04-11,2026-04,해외자사몰,202188.0,139.44,1
2026-04-11,2026-04,해외자사몰,435000.0,300.0,3
2026-04-11,2026-04,해외자사몰,320160.0,220.8,2
2026-04-11,2026-04,해외자사몰,187340.0,129.2,1
2026-04-11,2026-04,해외자사몰,219820.0,151.6,1
2026-04-11,2026-04,해외자사몰,211700.0,146.0,1
2026-04-11,2026-04,해외자사몰,203580.0,140.4,1
2026-04-11,2026-04,해외자사몰,352640.0,243.2,2
2026-04-11,2026-04,해외자사몰,211700.0,146.0,1
2026-04-11,2026-04,해외자사몰,361224.0,249.12,3
2026-04-11,2026-04,해외자사몰,187340.0,129.2,1
2026-04-12,2026-04,국내자사몰,73907.0,,1
2026-04-12,2026-04,국내자사몰,105622.0,,1
2026-04-12,2026-04,국내자사몰,116640.0,,1
2026-04-12,2026-04,국내자사몰,203850.0,,2
2026-04-12,2026-04,국내자사몰,260100.0,,3
2026-04-12,2026-04,국내자사몰,119200.0,,1
2026-04-12,2026-04,국내자사몰,24000.0,,1
2026-04-12,2026-04,국내자사몰,215175.0,,2
2026-04-12,2026-04,국내자사몰,71730.0,,1
2026-04-12,2026-04,국내자사몰,220000.0,,3
2026-04-12,2026-04,국내자사몰,106574.0,,1
2026-04-12,2026-04,국내자사몰,41950.0,,1
2026-04-12,2026-04,국내자사몰,24000.0,,1
2026-04-12,2026-04,국내자사몰,107730.0,,1
2026-04-12,2026-04,국내자사몰,119200.0,,1
2026-04-12,2026-04,국내자사몰,119200.0,,1
2026-04-12,2026-04,국내자사몰,66740.0,,1
2026-04-12,2026-04,국내자사몰,126000.0,,1
2026-04-12,2026-04,국내자사몰,40800.0,,1
2026-04-12,2026-04,국내자사몰,69883.0,,1
2026-04-12,2026-04,국내자사몰,129600.0,,1
2026-04-12,2026-04,국내자사몰,116640.0,,1
2026-04-12,2026-04,국내자사몰,129600.0,,1
2026-04-12,2026-04,국내자사몰,45000.0,,2
2026-04-12,2026-04,국내자사몰,79700.0,,1
2026-04-12,2026-04,국내자사몰,129600.0,,1
2026-04-12,2026-04,국내자사몰,113400.0,,1
2026-04-12,2026-04,국내자사몰,71730.0,,1
2026-04-12,2026-04,국내자사몰,76300.0,,3
2026-04-12,2026-04,국내자사몰,349920.0,,3
2026-04-12,2026-04,국내자사몰,29600.0,,1
2026-04-12,2026-04,국내자사몰,124800.0,,1
2026-04-12,2026-04,국내자사몰,110261.0,,1
2026-04-12,2026-04,국내자사몰,129600.0,,1
2026-04-12,2026-04,국내자사몰,215000.0,,2
2026-04-12,2026-04,국내자사몰,62204.0,,1
2026-04-12,2026-04,국내자사몰,76584.0,,2
2026-04-12,2026-04,국내자사몰,102060.0,,1
2026-04-12,2026-04,국내자사몰,113400.0,,1
2026-04-12,2026-04,국내자사몰,47626.0,,1
2026-04-12,2026-04,국내자사몰,116640.0,,1
2026-04-12,2026-04,국내자사몰,161298.0,,2
2026-04-12,2026-04,해외자사몰,172956.0,119.28,1
2026-04-12,2026-04,해외자사몰,158340.0,109.2,1
2026-04-12,2026-04,해외자사몰,146856.0,101.28,1
2026-04-12,2026-04,해외자사몰,158340.0,109.2,1
2026-04-12,2026-04,해외자사몰,187340.0,129.2,1
2026-04-12,2026-04,해외자사몰,187340.0,129.2,1
2026-04-12,2026-04,해외자사몰,187050.0,129.0,1
2026-04-12,2026-04,해외자사몰,171100.0,118.0,1
2026-04-12,2026-04,해외자사몰,219820.0,151.6,1
2026-04-12,2026-04,해외자사몰,146856.0,101.28,1
2026-04-12,2026-04,해외자사몰,187340.0,129.2,1
2026-04-12,2026-04,해외자사몰,212497.50000000003,146.55,1
2026-04-12,2026-04,해외자사몰,212497.50000000003,146.55,1
2026-04-12,2026-04,해외자사몰,219820.0,151.6,1
2026-04-12,2026-04,해외자사몰,193372.00000000003,133.36,1
2026-04-12,2026-04,해외자사몰,146856.0,101.28,1
2026-04-12,2026-04,해외자사몰,146856.0,101.28,1
2026-04-13,2026-04,국내자사몰,53900.0,,1
2026-04-13,2026-04,국내자사몰,71000.0,,2
2026-04-13,2026-04,국내자사몰,143460.0,,2
2026-04-13,2026-04,국내자사몰,27500.0,,1
2026-04-13,2026-04,국내자사몰,79700.0,,1
2026-04-13,2026-04,국내자사몰,123120.0,,1
2026-04-13,2026-04,국내자사몰,129600.0,,1
2026-04-13,2026-04,국내자사몰,102060.0,,1
2026-04-13,2026-04,국내자사몰,79700.0,,1
2026-04-13,2026-04,국내자사몰,113400.0,,1
2026-04-13,2026-04,국내자사몰,193100.0,,2
2026-04-13,2026-04,국내자사몰,40500.0,,1
2026-04-13,2026-04,국내자사몰,116640.0,,1
2026-04-13,2026-04,국내자사몰,102060.0,,1
2026-04-13,2026-04,국내자사몰,71200.0,,1
2026-04-13,2026-04,국내자사몰,113400.0,,1
2026-04-13,2026-04,국내자사몰,113400.0,,1
2026-04-13,2026-04,국내자사몰,80100.0,,1
2026-04-13,2026-04,국내자사몰,62379.0,,1
2026-04-13,2026-04,국내자사몰,116640.0,,1
2026-04-13,2026-04,국내자사몰,126000.0,,1
2026-04-13,2026-04,국내자사몰,160200.0,,2
2026-04-13,2026-04,국내자사몰,31000.0,,1
2026-04-13,2026-04,국내자사몰,116640.0,,1
2026-04-13,2026-04,국내자사몰,57659.0,,1
2026-04-13,2026-04,국내자사몰,215000.0,,2
2026-04-13,2026-04,국내자사몰,87000.0,,2
2026-04-13,2026-04,국내자사몰,129600.0,,1
2026-04-13,2026-04,국내자사몰,113400.0,,1
2026-04-13,2026-04,국내자사몰,31000.0,,1
2026-04-13,2026-04,국내자사몰,67842.0,,1
2026-04-13,2026-04,국내자사몰,26800.0,,1
2026-04-13,2026-04,국내자사몰,116400.0,,1
2026-04-13,2026-04,국내자사몰,129600.0,,1
2026-04-13,2026-04,국내자사몰,129600.0,,1
2026-04-13,2026-04,국내자사몰,129600.0,,1
2026-04-13,2026-04,국내자사몰,154215.0,,3
2026-04-13,2026-04,국내자사몰,162783.0,,3
2026-04-13,2026-04,국내자사몰,80100.0,,1
2026-04-13,2026-04,국내자사몰,67842.0,,1
2026-04-13,2026-04,국내자사몰,63000.0,,1
2026-04-13,2026-04,국내자사몰,71730.0,,1
2026-04-13,2026-04,국내자사몰,123768.0,,1
2026-04-13,2026-04,해외자사몰,202188.0,139.44,1
2026-04-13,2026-04,해외자사몰,219820.0,151.6,1
2026-04-13,2026-04,해외자사몰,187340.0,129.2,1
2026-04-13,2026-04,해외자사몰,262044.0,180.72,2
2026-04-13,2026-04,해외자사몰,364095.0,251.1,2
2026-04-13,2026-04,해외자사몰,272353.5,187.83,2
2026-04-13,2026-04,해외자사몰,231275.0,159.5,1
2026-04-13,2026-04,해외자사몰,158340.0,109.2,1
2026-04-13,2026-04,해외자사몰,848250.0,585.0,7
2026-04-13,2026-04,해외자사몰,219820.0,151.6,1
2026-04-13,2026-04,해외자사몰,265828.5,183.33,3
2026-04-13,2026-04,해외자사몰,231275.0,159.5,1
2026-04-13,2026-04,해외자사몰,202188.0,139.44,1
2026-04-13,2026-04,해외자사몰,406000.0,280.0,4
2026-04-13,2026-04,해외자사몰,158340.0,109.2,1
2026-04-13,2026-04,해외자사몰,219820.0,151.6,1
2026-04-14,2026-04,국내자사몰,129600.0,,1
2026-04-14,2026-04,국내자사몰,306180.0,,3
2026-04-14,2026-04,국내자사몰,73220.0,,1
2026-04-14,2026-04,국내자사몰,156006.0,,2
2026-04-14,2026-04,국내자사몰,66000.0,,1
2026-04-14,2026-04,국내자사몰,79700.0,,1
2026-04-14,2026-04,국내자사몰,332424.0,,3
2026-04-14,2026-04,국내자사몰,24000.0,,1
2026-04-14,2026-04,국내자사몰,102060.0,,1
2026-04-14,2026-04,국내자사몰,71730.0,,1
2026-04-14,2026-04,국내자사몰,124800.0,,1
2026-04-14,2026-04,국내자사몰,109947.0,,1
2026-04-14,2026-04,국내자사몰,71730.0,,1
2026-04-14,2026-04,국내자사몰,143460.0,,2
2026-04-14,2026-04,국내자사몰,116640.0,,1
2026-04-14,2026-04,국내자사몰,41950.0,,1
2026-04-14,2026-04,국내자사몰,50400.0,,1
2026-04-14,2026-04,국내자사몰,71730.0,,1
2026-04-14,2026-04,국내자사몰,187102.0,,2
2026-04-14,2026-04,국내자사몰,143460.0,,2
2026-04-14,2026-04,국내자사몰,117770.0,,1
2026-04-14,2026-04,국내자사몰,102060.0,,1
2026-04-14,2026-04,국내자사몰,120185.0,,1
2026-04-14,2026-04,국내자사몰,113400.0,,1
2026-04-14,2026-04,국내자사몰,102060.0,,1
2026-04-14,2026-04,국내자사몰,111640.0,,1
2026-04-14,2026-04,국내자사몰,115701.0,,1
2026-04-14,2026-04,국내자사몰,113400.0,,1
2026-04-14,2026-04,국내자사몰,114368.0,,1
2026-04-14,2026-04,국내자사몰,113400.0,,1
2026-04-14,2026-04,국내자사몰,119200.0,,1
2026-04-14,2026-04,국내자사몰,76000.0,,1
2026-04-14,2026-04,국내자사몰,59518.0,,2
2026-04-14,2026-04,국내자사몰,119200.0,,1
2026-04-14,2026-04,국내자사몰,48500.0,,2
2026-04-14,2026-04,국내자사몰,31000.0,,1
2026-04-14,2026-04,국내자사몰,113240.0,,1
2026-04-14,2026-04,국내자사몰,100000.0,,2
2026-04-14,2026-04,국내자사몰,71730.0,,1
2026-04-14,2026-04,국내자사몰,111640.0,,1
2026-04-14,2026-04,국내자사몰,71730.0,,1
2026-04-14,2026-04,국내자사몰,309000.0,,5
2026-04-14,2026-04,국내자사몰,116640.0,,1
2026-04-14,2026-04,국내자사몰,31000.0,,1
2026-04-14,2026-04,국내자사몰,45250.0,,1
2026-04-14,2026-04,국내자사몰,56260.0,,1
2026-04-14,2026-04,국내자사몰,44553.0,,1
2026-04-14,2026-04,국내자사몰,171500.0,,1
2026-04-14,2026-04,국내자사몰,119200.0,,1
2026-04-14,2026-04,해외자사몰,202188.0,139.44,1
2026-04-14,2026-04,해외자사몰,376884.0,259.92,3
2026-04-14,2026-04,해외자사몰,219820.0,151.6,1
2026-04-14,2026-04,해외자사몰,219820.0,151.6,1
2026-04-14,2026-04,해외자사몰,202188.0,139.44,1
2026-04-14,2026-04,해외자사몰,320160.0,220.8,2
2026-04-14,2026-04,해외자사몰,291160.0,200.8,2
2026-04-14,2026-04,해외자사몰,203580.0,140.4,1
2026-04-14,2026-04,해외자사몰,231275.0,159.5,1
2026-04-14,2026-04,해외자사몰,219820.0,151.6,1
2026-04-14,2026-04,해외자사몰,202188.0,139.44,1
2026-04-14,2026-04,해외자사몰,219820.0,151.6,1
2026-04-14,2026-04,해외자사몰,231275.0,159.5,1
2026-04-14,2026-04,해외자사몰,203580.0,140.4,1
2026-04-14,2026-04,해외자사몰,219820.0,151.6,1
2026-04-14,2026-04,해외자사몰,187340.0,129.2,1
2026-04-15,2026-04,국내자사몰,345621.0,,5
2026-04-15,2026-04,국내자사몰,129600.0,,1
2026-04-15,2026-04,국내자사몰,79700.0,,1
2026-04-15,2026-04,국내자사몰,40800.0,,1
2026-04-15,2026-04,국내자사몰,116640.0,,1
2026-04-15,2026-04,국내자사몰,113400.0,,1
2026-04-15,2026-04,국내자사몰,79700.0,,1
2026-04-15,2026-04,국내자사몰,79700.0,,1
2026-04-15,2026-04,국내자사몰,116640.0,,1
2026-04-15,2026-04,국내자사몰,79700.0,,1
2026-04-15,2026-04,국내자사몰,113240.0,,1
2026-04-15,2026-04,국내자사몰,123120.0,,1
2026-04-15,2026-04,국내자사몰,37300.0,,1
2026-04-15,2026-04,국내자사몰,58270.0,,1
2026-04-15,2026-04,국내자사몰,27000.0,,1
2026-04-15,2026-04,국내자사몰,79700.0,,1
2026-04-15,2026-04,국내자사몰,79700.0,,1
2026-04-15,2026-04,국내자사몰,183000.0,,3
2026-04-15,2026-04,국내자사몰,79700.0,,1
2026-04-15,2026-04,국내자사몰,124800.0,,1
2026-04-15,2026-04,국내자사몰,318324.0,,3
2026-04-15,2026-04,국내자사몰,44000.0,,1
2026-04-15,2026-04,국내자사몰,68037.0,,1
2026-04-15,2026-04,국내자사몰,119200.0,,1
2026-04-15,2026-04,국내자사몰,24000.0,,1
2026-04-15,2026-04,국내자사몰,123120.0,,1
2026-04-15,2026-04,국내자사몰,71730.0,,1
2026-04-15,2026-04,국내자사몰,79700.0,,1
2026-04-15,2026-04,국내자사몰,113400.0,,1
2026-04-15,2026-04,국내자사몰,59400.0,,1
2026-04-15,2026-04,국내자사몰,71730.0,,1
2026-04-15,2026-04,국내자사몰,24000.0,,1
2026-04-15,2026-04,국내자사몰,37300.0,,1
2026-04-15,2026-04,국내자사몰,119309.0,,3
2026-04-15,2026-04,국내자사몰,52400.0,,1
2026-04-15,2026-04,국내자사몰,41250.0,,1
2026-04-15,2026-04,국내자사몰,113400.0,,1
2026-04-15,2026-04,국내자사몰,51205.0,,1
2026-04-15,2026-04,국내자사몰,116640.0,,1
2026-04-15,2026-04,국내자사몰,173790.0,,2
2026-04-15,2026-04,국내자사몰,183500.0,,2
2026-04-15,2026-04,국내자사몰,476930.0,,7
2026-04-15,2026-04,국내자사몰,75650.0,,1
2026-04-15,2026-04,국내자사몰,50000.0,,1
2026-04-15,2026-04,국내자사몰,130550.0,,2
2026-04-15,2026-04,국내자사몰,71730.0,,1
2026-04-15,2026-04,국내자사몰,127300.0,,1
2026-04-15,2026-04,국내자사몰,79700.0,,1
2026-04-15,2026-04,국내자사몰,37300.0,,1
2026-04-15,2026-04,국내자사몰,76396.0,,1
2026-04-15,2026-04,국내자사몰,129600.0,,1
2026-04-15,2026-04,국내자사몰,116640.0,,1
2026-04-15,2026-04,해외자사몰,202188.0,139.44,1
2026-04-15,2026-04,해외자사몰,462695.00000000006,319.1,3
2026-04-15,2026-04,해외자사몰,146856.0,101.28,1
2026-04-15,2026-04,해외자사몰,211700.0,146.0,1
2026-04-15,2026-04,해외자사몰,202188.0,139.44,1
2026-04-15,2026-04,해외자사몰,146856.0,101.28,1
2026-04-15,2026-04,해외자사몰,146856.0,101.28,1
2026-04-15,2026-04,해외자사몰,158340.0,109.2,1
2026-04-15,2026-04,해외자사몰,303920.0,209.6,2
2026-04-15,2026-04,해외자사몰,231275.0,159.5,1
2026-04-15,2026-04,해외자사몰,219820.0,151.6,1
2026-04-15,2026-04,해외자사몰,219820.0,151.6,1
2026-04-15,2026-04,해외자사몰,146856.0,101.28,1
2026-04-15,2026-04,해외자사몰,219820.0,151.6,1
2026-04-15,2026-04,해외자사몰,158340.0,109.2,1
2026-04-15,2026-04,해외자사몰,203580.0,140.4,1
2026-04-15,2026-04,해외자사몰,211700.0,146.0,1
2026-04-15,2026-04,해외자사몰,203580.0,140.4,1
2026-04-15,2026-04,해외자사몰,187340.0,129.2,1
2026-04-15,2026-04,해외자사몰,202188.0,139.44,1
2026-04-15,2026-04,해외자사몰,266220.0,183.6,3
2026-04-15,2026-04,해외자사몰,219820.0,151.6,1
2026-04-15,2026-04,해외자사몰,219820.0,151.6,1
2026-04-15,2026-04,해외자사몰,187572.00000000003,129.36,1
2026-04-15,2026-04,해외자사몰,202188.0,139.44,1
2026-04-15,2026-04,해외자사몰,384786.5,265.37,4
2026-04-15,2026-04,해외자사몰,231275.0,159.5,1
2026-04-16,2026-04,국내자사몰,101400.0,,3
2026-04-16,2026-04,국내자사몰,238400.0,,2
2026-04-16,2026-04,국내자사몰,99641.0,,2
2026-04-16,2026-04,국내자사몰,148043.0,,2
2026-04-16,2026-04,국내자사몰,80100.0,,1
2026-04-16,2026-04,국내자사몰,263880.0,,3
2026-04-16,2026-04,국내자사몰,125712.0,,1
2026-04-16,2026-04,국내자사몰,57771.0,,1
2026-04-16,2026-04,국내자사몰,317115.0,,3
2026-04-16,2026-04,국내자사몰,66000.0,,1
2026-04-16,2026-04,국내자사몰,113400.0,,1
2026-04-16,2026-04,국내자사몰,59400.0,,1
2026-04-16,2026-04,국내자사몰,67745.0,,1
2026-04-16,2026-04,국내자사몰,79700.0,,1
2026-04-16,2026-04,국내자사몰,79700.0,,1
2026-04-16,2026-04,국내자사몰,61071.0,,1
2026-04-16,2026-04,국내자사몰,116640.0,,1
2026-04-16,2026-04,국내자사몰,24000.0,,1
2026-04-16,2026-04,국내자사몰,71730.0,,1
2026-04-16,2026-04,국내자사몰,129600.0,,1
2026-04-16,2026-04,국내자사몰,119200.0,,1
2026-04-16,2026-04,국내자사몰,113400.0,,1
2026-04-16,2026-04,국내자사몰,24000.0,,1
2026-04-16,2026-04,국내자사몰,129600.0,,1
2026-04-16,2026-04,국내자사몰,205700.0,,2
2026-04-16,2026-04,국내자사몰,102461.0,,1
2026-04-16,2026-04,국내자사몰,46740.0,,1
2026-04-16,2026-04,국내자사몰,129600.0,,1
2026-04-16,2026-04,국내자사몰,115118.0,,2
2026-04-16,2026-04,국내자사몰,79700.0,,1
2026-04-16,2026-04,국내자사몰,66000.0,,1
2026-04-16,2026-04,국내자사몰,129600.0,,1
2026-04-16,2026-04,국내자사몰,124800.0,,1
2026-04-16,2026-04,국내자사몰,79700.0,,1
2026-04-16,2026-04,국내자사몰,129600.0,,1
2026-04-16,2026-04,국내자사몰,106155.0,,1
2026-04-16,2026-04,국내자사몰,113400.0,,1
2026-04-16,2026-04,국내자사몰,79700.0,,1
2026-04-16,2026-04,국내자사몰,71730.0,,1
2026-04-16,2026-04,국내자사몰,59400.0,,1
2026-04-16,2026-04,국내자사몰,62700.0,,1
2026-04-16,2026-04,국내자사몰,71730.0,,1
2026-04-16,2026-04,국내자사몰,40500.0,,1
2026-04-16,2026-04,해외자사몰,211700.0,146.0,1
2026-04-16,2026-04,해외자사몰,158340.0,109.2,1
2026-04-16,2026-04,해외자사몰,219820.0,151.6,1
2026-04-16,2026-04,해외자사몰,219820.0,151.6,1
2026-04-16,2026-04,해외자사몰,219820.0,151.6,1
2026-04-16,2026-04,해외자사몰,219820.0,151.6,1
2026-04-16,2026-04,해외자사몰,219820.0,151.6,1
2026-04-16,2026-04,해외자사몰,158340.0,109.2,1
2026-04-16,2026-04,해외자사몰,158340.0,109.2,1
2026-04-16,2026-04,해외자사몰,355975.0,245.5,2
2026-04-16,2026-04,해외자사몰,219820.0,151.6,1
2026-04-16,2026-04,해외자사몰,187340.0,129.2,1
2026-04-16,2026-04,해외자사몰,158340.0,109.2,1
2026-04-16,2026-04,해외자사몰,219820.0,151.6,1
2026-04-16,2026-04,해외자사몰,219820.0,151.6,1
2026-04-16,2026-04,해외자사몰,219820.0,151.6,1
2026-04-16,2026-04,해외자사몰,292175.0,201.5,2
2026-04-16,2026-04,해외자사몰,203580.0,140.4,1
2026-04-16,2026-04,해외자사몰,203580.0,140.4,1
2026-04-16,2026-04,해외자사몰,187340.0,129.2,1
2026-04-17,2026-04,국내자사몰,119200.0,,1
2026-04-17,2026-04,국내자사몰,107265.0,,1
2026-04-17,2026-04,국내자사몰,186250.0,,4
2026-04-17,2026-04,국내자사몰,116640.0,,1
2026-04-17,2026-04,국내자사몰,116640.0,,1
2026-04-17,2026-04,국내자사몰,59400.0,,1
2026-04-17,2026-04,국내자사몰,113400.0,,1
2026-04-17,2026-04,국내자사몰,98460.0,,2
2026-04-17,2026-04,국내자사몰,102060.0,,1
2026-04-17,2026-04,국내자사몰,113400.0,,1
2026-04-17,2026-04,국내자사몰,56000.0,,1
2026-04-17,2026-04,국내자사몰,79700.0,,1
2026-04-17,2026-04,국내자사몰,92830.0,,1
2026-04-17,2026-04,국내자사몰,119200.0,,1
2026-04-17,2026-04,국내자사몰,79700.0,,1
2026-04-17,2026-04,국내자사몰,118560.0,,1
2026-04-17,2026-04,국내자사몰,52400.0,,1
2026-04-17,2026-04,국내자사몰,79700.0,,1
2026-04-17,2026-04,국내자사몰,234000.0,,3
2026-04-17,2026-04,국내자사몰,108696.0,,2
2026-04-17,2026-04,국내자사몰,104025.0,,1
2026-04-17,2026-04,국내자사몰,129600.0,,1
2026-04-17,2026-04,국내자사몰,103680.0,,1
2026-04-17,2026-04,국내자사몰,112655.0,,1
2026-04-17,2026-04,국내자사몰,113400.0,,1
2026-04-17,2026-04,국내자사몰,116640.0,,1
2026-04-17,2026-04,국내자사몰,123120.0,,1
2026-04-17,2026-04,국내자사몰,79700.0,,1
2026-04-17,2026-04,국내자사몰,92150.0,,2
2026-04-17,2026-04,국내자사몰,173790.0,,2
2026-04-17,2026-04,국내자사몰,114147.0,,1
2026-04-17,2026-04,국내자사몰,62700.0,,1
2026-04-17,2026-04,국내자사몰,124800.0,,1
2026-04-17,2026-04,해외자사몰,130790.0,90.2,1
2026-04-17,2026-04,해외자사몰,202188.0,139.44,1
2026-04-17,2026-04,해외자사몰,203580.0,140.4,1
2026-04-17,2026-04,해외자사몰,202188.0,139.44,1
2026-04-17,2026-04,해외자사몰,202188.0,139.44,1
2026-04-17,2026-04,해외자사몰,211700.0,146.0,1
2026-04-17,2026-04,해외자사몰,146856.0,101.28,1
2026-04-17,2026-04,해외자사몰,187340.0,129.2,1
2026-04-17,2026-04,해외자사몰,219820.0,151.6,1
2026-04-17,2026-04,해외자사몰,172956.0,119.28,1
2026-04-17,2026-04,해외자사몰,202188.0,139.44,1
2026-04-17,2026-04,해외자사몰,341620.0,235.6,4
2026-04-17,2026-04,해외자사몰,203580.0,140.4,1
2026-04-17,2026-04,해외자사몰,219820.0,151.6,1
2026-04-17,2026-04,해외자사몰,283112.5,195.25,2
2026-04-17,2026-04,해외자사몰,320160.0,220.8,2
2026-04-18,2026-04,국내자사몰,79700.0,,1
2026-04-18,2026-04,국내자사몰,116640.0,,1
2026-04-18,2026-04,국내자사몰,49930.0,,1
2026-04-18,2026-04,국내자사몰,79700.0,,1
2026-04-18,2026-04,국내자사몰,154000.0,,2
2026-04-18,2026-04,국내자사몰,172900.0,,3
2026-04-18,2026-04,국내자사몰,59400.0,,1
2026-04-18,2026-04,국내자사몰,80100.0,,1
2026-04-18,2026-04,국내자사몰,37300.0,,1
2026-04-18,2026-04,국내자사몰,79700.0,,1
2026-04-18,2026-04,국내자사몰,119200.0,,1
2026-04-18,2026-04,국내자사몰,113400.0,,1
2026-04-18,2026-04,국내자사몰,113240.0,,1
2026-04-18,2026-04,국내자사몰,119200.0,,1
2026-04-18,2026-04,국내자사몰,119200.0,,1
2026-04-18,2026-04,국내자사몰,27500.0,,1
2026-04-18,2026-04,국내자사몰,71000.0,,1
2026-04-18,2026-04,국내자사몰,132400.0,,2
2026-04-18,2026-04,국내자사몰,71730.0,,1
2026-04-18,2026-04,국내자사몰,108050.0,,1
2026-04-18,2026-04,국내자사몰,79700.0,,1
2026-04-18,2026-04,국내자사몰,646199.0,,9
2026-04-18,2026-04,국내자사몰,110000.0,,1
2026-04-18,2026-04,국내자사몰,124800.0,,1
2026-04-18,2026-04,국내자사몰,116640.0,,1
2026-04-18,2026-04,국내자사몰,129600.0,,1
2026-04-18,2026-04,국내자사몰,25800.0,,1
2026-04-18,2026-04,국내자사몰,53900.0,,1
2026-04-18,2026-04,국내자사몰,71730.0,,1
2026-04-18,2026-04,국내자사몰,119200.0,,1
2026-04-18,2026-04,국내자사몰,113400.0,,1
2026-04-18,2026-04,국내자사몰,152000.0,,2
2026-04-18,2026-04,국내자사몰,96390.0,,1
2026-04-18,2026-04,국내자사몰,80069.0,,2
2026-04-18,2026-04,국내자사몰,42100.0,,1
2026-04-18,2026-04,국내자사몰,37300.0,,1
2026-04-18,2026-04,국내자사몰,112752.0,,1
2026-04-18,2026-04,국내자사몰,70400.0,,2
2026-04-18,2026-04,국내자사몰,93960.0,,1
2026-04-18,2026-04,국내자사몰,119200.0,,1
2026-04-18,2026-04,국내자사몰,313017.0,,3
2026-04-18,2026-04,국내자사몰,110160.0,,1
2026-04-18,2026-04,국내자사몰,71730.0,,1
2026-04-18,2026-04,국내자사몰,80964.0,,1
2026-04-18,2026-04,국내자사몰,68242.0,,1
2026-04-18,2026-04,국내자사몰,145825.0,,2
2026-04-18,2026-04,국내자사몰,27000.0,,1
2026-04-18,2026-04,국내자사몰,71730.0,,1
2026-04-18,2026-04,국내자사몰,50400.0,,1
2026-04-18,2026-04,해외자사몰,212497.50000000003,146.55,1
2026-04-18,2026-04,해외자사몰,219820.0,151.6,1
2026-04-18,2026-04,해외자사몰,202188.0,139.44,1
2026-04-18,2026-04,해외자사몰,231275.0,159.5,1
2026-04-18,2026-04,해외자사몰,219820.0,151.6,1
2026-04-18,2026-04,해외자사몰,302615.0,208.7,2
2026-04-18,2026-04,해외자사몰,203580.0,140.4,1
2026-04-18,2026-04,해외자사몰,331615.0,228.7,2
2026-04-18,2026-04,해외자사몰,203580.0,140.4,1
2026-04-18,2026-04,해외자사몰,158340.0,109.2,1
2026-04-18,2026-04,해외자사몰,219820.0,151.6,1
2026-04-18,2026-04,해외자사몰,211700.0,146.0,1
2026-04-18,2026-04,해외자사몰,158340.0,109.2,1
2026-04-18,2026-04,해외자사몰,219820.0,151.6,1
2026-04-18,2026-04,해외자사몰,272353.5,187.83,2
2026-04-19,2026-04,국내자사몰,235840.0,,2
2026-04-19,2026-04,국내자사몰,119200.0,,1
2026-04-19,2026-04,국내자사몰,117310.0,,1
2026-04-19,2026-04,국내자사몰,152766.0,,2
2026-04-19,2026-04,국내자사몰,126000.0,,1
2026-04-19,2026-04,국내자사몰,119200.0,,1
2026-04-19,2026-04,국내자사몰,55300.0,,2
2026-04-19,2026-04,국내자사몰,113240.0,,1
2026-04-19,2026-04,국내자사몰,113400.0,,1
2026-04-19,2026-04,국내자사몰,119200.0,,1
2026-04-19,2026-04,국내자사몰,129600.0,,1
2026-04-19,2026-04,국내자사몰,124800.0,,1
2026-04-19,2026-04,국내자사몰,41950.0,,1
2026-04-19,2026-04,국내자사몰,167440.0,,2
2026-04-19,2026-04,국내자사몰,755244.0,,7
2026-04-19,2026-04,국내자사몰,102060.0,,1
2026-04-19,2026-04,국내자사몰,24000.0,,1
2026-04-19,2026-04,국내자사몰,74730.0,,1
2026-04-19,2026-04,국내자사몰,125712.0,,1
2026-04-19,2026-04,국내자사몰,113240.0,,1
2026-04-19,2026-04,국내자사몰,79700.0,,1
2026-04-19,2026-04,국내자사몰,76000.0,,1
2026-04-19,2026-04,국내자사몰,66500.0,,3
2026-04-19,2026-04,국내자사몰,129600.0,,1
2026-04-19,2026-04,국내자사몰,117450.0,,1
2026-04-19,2026-04,국내자사몰,168000.0,,3
2026-04-19,2026-04,국내자사몰,79700.0,,1
2026-04-19,2026-04,국내자사몰,59400.0,,1
2026-04-19,2026-04,국내자사몰,129600.0,,1
2026-04-19,2026-04,국내자사몰,24000.0,,1
2026-04-19,2026-04,국내자사몰,319295.0,,5
2026-04-19,2026-04,국내자사몰,143500.0,,2
2026-04-19,2026-04,국내자사몰,192854.0,,2
2026-04-19,2026-04,국내자사몰,79700.0,,1
2026-04-19,2026-04,국내자사몰,165150.0,,2
2026-04-19,2026-04,국내자사몰,56000.0,,1
2026-04-19,2026-04,국내자사몰,55845.0,,1
2026-04-19,2026-04,국내자사몰,99971.0,,1
2026-04-19,2026-04,국내자사몰,151430.0,,2
2026-04-19,2026-04,국내자사몰,113400.0,,1
2026-04-19,2026-04,해외자사몰,187340.0,129.2,1
2026-04-19,2026-04,해외자사몰,187340.0,129.2,1
2026-04-19,2026-04,해외자사몰,307110.0,211.8,2
2026-04-19,2026-04,해외자사몰,262044.0,180.72,2
2026-04-19,2026-04,해외자사몰,308197.5,212.55,4
2026-04-19,2026-04,해외자사몰,231275.0,159.5,1
2026-04-19,2026-04,해외자사몰,158340.0,109.2,1
2026-04-19,2026-04,해외자사몰,203580.0,140.4,1
2026-04-19,2026-04,해외자사몰,203580.0,140.4,1
2026-04-19,2026-04,해외자사몰,447745.50000000006,308.79,4
2026-04-19,2026-04,해외자사몰,262044.0,180.72,2
2026-04-19,2026-04,해외자사몰,203580.0,140.4,1
2026-04-19,2026-04,해외자사몰,146856.0,101.28,1
2026-04-19,2026-04,해외자사몰,194880.0,134.4,1
2026-04-19,2026-04,해외자사몰,146856.0,101.28,1
2026-04-19,2026-04,해외자사몰,187340.0,129.2,1
2026-04-19,2026-04,해외자사몰,202188.0,139.44,1
2026-04-19,2026-04,해외자사몰,219820.0,151.6,1
2026-04-19,2026-04,해외자사몰,219820.0,151.6,1
2026-04-19,2026-04,해외자사몰,202188.0,139.44,1
2026-04-19,2026-04,해외자사몰,219820.0,151.6,1
2026-04-20,2026-04,국내자사몰,123120.0,,1
2026-04-20,2026-04,국내자사몰,24000.0,,1
2026-04-20,2026-04,국내자사몰,27500.0,,1
2026-04-20,2026-04,국내자사몰,185328.0,,2
2026-04-20,2026-04,국내자사몰,71730.0,,1
2026-04-20,2026-04,국내자사몰,117618.0,,1
2026-04-20,2026-04,국내자사몰,113400.0,,1
2026-04-20,2026-04,국내자사몰,126000.0,,1
2026-04-20,2026-04,국내자사몰,79700.0,,1
2026-04-20,2026-04,국내자사몰,113400.0,,1
2026-04-20,2026-04,국내자사몰,113076.0,,1
2026-04-20,2026-04,국내자사몰,119200.0,,1
2026-04-20,2026-04,국내자사몰,100240.0,,1
2026-04-20,2026-04,국내자사몰,64500.0,,1
2026-04-20,2026-04,국내자사몰,71730.0,,1
2026-04-20,2026-04,국내자사몰,79700.0,,1
2026-04-20,2026-04,국내자사몰,89000.0,,1
2026-04-20,2026-04,국내자사몰,114213.0,,1
2026-04-20,2026-04,국내자사몰,124800.0,,1
2026-04-20,2026-04,국내자사몰,79700.0,,1
2026-04-20,2026-04,국내자사몰,43850.0,,2
2026-04-20,2026-04,국내자사몰,129600.0,,1
2026-04-20,2026-04,국내자사몰,118560.0,,1
2026-04-20,2026-04,국내자사몰,205917.0,,2
2026-04-20,2026-04,국내자사몰,27000.0,,1
2026-04-20,2026-04,국내자사몰,75715.0,,1
2026-04-20,2026-04,국내자사몰,89000.0,,1
2026-04-20,2026-04,국내자사몰,118560.0,,1
2026-04-20,2026-04,국내자사몰,122200.0,,1
2026-04-20,2026-04,국내자사몰,113400.0,,1
2026-04-20,2026-04,국내자사몰,113400.0,,1
2026-04-20,2026-04,국내자사몰,119200.0,,1
2026-04-20,2026-04,국내자사몰,129600.0,,1
2026-04-20,2026-04,국내자사몰,119200.0,,1
2026-04-20,2026-04,해외자사몰,291160.0,200.8,2
2026-04-20,2026-04,해외자사몰,219820.0,151.6,1
2026-04-20,2026-04,해외자사몰,212497.50000000003,146.55,1
2026-04-20,2026-04,해외자사몰,272353.5,187.83,2
2026-04-20,2026-04,해외자사몰,219820.0,151.6,1
2026-04-20,2026-04,해외자사몰,259608.0,179.04,2
2026-04-20,2026-04,해외자사몰,219820.0,151.6,1
2026-04-20,2026-04,해외자사몰,202188.0,139.44,1
2026-04-20,2026-04,해외자사몰,203580.0,140.4,1
2026-04-20,2026-04,해외자사몰,219820.0,151.6,1
2026-04-20,2026-04,해외자사몰,219820.0,151.6,1
2026-04-20,2026-04,해외자사몰,272353.5,187.83,2
2026-04-20,2026-04,해외자사몰,288144.0,198.72,2
2026-04-20,2026-04,해외자사몰,388600.0,268.0,3
2026-04-20,2026-04,해외자사몰,307400.0,212.0,2
2026-04-20,2026-04,해외자사몰,303920.0,209.6,2
2026-04-20,2026-04,해외자사몰,146856.0,101.28,1
2026-04-20,2026-04,해외자사몰,187340.0,129.2,1
2026-04-20,2026-04,해외자사몰,219820.0,151.6,1
2026-04-20,2026-04,해외자사몰,171100.0,118.0,1
2026-04-20,2026-04,해외자사몰,219820.0,151.6,1
2026-04-20,2026-04,해외자사몰,203580.0,140.4,1
2026-04-20,2026-04,해외자사몰,339561.0,234.18,3
2026-04-20,2026-04,해외자사몰,352640.0,243.2,2
2026-04-20,2026-04,해외자사몰,219820.0,151.6,1
2026-04-20,2026-04,해외자사몰,146856.0,101.28,1
2026-04-20,2026-04,해외자사몰,187340.0,129.2,1
2026-04-20,2026-04,해외자사몰,219820.0,151.6,1
2026-04-21,2026-04,국내자사몰,24000.0,,1
2026-04-21,2026-04,국내자사몰,74900.0,,2
2026-04-21,2026-04,국내자사몰,116640.0,,1
2026-04-21,2026-04,국내자사몰,193100.0,,2
2026-04-21,2026-04,국내자사몰,119200.0,,1
2026-04-21,2026-04,국내자사몰,119200.0,,1
2026-04-21,2026-04,국내자사몰,114000.0,,2
2026-04-21,2026-04,국내자사몰,71730.0,,1
2026-04-21,2026-04,국내자사몰,71730.0,,1
2026-04-21,2026-04,국내자사몰,173790.0,,2
2026-04-21,2026-04,국내자사몰,54863.0,,1
2026-04-21,2026-04,국내자사몰,71730.0,,1
2026-04-21,2026-04,국내자사몰,109900.0,,1
2026-04-21,2026-04,국내자사몰,124800.0,,1
2026-04-21,2026-04,국내자사몰,71730.0,,1
2026-04-21,2026-04,국내자사몰,79700.0,,1
2026-04-21,2026-04,국내자사몰,126000.0,,1
2026-04-21,2026-04,국내자사몰,116640.0,,1
2026-04-21,2026-04,국내자사몰,113400.0,,1
2026-04-21,2026-04,국내자사몰,116240.0,,1
2026-04-21,2026-04,국내자사몰,119200.0,,1
2026-04-21,2026-04,국내자사몰,113240.0,,1
2026-04-21,2026-04,국내자사몰,129600.0,,1
2026-04-21,2026-04,국내자사몰,71730.0,,1
2026-04-21,2026-04,국내자사몰,113240.0,,1
2026-04-21,2026-04,국내자사몰,96390.0,,1
2026-04-21,2026-04,국내자사몰,52400.0,,1
2026-04-21,2026-04,국내자사몰,119200.0,,1
2026-04-21,2026-04,국내자사몰,129600.0,,1
2026-04-21,2026-04,국내자사몰,91621.0,,1
2026-04-21,2026-04,국내자사몰,67450.0,,1
2026-04-21,2026-04,해외자사몰,203580.0,140.4,1
2026-04-21,2026-04,해외자사몰,187340.0,129.2,1
2026-04-21,2026-04,해외자사몰,317376.0,218.88,2
2026-04-21,2026-04,해외자사몰,219820.0,151.6,1
2026-04-21,2026-04,해외자사몰,187340.0,129.2,1
2026-04-21,2026-04,해외자사몰,273528.0,188.64,2
2026-04-21,2026-04,해외자사몰,203580.0,140.4,1
2026-04-21,2026-04,해외자사몰,262044.0,180.72,2
2026-04-21,2026-04,해외자사몰,219820.0,151.6,1
2026-04-21,2026-04,해외자사몰,153120.0,105.6,1
2026-04-21,2026-04,해외자사몰,203580.0,140.4,1
2026-04-21,2026-04,해외자사몰,202188.0,139.44,1
2026-04-21,2026-04,해외자사몰,202188.0,139.44,1
2026-04-21,2026-04,해외자사몰,146856.0,101.28,1
2026-04-21,2026-04,해외자사몰,158340.0,109.2,1
2026-04-21,2026-04,해외자사몰,219820.0,151.6,1
2026-04-21,2026-04,해외자사몰,146856.0,101.28,1
2026-04-21,2026-04,해외자사몰,347855.0,239.9,2
2026-04-21,2026-04,해외자사몰,202188.0,139.44,1
2026-04-22,2026-04,국내자사몰,79700.0,,1
2026-04-22,2026-04,국내자사몰,119200.0,,1
2026-04-22,2026-04,국내자사몰,71730.0,,1
2026-04-22,2026-04,국내자사몰,24000.0,,1
2026-04-22,2026-04,국내자사몰,127443.0,,4
2026-04-22,2026-04,국내자사몰,158082.0,,2
2026-04-22,2026-04,국내자사몰,71730.0,,1
2026-04-22,2026-04,국내자사몰,71730.0,,1
2026-04-22,2026-04,국내자사몰,116242.0,,1
2026-04-22,2026-04,국내자사몰,55300.0,,2
2026-04-22,2026-04,국내자사몰,129600.0,,1
2026-04-22,2026-04,국내자사몰,80595.0,,1
2026-04-22,2026-04,국내자사몰,75715.0,,1
2026-04-22,2026-04,국내자사몰,126000.0,,1
2026-04-22,2026-04,국내자사몰,80100.0,,1
2026-04-22,2026-04,국내자사몰,119200.0,,1
2026-04-22,2026-04,국내자사몰,71730.0,,1
2026-04-22,2026-04,국내자사몰,124800.0,,1
2026-04-22,2026-04,국내자사몰,84150.0,,2
2026-04-22,2026-04,국내자사몰,79700.0,,1
2026-04-22,2026-04,국내자사몰,88112.0,,1
2026-04-22,2026-04,국내자사몰,121301.0,,1
2026-04-22,2026-04,국내자사몰,119200.0,,1
2026-04-22,2026-04,국내자사몰,173790.0,,2
2026-04-22,2026-04,국내자사몰,75715.0,,1
2026-04-22,2026-04,국내자사몰,129600.0,,1
2026-04-22,2026-04,국내자사몰,32000.0,,1
2026-04-22,2026-04,국내자사몰,79700.0,,1
2026-04-22,2026-04,국내자사몰,113400.0,,1
2026-04-22,2026-04,국내자사몰,119200.0,,1
2026-04-22,2026-04,국내자사몰,80100.0,,1
2026-04-22,2026-04,국내자사몰,24000.0,,1
2026-04-22,2026-04,국내자사몰,102060.0,,1
2026-04-22,2026-04,국내자사몰,124800.0,,1
2026-04-22,2026-04,국내자사몰,116640.0,,1
2026-04-22,2026-04,국내자사몰,165800.0,,2
2026-04-22,2026-04,국내자사몰,79700.0,,1
2026-04-22,2026-04,국내자사몰,103140.0,,1
2026-04-22,2026-04,국내자사몰,73777.0,,1
2026-04-22,2026-04,국내자사몰,102060.0,,1
2026-04-22,2026-04,해외자사몰,202188.0,139.44,1
2026-04-22,2026-04,해외자사몰,146856.0,101.28,1
2026-04-22,2026-04,해외자사몰,202188.0,139.44,1
2026-04-22,2026-04,해외자사몰,212497.50000000003,146.55,1
2026-04-22,2026-04,해외자사몰,203580.0,140.4,1
2026-04-22,2026-04,해외자사몰,187340.0,129.2,1
2026-04-22,2026-04,해외자사몰,202188.0,139.44,1
2026-04-22,2026-04,해외자사몰,212497.50000000003,146.55,1
2026-04-22,2026-04,해외자사몰,203580.0,140.4,1
2026-04-22,2026-04,해외자사몰,202188.0,139.44,1
2026-04-22,2026-04,해외자사몰,336690.0,232.2,3
2026-04-22,2026-04,해외자사몰,171100.0,118.0,1
2026-04-22,2026-04,해외자사몰,146856.0,101.28,1
2026-04-22,2026-04,해외자사몰,303920.0,209.6,2
2026-04-22,2026-04,해외자사몰,187340.0,129.2,1
2026-04-22,2026-04,해외자사몰,202188.0,139.44,1
2026-04-22,2026-04,해외자사몰,331180.0,228.4,4
2026-04-23,2026-04,국내자사몰,71730.0,,1
2026-04-23,2026-04,국내자사몰,116640.0,,1
2026-04-23,2026-04,국내자사몰,102600.0,,1
2026-04-23,2026-04,국내자사몰,97200.0,,1
2026-04-23,2026-04,국내자사몰,108000.0,,1
2026-04-23,2026-04,국내자사몰,66000.0,,1
2026-04-23,2026-04,국내자사몰,45250.0,,1
2026-04-23,2026-04,국내자사몰,129600.0,,1
2026-04-23,2026-04,국내자사몰,89775.0,,1
2026-04-23,2026-04,국내자사몰,129600.0,,1
2026-04-23,2026-04,국내자사몰,75715.0,,1
2026-04-23,2026-04,국내자사몰,124800.0,,1
2026-04-23,2026-04,국내자사몰,71730.0,,1
2026-04-23,2026-04,국내자사몰,24000.0,,1
2026-04-23,2026-04,국내자사몰,79700.0,,1
2026-04-23,2026-04,국내자사몰,129600.0,,1
2026-04-23,2026-04,국내자사몰,80100.0,,1
2026-04-23,2026-04,국내자사몰,119200.0,,1
2026-04-23,2026-04,국내자사몰,119200.0,,1
2026-04-23,2026-04,국내자사몰,79700.0,,1
2026-04-23,2026-04,국내자사몰,62835.0,,1
2026-04-23,2026-04,국내자사몰,56000.0,,1
2026-04-23,2026-04,국내자사몰,109274.0,,1
2026-04-23,2026-04,국내자사몰,103140.0,,1
2026-04-23,2026-04,국내자사몰,37300.0,,1
2026-04-23,2026-04,국내자사몰,84000.0,,2
2026-04-23,2026-04,국내자사몰,113400.0,,1
2026-04-23,2026-04,국내자사몰,113400.0,,1
2026-04-23,2026-04,국내자사몰,119200.0,,1
2026-04-23,2026-04,국내자사몰,79700.0,,1
2026-04-23,2026-04,국내자사몰,100000.0,,1
2026-04-23,2026-04,국내자사몰,71730.0,,1
2026-04-23,2026-04,국내자사몰,71730.0,,1
2026-04-23,2026-04,국내자사몰,113240.0,,1
2026-04-23,2026-04,국내자사몰,135700.0,,2
2026-04-23,2026-04,국내자사몰,126101.0,,1
2026-04-23,2026-04,국내자사몰,83000.0,,1
2026-04-23,2026-04,해외자사몰,190820.0,131.6,1
2026-04-23,2026-04,해외자사몰,464232.00000000006,320.16,3
2026-04-23,2026-04,해외자사몰,203580.0,140.4,1
2026-04-23,2026-04,해외자사몰,256476.0,176.88,2
2026-04-23,2026-04,해외자사몰,365400.0,252.0,3
2026-04-23,2026-04,해외자사몰,190820.0,131.6,1
2026-04-23,2026-04,해외자사몰,212497.50000000003,146.55,1
2026-04-23,2026-04,해외자사몰,212497.50000000003,146.55,1
2026-04-23,2026-04,해외자사몰,168780.0,116.4,1
2026-04-23,2026-04,해외자사몰,219820.0,151.6,1
2026-04-23,2026-04,해외자사몰,203580.0,140.4,1
2026-04-23,2026-04,해외자사몰,212497.50000000003,146.55,1
2026-04-23,2026-04,해외자사몰,219820.0,151.6,1
2026-04-23,2026-04,해외자사몰,219820.0,151.6,1
2026-04-23,2026-04,해외자사몰,211700.0,146.0,1
2026-04-23,2026-04,해외자사몰,202188.0,139.44,1
2026-04-23,2026-04,해외자사몰,219820.0,151.6,1
2026-04-23,2026-04,해외자사몰,146856.0,101.28,1
2026-04-23,2026-04,해외자사몰,219820.0,151.6,1
2026-04-23,2026-04,해외자사몰,146856.0,101.28,1
2026-04-23,2026-04,해외자사몰,202188.0,139.44,1
2026-04-23,2026-04,해외자사몰,203580.0,140.4,1
2026-04-23,2026-04,해외자사몰,219820.0,151.6,1
2026-04-23,2026-04,해외자사몰,231275.0,159.5,1
2026-04-23,2026-04,해외자사몰,219820.0,151.6,1
2026-04-24,2026-04,국내자사몰,186667.0,,2
2026-04-24,2026-04,국내자사몰,119200.0,,1
2026-04-24,2026-04,국내자사몰,113400.0,,1
2026-04-24,2026-04,국내자사몰,75715.0,,1
2026-04-24,2026-04,국내자사몰,79700.0,,1
2026-04-24,2026-04,국내자사몰,49930.0,,1
2026-04-24,2026-04,국내자사몰,113240.0,,1
2026-04-24,2026-04,국내자사몰,71730.0,,1
2026-04-24,2026-04,국내자사몰,37300.0,,1
2026-04-24,2026-04,국내자사몰,94390.0,,1
2026-04-24,2026-04,국내자사몰,195249.0,,2
2026-04-24,2026-04,국내자사몰,119200.0,,1
2026-04-24,2026-04,국내자사몰,67745.0,,1
2026-04-24,2026-04,국내자사몰,119700.0,,1
2026-04-24,2026-04,국내자사몰,119200.0,,1
2026-04-24,2026-04,국내자사몰,116640.0,,1
2026-04-24,2026-04,국내자사몰,119200.0,,1
2026-04-24,2026-04,국내자사몰,102060.0,,1
2026-04-24,2026-04,국내자사몰,79700.0,,1
2026-04-24,2026-04,국내자사몰,188370.0,,2
2026-04-24,2026-04,국내자사몰,71730.0,,1
2026-04-24,2026-04,국내자사몰,120912.0,,1
2026-04-24,2026-04,국내자사몰,182750.0,,2
2026-04-24,2026-04,국내자사몰,28935.0,,1
2026-04-24,2026-04,국내자사몰,46740.0,,1
2026-04-24,2026-04,국내자사몰,71730.0,,1
2026-04-24,2026-04,국내자사몰,119200.0,,1
2026-04-24,2026-04,국내자사몰,71730.0,,1
2026-04-24,2026-04,국내자사몰,79700.0,,1
2026-04-24,2026-04,국내자사몰,71730.0,,1
2026-04-24,2026-04,국내자사몰,79700.0,,1
2026-04-24,2026-04,국내자사몰,24000.0,,1
2026-04-24,2026-04,국내자사몰,129600.0,,1
2026-04-24,2026-04,국내자사몰,102060.0,,1
2026-04-24,2026-04,국내자사몰,56000.0,,1
2026-04-24,2026-04,국내자사몰,129600.0,,1
2026-04-24,2026-04,국내자사몰,119200.0,,1
2026-04-24,2026-04,국내자사몰,37300.0,,1
2026-04-24,2026-04,해외자사몰,219820.0,151.6,1
2026-04-24,2026-04,해외자사몰,203580.0,140.4,1
2026-04-24,2026-04,해외자사몰,219820.0,151.6,1
2026-04-24,2026-04,해외자사몰,181250.0,125.0,2
2026-04-24,2026-04,해외자사몰,190820.0,131.6,1
2026-04-24,2026-04,해외자사몰,273528.0,188.64,2
2026-04-24,2026-04,해외자사몰,202188.0,139.44,1
2026-04-24,2026-04,해외자사몰,146856.0,101.28,1
2026-04-24,2026-04,해외자사몰,344520.0,237.6,2
2026-04-24,2026-04,해외자사몰,203580.0,140.4,1
2026-04-24,2026-04,해외자사몰,219820.0,151.6,1
2026-04-24,2026-04,해외자사몰,211700.0,146.0,1
2026-04-24,2026-04,해외자사몰,211700.0,146.0,1
2026-04-24,2026-04,해외자사몰,336429.0,232.02,3
2026-04-24,2026-04,해외자사몰,202188.0,139.44,1
2026-04-24,2026-04,해외자사몰,202188.0,139.44,1
2026-04-24,2026-04,해외자사몰,219820.0,151.6,1
2026-04-24,2026-04,해외자사몰,202188.0,139.44,1
2026-04-24,2026-04,해외자사몰,295365.0,203.7,3
2026-04-24,2026-04,해외자사몰,158340.0,109.2,1
2026-04-24,2026-04,해외자사몰,203580.0,140.4,1
2026-04-24,2026-04,해외자사몰,203580.0,140.4,1
2026-04-24,2026-04,해외자사몰,212497.50000000003,146.55,1
2026-04-24,2026-04,해외자사몰,256070.0,176.6,1
2026-04-24,2026-04,해외자사몰,202188.0,139.44,1
2026-04-24,2026-04,해외자사몰,158340.0,109.2,1
2026-04-24,2026-04,해외자사몰,158340.0,109.2,1
2026-04-24,2026-04,해외자사몰,203580.0,140.4,1
2026-04-24,2026-04,해외자사몰,158340.0,109.2,1
2026-04-24,2026-04,해외자사몰,202188.0,139.44,1
2026-04-24,2026-04,해외자사몰,202188.0,139.44,1
2026-04-24,2026-04,해외자사몰,318159.0,219.42,4
2026-04-24,2026-04,해외자사몰,202188.0,139.44,1
2026-04-25,2026-04,국내자사몰,117686.0,,1
2026-04-25,2026-04,국내자사몰,71730.0,,1
2026-04-25,2026-04,국내자사몰,71730.0,,1
2026-04-25,2026-04,국내자사몰,220000.0,,3
2026-04-25,2026-04,국내자사몰,119200.0,,1
2026-04-25,2026-04,국내자사몰,52400.0,,1
2026-04-25,2026-04,국내자사몰,136097.0,,3
2026-04-25,2026-04,국내자사몰,79700.0,,1
2026-04-25,2026-04,국내자사몰,93168.0,,1
2026-04-25,2026-04,국내자사몰,119200.0,,1
2026-04-25,2026-04,국내자사몰,79700.0,,1
2026-04-25,2026-04,국내자사몰,119200.0,,1
2026-04-25,2026-04,국내자사몰,101925.0,,1
2026-04-25,2026-04,국내자사몰,71730.0,,1
2026-04-25,2026-04,국내자사몰,119200.0,,1
2026-04-25,2026-04,국내자사몰,71730.0,,1
2026-04-25,2026-04,국내자사몰,52400.0,,1
2026-04-25,2026-04,국내자사몰,43500.0,,1
2026-04-25,2026-04,국내자사몰,59400.0,,1
2026-04-25,2026-04,국내자사몰,52400.0,,1
2026-04-25,2026-04,국내자사몰,115701.0,,1
2026-04-25,2026-04,국내자사몰,116640.0,,1
2026-04-25,2026-04,국내자사몰,113400.0,,1
2026-04-25,2026-04,국내자사몰,46740.0,,1
2026-04-25,2026-04,국내자사몰,75715.0,,1
2026-04-25,2026-04,국내자사몰,52990.0,,1
2026-04-25,2026-04,해외자사몰,203580.0,140.4,1
2026-04-25,2026-04,해외자사몰,219820.0,151.6,1
2026-04-25,2026-04,해외자사몰,219820.0,151.6,1
2026-04-25,2026-04,해외자사몰,219820.0,151.6,1
2026-04-25,2026-04,해외자사몰,187340.0,129.2,1
2026-04-25,2026-04,해외자사몰,283837.5,195.75,2
2026-04-25,2026-04,해외자사몰,219820.0,151.6,1
2026-04-25,2026-04,해외자사몰,425169.00000000006,293.22,4
2026-04-25,2026-04,해외자사몰,187340.0,129.2,1
2026-04-25,2026-04,해외자사몰,336400.0,232.0,2
2026-04-25,2026-04,해외자사몰,219820.0,151.6,1
2026-04-25,2026-04,해외자사몰,331180.0,228.4,2
2026-04-25,2026-04,해외자사몰,219820.0,151.6,1
2026-04-25,2026-04,해외자사몰,200129.00000000003,138.02,1
2026-04-25,2026-04,해외자사몰,202188.0,139.44,1
2026-04-25,2026-04,해외자사몰,231275.0,159.5,1
2026-04-25,2026-04,해외자사몰,219820.0,151.6,1
2026-04-25,2026-04,해외자사몰,219820.0,151.6,1
2026-04-25,2026-04,해외자사몰,280183.5,193.23,3
2026-04-25,2026-04,해외자사몰,231275.0,159.5,1
2026-04-25,2026-04,해외자사몰,201840.0,139.2,1
2026-04-25,2026-04,해외자사몰,219820.0,151.6,1
2026-04-25,2026-04,해외자사몰,219820.0,151.6,1
2026-04-25,2026-04,해외자사몰,203580.0,140.4,1
2026-04-25,2026-04,해외자사몰,202188.0,139.44,1
2026-04-26,2026-04,국내자사몰,110160.0,,1
2026-04-26,2026-04,국내자사몰,79700.0,,1
2026-04-26,2026-04,국내자사몰,119200.0,,1
2026-04-26,2026-04,국내자사몰,113400.0,,1
2026-04-26,2026-04,국내자사몰,102060.0,,1
2026-04-26,2026-04,국내자사몰,113400.0,,1
2026-04-26,2026-04,국내자사몰,59400.0,,1
2026-04-26,2026-04,국내자사몰,124800.0,,1
2026-04-26,2026-04,국내자사몰,71730.0,,1
2026-04-26,2026-04,국내자사몰,126000.0,,1
2026-04-26,2026-04,국내자사몰,52400.0,,1
2026-04-26,2026-04,국내자사몰,119200.0,,1
2026-04-26,2026-04,국내자사몰,102060.0,,1
2026-04-26,2026-04,국내자사몰,126000.0,,1
2026-04-26,2026-04,국내자사몰,111056.0,,1
2026-04-26,2026-04,국내자사몰,116640.0,,1
2026-04-26,2026-04,국내자사몰,79700.0,,1
2026-04-26,2026-04,국내자사몰,129600.0,,1
2026-04-26,2026-04,국내자사몰,78850.0,,1
2026-04-26,2026-04,국내자사몰,79700.0,,1
2026-04-26,2026-04,국내자사몰,53200.0,,1
2026-04-26,2026-04,국내자사몰,71730.0,,1
2026-04-26,2026-04,국내자사몰,116640.0,,1
2026-04-26,2026-04,국내자사몰,46740.0,,1
2026-04-26,2026-04,국내자사몰,118560.0,,1
2026-04-26,2026-04,국내자사몰,41950.0,,1
2026-04-26,2026-04,해외자사몰,146856.0,101.28,1
2026-04-26,2026-04,해외자사몰,307400.0,212.0,2
2026-04-26,2026-04,해외자사몰,203580.0,140.4,1
2026-04-26,2026-04,해외자사몰,146856.0,101.28,1
2026-04-26,2026-04,해외자사몰,202188.0,139.44,1
2026-04-26,2026-04,해외자사몰,203580.0,140.4,1
2026-04-26,2026-04,해외자사몰,273528.0,188.64,2
2026-04-26,2026-04,해외자사몰,367720.0,253.6,3
2026-04-26,2026-04,해외자사몰,202188.0,139.44,1
2026-04-26,2026-04,해외자사몰,146856.0,101.28,1
2026-04-26,2026-04,해외자사몰,202188.0,139.44,1
2026-04-26,2026-04,해외자사몰,331615.0,228.7,2
2026-04-26,2026-04,해외자사몰,317376.0,218.88,2
2026-04-26,2026-04,해외자사몰,202188.0,139.44,1
2026-04-26,2026-04,해외자사몰,219820.0,151.6,1
2026-04-26,2026-04,해외자사몰,231275.0,159.5,1
2026-04-26,2026-04,해외자사몰,202188.0,139.44,1
2026-04-26,2026-04,해외자사몰,402520.00000000006,277.6,3
2026-04-26,2026-04,해외자사몰,158340.0,109.2,1
2026-04-26,2026-04,해외자사몰,344520.0,237.6,2
2026-04-26,2026-04,해외자사몰,146856.0,101.28,1
2026-04-26,2026-04,해외자사몰,291160.0,200.8,2
2026-04-26,2026-04,해외자사몰,203580.0,140.4,1
2026-04-26,2026-04,해외자사몰,202188.0,139.44,1
2026-04-26,2026-04,해외자사몰,219820.0,151.6,1
2026-04-26,2026-04,해외자사몰,202188.0,139.44,1
2026-04-26,2026-04,해외자사몰,158340.0,109.2,1
2026-04-26,2026-04,해외자사몰,317376.0,218.88,2
2026-04-26,2026-04,해외자사몰,291160.0,200.8,2
2026-04-26,2026-04,해외자사몰,158340.0,109.2,1
2026-04-27,2026-04,국내자사몰,321640.0,,3
2026-04-27,2026-04,국내자사몰,116640.0,,1
2026-04-27,2026-04,국내자사몰,71730.0,,1
2026-04-27,2026-04,국내자사몰,129600.0,,1
2026-04-27,2026-04,국내자사몰,119200.0,,1
2026-04-27,2026-04,국내자사몰,116183.0,,1
2026-04-27,2026-04,국내자사몰,103508.0,,1
2026-04-27,2026-04,국내자사몰,47795.0,,1
2026-04-27,2026-04,국내자사몰,119200.0,,1
2026-04-27,2026-04,국내자사몰,41950.0,,1
2026-04-27,2026-04,국내자사몰,66000.0,,1
2026-04-27,2026-04,국내자사몰,113240.0,,1
2026-04-27,2026-04,국내자사몰,75373.0,,1
2026-04-27,2026-04,국내자사몰,82485.0,,2
2026-04-27,2026-04,국내자사몰,43000.0,,2
2026-04-27,2026-04,국내자사몰,71730.0,,1
2026-04-27,2026-04,국내자사몰,116640.0,,1
2026-04-27,2026-04,국내자사몰,116640.0,,1
2026-04-27,2026-04,국내자사몰,79700.0,,1
2026-04-27,2026-04,국내자사몰,116640.0,,1
2026-04-27,2026-04,국내자사몰,119713.0,,1
2026-04-27,2026-04,국내자사몰,154801.0,,3
2026-04-27,2026-04,국내자사몰,655880.0,,7
2026-04-27,2026-04,국내자사몰,82835.0,,2
2026-04-27,2026-04,국내자사몰,71924.0,,1
2026-04-27,2026-04,국내자사몰,66000.0,,1
2026-04-27,2026-04,국내자사몰,79700.0,,1
2026-04-27,2026-04,국내자사몰,59400.0,,1
2026-04-27,2026-04,국내자사몰,65898.0,,1
2026-04-27,2026-04,해외자사몰,190820.0,131.6,1
2026-04-27,2026-04,해외자사몰,146856.0,101.28,1
2026-04-27,2026-04,해외자사몰,211700.0,146.0,1
2026-04-27,2026-04,해외자사몰,283968.0,195.84,2
2026-04-27,2026-04,해외자사몰,219820.0,151.6,1
2026-04-27,2026-04,해외자사몰,219820.0,151.6,1
2026-04-27,2026-04,해외자사몰,203580.0,140.4,1
2026-04-27,2026-04,해외자사몰,158340.0,109.2,1
2026-04-27,2026-04,해외자사몰,203580.0,140.4,1
2026-04-27,2026-04,해외자사몰,211700.0,146.0,1
2026-04-27,2026-04,해외자사몰,272353.5,187.83,2
2026-04-27,2026-04,해외자사몰,273528.0,188.64,2
2026-04-27,2026-04,해외자사몰,219820.0,151.6,1
2026-04-27,2026-04,해외자사몰,158340.0,109.2,1
2026-04-27,2026-04,해외자사몰,158340.0,109.2,1
2026-04-27,2026-04,해외자사몰,190820.0,131.6,1
2026-04-27,2026-04,해외자사몰,202188.0,139.44,1
2026-04-27,2026-04,해외자사몰,291276.0,200.88,2
2026-04-27,2026-04,해외자사몰,219820.0,151.6,1
2026-04-27,2026-04,해외자사몰,219820.0,151.6,1
2026-04-27,2026-04,해외자사몰,262044.0,180.72,2
2026-04-27,2026-04,해외자사몰,302760.0,208.8,2
2026-04-27,2026-04,해외자사몰,203580.0,140.4,1
2026-04-27,2026-04,해외자사몰,219820.0,151.6,1
2026-04-27,2026-04,해외자사몰,273528.0,188.64,2
2026-04-27,2026-04,해외자사몰,212497.50000000003,146.55,1
2026-04-27,2026-04,해외자사몰,146856.0,101.28,1
2026-04-27,2026-04,해외자사몰,314795.0,217.1,3
2026-04-27,2026-04,해외자사몰,212497.50000000003,146.55,1
2026-04-28,2026-04,국내자사몰,220000.0,,3
2026-04-28,2026-04,국내자사몰,113400.0,,1
2026-04-28,2026-04,국내자사몰,44000.0,,1
2026-04-28,2026-04,국내자사몰,113054.0,,1
2026-04-28,2026-04,국내자사몰,129600.0,,1
2026-04-28,2026-04,국내자사몰,113400.0,,1
2026-04-28,2026-04,국내자사몰,71730.0,,1
2026-04-28,2026-04,국내자사몰,113400.0,,1
2026-04-28,2026-04,국내자사몰,40179.0,,1
2026-04-28,2026-04,국내자사몰,116640.0,,1
2026-04-28,2026-04,국내자사몰,71730.0,,1
2026-04-28,2026-04,국내자사몰,102060.0,,1
2026-04-28,2026-04,국내자사몰,119200.0,,1
2026-04-28,2026-04,국내자사몰,79700.0,,1
2026-04-28,2026-04,국내자사몰,116640.0,,1
2026-04-28,2026-04,국내자사몰,89700.0,,1
2026-04-28,2026-04,국내자사몰,118560.0,,1
2026-04-28,2026-04,국내자사몰,44000.0,,1
2026-04-28,2026-04,국내자사몰,129000.0,,1
2026-04-28,2026-04,국내자사몰,113400.0,,1
2026-04-28,2026-04,국내자사몰,119200.0,,1
2026-04-28,2026-04,국내자사몰,91106.0,,1
2026-04-28,2026-04,국내자사몰,102600.0,,1
2026-04-28,2026-04,국내자사몰,71730.0,,1
2026-04-28,2026-04,국내자사몰,102060.0,,1
2026-04-28,2026-04,국내자사몰,129600.0,,1
2026-04-28,2026-04,국내자사몰,119200.0,,1
2026-04-28,2026-04,국내자사몰,101448.0,,1
2026-04-28,2026-04,해외자사몰,646410.0,445.8,7
2026-04-28,2026-04,해외자사몰,202188.0,139.44,1
2026-04-28,2026-04,해외자사몰,203580.0,140.4,1
2026-04-28,2026-04,해외자사몰,231275.0,159.5,1
2026-04-28,2026-04,해외자사몰,283837.5,195.75,2
2026-04-28,2026-04,해외자사몰,548970.0,378.6,3
2026-04-28,2026-04,해외자사몰,187340.0,129.2,1
2026-04-28,2026-04,해외자사몰,301310.0,207.8,3
2026-04-28,2026-04,해외자사몰,219820.0,151.6,1
2026-04-28,2026-04,해외자사몰,202188.0,139.44,1
2026-04-28,2026-04,해외자사몰,273528.0,188.64,2
2026-04-28,2026-04,해외자사몰,352640.0,243.2,2
2026-04-28,2026-04,해외자사몰,219820.0,151.6,1
2026-04-28,2026-04,해외자사몰,158340.0,109.2,1
2026-04-28,2026-04,해외자사몰,202188.0,139.44,1
2026-04-28,2026-04,해외자사몰,317376.0,218.88,2
2026-04-28,2026-04,해외자사몰,172956.0,119.28,1
2026-04-28,2026-04,해외자사몰,202188.0,139.44,1
2026-04-28,2026-04,해외자사몰,219820.0,151.6,1
2026-04-28,2026-04,해외자사몰,231275.0,159.5,1
2026-04-28,2026-04,해외자사몰,302760.0,208.8,2
2026-04-28,2026-04,해외자사몰,146856.0,101.28,1
2026-04-28,2026-04,해외자사몰,231275.0,159.5,1
2026-04-28,2026-04,해외자사몰,219820.0,151.6,1
2026-04-28,2026-04,해외자사몰,187572.00000000003,129.36,1
2026-04-28,2026-04,해외자사몰,158340.0,109.2,1
2026-04-28,2026-04,해외자사몰,219820.0,151.6,1
2026-04-28,2026-04,해외자사몰,187340.0,129.2,1
